date,market,symbol,name
2025-09-18,sh,000001,上证指数
2025-09-18,sh,000002,Ａ股指数
2025-09-18,sh,000003,Ｂ股指数
2025-09-18,sh,000004,工业指数
2025-09-18,sh,000005,商业指数
2025-09-18,sh,000006,地产指数
2025-09-18,sh,000007,公用指数
2025-09-18,sh,000008,综合指数
2025-09-18,sh,000009,上证380
2025-09-18,sh,000010,上证180
2025-09-18,sh,000011,基金指数
2025-09-18,sh,000012,国债指数
2025-09-18,sh,000013,企债指数
2025-09-18,sh,000015,红利指数
2025-09-18,sh,000016,上证50
2025-09-18,sh,000017,新综指
2025-09-18,sh,000018,180金融
2025-09-18,sh,000019,治理指数
2025-09-18,sh,000020,中型综指
2025-09-18,sh,000021,180治理
2025-09-18,sh,000022,沪公司债
2025-09-18,sh,000025,180基建
2025-09-18,sh,000026,180资源
2025-09-18,sh,000027,180运输
2025-09-18,sh,000028,180成长
2025-09-18,sh,000029,180价值
2025-09-18,sh,000030,180R成长
2025-09-18,sh,000031,180R价值
2025-09-18,sh,000032,上证能源
2025-09-18,sh,000033,上证材料
2025-09-18,sh,000034,上证工业
2025-09-18,sh,000035,上证可选
2025-09-18,sh,000036,上证消费
2025-09-18,sh,000037,上证医药
2025-09-18,sh,000038,上证金融
2025-09-18,sh,000039,上证信息
2025-09-18,sh,000040,上证电信
2025-09-18,sh,000041,上证公用
2025-09-18,sh,000042,上证央企
2025-09-18,sh,000043,超大盘
2025-09-18,sh,000044,上证中盘
2025-09-18,sh,000045,上证小盘
2025-09-18,sh,000046,上证中小
2025-09-18,sh,000047,上证全指
2025-09-18,sh,000048,责任指数
2025-09-18,sh,000049,上证民企
2025-09-18,sh,000050,50等权
2025-09-18,sh,000051,180等权
2025-09-18,sh,000052,50基本
2025-09-18,sh,000053,180基本
2025-09-18,sh,000054,上证海外
2025-09-18,sh,000055,上证地企
2025-09-18,sh,000056,上证国企
2025-09-18,sh,000057,全指成长
2025-09-18,sh,000058,全指价值
2025-09-18,sh,000059,全R成长
2025-09-18,sh,000060,全R价值
2025-09-18,sh,000061,沪企债30
2025-09-18,sh,000062,上证沪企
2025-09-18,sh,000063,上证周期
2025-09-18,sh,000064,非周期
2025-09-18,sh,000065,上证龙头
2025-09-18,sh,000066,上证商品
2025-09-18,sh,000067,上证新兴
2025-09-18,sh,000068,上证资源
2025-09-18,sh,000069,消费80
2025-09-18,sh,000070,能源等权
2025-09-18,sh,000071,材料等权
2025-09-18,sh,000072,工业等权
2025-09-18,sh,000073,可选等权
2025-09-18,sh,000074,消费等权
2025-09-18,sh,000075,医药等权
2025-09-18,sh,000076,金融等权
2025-09-18,sh,000077,信息等权
2025-09-18,sh,000078,电信等权
2025-09-18,sh,000079,公用等权
2025-09-18,sh,000090,上证流通
2025-09-18,sh,000091,沪财中小
2025-09-18,sh,000092,资源50
2025-09-18,sh,000093,180分层
2025-09-18,sh,000094,上证上游
2025-09-18,sh,000095,上证中游
2025-09-18,sh,000096,上证下游
2025-09-18,sh,000097,高端装备
2025-09-18,sh,000098,上证F200
2025-09-18,sh,000099,上证F300
2025-09-18,sh,000100,上证F500
2025-09-18,sh,000101,5年信用
2025-09-18,sh,000102,沪投资品
2025-09-18,sh,000103,沪消费品
2025-09-18,sh,000104,380能源
2025-09-18,sh,000105,380材料
2025-09-18,sh,000106,380工业
2025-09-18,sh,000107,380可选
2025-09-18,sh,000108,380消费
2025-09-18,sh,000109,380医药
2025-09-18,sh,000110,380金融
2025-09-18,sh,000111,380信息
2025-09-18,sh,000112,380电信
2025-09-18,sh,000113,380公用
2025-09-18,sh,000114,持续产业
2025-09-18,sh,000115,380等权
2025-09-18,sh,000116,信用100
2025-09-18,sh,000117,380成长
2025-09-18,sh,000118,380价值
2025-09-18,sh,000119,380R成长
2025-09-18,sh,000120,380R价值
2025-09-18,sh,000121,医药主题
2025-09-18,sh,000122,农业主题
2025-09-18,sh,000123,180动态
2025-09-18,sh,000125,180稳定
2025-09-18,sh,000126,消费50
2025-09-18,sh,000128,380基本
2025-09-18,sh,000129,180波动
2025-09-18,sh,000130,380波动
2025-09-18,sh,000131,上证高新
2025-09-18,sh,000132,上证100
2025-09-18,sh,000133,上证150
2025-09-18,sh,000134,上证银行
2025-09-18,sh,000135,180高贝
2025-09-18,sh,000136,180低贝
2025-09-18,sh,000137,380高贝
2025-09-18,sh,000138,380低贝
2025-09-18,sh,000139,上证转债
2025-09-18,sh,000141,380动态
2025-09-18,sh,000142,380稳定
2025-09-18,sh,000145,优势资源
2025-09-18,sh,000146,优势制造
2025-09-18,sh,000147,优势消费
2025-09-18,sh,000148,消费领先
2025-09-18,sh,000149,180红利
2025-09-18,sh,000150,380红利
2025-09-18,sh,000151,上国红利
2025-09-18,sh,000152,上央红利
2025-09-18,sh,000153,上民红利
2025-09-18,sh,000155,市值百强
2025-09-18,sh,000158,上证环保
2025-09-18,sh,000159,沪股通
2025-09-18,sh,000160,沪新丝路
2025-09-18,sh,000161,沪中国造
2025-09-18,sh,000162,沪互联+
2025-09-18,sh,000170,50AH优选
2025-09-18,sh,000171,新兴成指
2025-09-18,sh,000300,沪深300
2025-09-18,sh,000510,中证A500
2025-09-18,sh,000680,科创综指
2025-09-18,sh,000681,科创价格
2025-09-18,sh,000682,科创信息
2025-09-18,sh,000683,科创生物
2025-09-18,sh,000685,科创芯片
2025-09-18,sh,000687,科创高装
2025-09-18,sh,000688,科创50
2025-09-18,sh,000689,科创材料
2025-09-18,sh,000690,科创成长
2025-09-18,sh,000691,科创ESG
2025-09-18,sh,000692,科创新能
2025-09-18,sh,000693,科创机械
2025-09-18,sh,000695,科长三角
2025-09-18,sh,000697,科大湾区
2025-09-18,sh,000698,科创100
2025-09-18,sh,000699,科创200
2025-09-18,sh,000802,500沪市
2025-09-18,sh,000805,A股资源
2025-09-18,sh,000806,消费服务
2025-09-18,sh,000807,食品饮料
2025-09-18,sh,000808,医药生物
2025-09-18,sh,000811,细分有色
2025-09-18,sh,000812,细分机械
2025-09-18,sh,000813,细分化工
2025-09-18,sh,000814,细分医药
2025-09-18,sh,000815,细分食品
2025-09-18,sh,000819,有色金属
2025-09-18,sh,000820,煤炭指数
2025-09-18,sh,000821,300红利
2025-09-18,sh,000823,800有色
2025-09-18,sh,000824,国企红利
2025-09-18,sh,000825,央企红利
2025-09-18,sh,000827,中证环保
2025-09-18,sh,000828,300高贝
2025-09-18,sh,000832,中证转债
2025-09-18,sh,000841,800医药
2025-09-18,sh,000846,ESG 100
2025-09-18,sh,000847,腾讯济安
2025-09-18,sh,000849,300非银
2025-09-18,sh,000851,百发100
2025-09-18,sh,000852,中证1000
2025-09-18,sh,000853,CSSW丝路
2025-09-18,sh,000854,500原料
2025-09-18,sh,000855,央视500
2025-09-18,sh,000856,500工业
2025-09-18,sh,000857,500医药
2025-09-18,sh,000858,500信息
2025-09-18,csi,000859,国企一带一路
2025-09-18,sh,000860,结构调整
2025-09-18,csi,000861,央企创新
2025-09-18,sh,000863,CS精准医
2025-09-18,sh,000865,上海国企
2025-09-18,sh,000867,港中小企
2025-09-18,sh,000869,HK银行
2025-09-18,sh,000888,上证综合全收益
2025-09-18,sh,000891,新兴综指
2025-09-18,sh,000901,小康指数
2025-09-18,sh,000902,中证流通
2025-09-18,sh,000903,中证A100
2025-09-18,sh,000904,中证200
2025-09-18,sh,000905,中证500
2025-09-18,sh,000906,中证800
2025-09-18,sh,000907,中证700
2025-09-18,sh,000908,300能源
2025-09-18,sh,000909,300材料
2025-09-18,sh,000910,300工业
2025-09-18,sh,000911,300可选
2025-09-18,sh,000912,300消费
2025-09-18,sh,000913,300医药
2025-09-18,sh,000914,300金融
2025-09-18,sh,000915,300信息
2025-09-18,sh,000916,300通信
2025-09-18,sh,000917,300公用
2025-09-18,sh,000918,300成长
2025-09-18,sh,000919,300价值
2025-09-18,sh,000922,中证红利
2025-09-18,sh,000923,公司债指
2025-09-18,sh,000925,基本面50
2025-09-18,sh,000926,中证央企
2025-09-18,sh,000927,央企100
2025-09-18,sh,000928,中证能源
2025-09-18,sh,000929,800材料
2025-09-18,sh,000930,800工业
2025-09-18,sh,000931,800可选
2025-09-18,sh,000932,中证消费
2025-09-18,sh,000933,中证医药
2025-09-18,sh,000934,中证金融
2025-09-18,sh,000935,中证信息
2025-09-18,sh,000936,800通信
2025-09-18,sh,000937,800公用
2025-09-18,sh,000941,新能源
2025-09-18,sh,000942,内地消费
2025-09-18,sh,000944,内地资源
2025-09-18,sh,000945,内地运输
2025-09-18,sh,000948,内地地产
2025-09-18,sh,000949,中证农业
2025-09-18,sh,000952,300地产
2025-09-18,sh,000959,银河99
2025-09-18,sh,000961,中证上游
2025-09-18,sh,000964,中证新兴
2025-09-18,sh,000965,基本200
2025-09-18,sh,000966,基本400
2025-09-18,sh,000967,基本600
2025-09-18,sh,000969,300非周
2025-09-18,sh,000970,ESG 40
2025-09-18,sh,000971,等权90
2025-09-18,sh,000974,800金融
2025-09-18,sh,000977,内地低碳
2025-09-18,sh,000978,医药100
2025-09-18,sh,000979,大宗商品
2025-09-18,sh,000980,中证超大
2025-09-18,sh,000982,500等权
2025-09-18,sh,000984,300等权
2025-09-18,sh,000985,中证全指
2025-09-18,sh,000986,全指能源
2025-09-18,sh,000987,全指材料
2025-09-18,sh,000988,全指工业
2025-09-18,sh,000989,全指可选
2025-09-18,sh,000990,全指消费
2025-09-18,sh,000991,全指医药
2025-09-18,sh,000992,全指金融
2025-09-18,sh,000993,全指信息
2025-09-18,sh,000994,全指通信
2025-09-18,sh,000995,全指公用
2025-09-18,sh,000998,中证TMT
2025-09-18,csi,133333,MSCIA指数
2025-09-18,sz,395001,主板Ａ股
2025-09-18,sz,395002,主板Ｂ股
2025-09-18,sz,395004,创业板
2025-09-18,sz,395005,主板DR
2025-09-18,sz,395006,创业板DR
2025-09-18,sz,395011,封闭基金
2025-09-18,sz,395012,ＬＯＦｓ
2025-09-18,sz,395013,ＥＴＦｓ
2025-09-18,sz,395015,REITS
2025-09-18,sz,395032,债券回购
2025-09-18,sz,395033,债券现货
2025-09-18,sz,395034,ABS
2025-09-18,sz,395041,股票权证
2025-09-18,sz,395099,总 成 交
2025-09-18,sz,399001,深证成指
2025-09-18,sz,399002,深成指R
2025-09-18,sz,399003,成份Ｂ指
2025-09-18,sz,399004,深证100R
2025-09-18,sz,399005,中小100
2025-09-18,sz,399006,创业板指
2025-09-18,sz,399007,深证300
2025-09-18,sz,399008,中小300
2025-09-18,sz,399009,深证200
2025-09-18,sz,399010,深证700
2025-09-18,sz,399011,深证1000
2025-09-18,sz,399012,创业300
2025-09-18,sz,399013,深市精选
2025-09-18,sz,399015,中小创新
2025-09-18,sz,399016,深证创新
2025-09-18,sz,399017,SME创新
2025-09-18,sz,399018,创业创新
2025-09-18,sz,399019,创业200
2025-09-18,sz,399020,创业小盘
2025-09-18,sz,399030,碳科技30
2025-09-18,sz,399050,创新引擎
2025-09-18,sz,399060,碳科技60
2025-09-18,sz,399088,深创100
2025-09-18,sz,399100,新指数
2025-09-18,sz,399101,中小综指
2025-09-18,sz,399102,创业板综
2025-09-18,sz,399103,乐富指数
2025-09-18,sz,399106,深证综指
2025-09-18,sz,399107,深证Ａ指
2025-09-18,sz,399108,深证Ｂ指
2025-09-18,sz,399231,农林指数
2025-09-18,sz,399232,采矿指数
2025-09-18,sz,399233,制造指数
2025-09-18,sz,399234,水电指数
2025-09-18,sz,399235,建筑指数
2025-09-18,sz,399236,批零指数
2025-09-18,sz,399237,运输指数
2025-09-18,sz,399238,餐饮指数
2025-09-18,sz,399239,IT指数
2025-09-18,sz,399240,金融指数
2025-09-18,sz,399241,地产指数
2025-09-18,sz,399242,商务指数
2025-09-18,sz,399243,科研指数
2025-09-18,sz,399244,公共指数
2025-09-18,sz,399248,文化指数
2025-09-18,sz,399249,综企指数
2025-09-18,sz,399258,绿色低碳
2025-09-18,sz,399259,创业低碳
2025-09-18,sz,399260,先进制造
2025-09-18,sz,399261,创业制造
2025-09-18,sz,399262,数字经济
2025-09-18,sz,399263,创业数字
2025-09-18,sz,399264,创业软件
2025-09-18,sz,399265,创新药械
2025-09-18,sz,399266,创新能源
2025-09-18,sz,399267,专精特新
2025-09-18,sz,399268,深小巨人
2025-09-18,sz,399269,创质量
2025-09-18,sz,399274,深新基建
2025-09-18,sz,399275,创医药
2025-09-18,sz,399276,创科技
2025-09-18,sz,399277,公共健康
2025-09-18,sz,399278,长江100
2025-09-18,sz,399279,云科技50
2025-09-18,sz,399280,生物50
2025-09-18,sz,399281,电子50
2025-09-18,sz,399282,大数据50
2025-09-18,sz,399283,机器人50
2025-09-18,sz,399284,AI 50
2025-09-18,sz,399285,物联网50
2025-09-18,sz,399286,区块链50
2025-09-18,sz,399289,碳中和债
2025-09-18,sz,399290,深转交债
2025-09-18,sz,399291,创精选88
2025-09-18,sz,399292,民企发展
2025-09-18,sz,399293,创业大盘
2025-09-18,sz,399294,中小创Q
2025-09-18,sz,399295,创价值
2025-09-18,sz,399296,创成长
2025-09-18,sz,399297,新浪100
2025-09-18,sz,399298,深信中高
2025-09-18,sz,399299,深信中低
2025-09-18,sz,399300,沪深300
2025-09-18,sz,399301,深信用债
2025-09-18,sz,399302,深公司债
2025-09-18,sz,399303,国证2000
2025-09-18,sz,399306,深证ETF
2025-09-18,sz,399307,深证转债
2025-09-18,sz,399310,国证A50
2025-09-18,sz,399311,国证1000
2025-09-18,sz,399312,国证300
2025-09-18,sz,399313,巨潮100
2025-09-18,sz,399314,巨潮大盘
2025-09-18,sz,399315,巨潮中盘
2025-09-18,sz,399316,巨潮小盘
2025-09-18,sz,399317,国证Ａ指
2025-09-18,sz,399318,国证Ｂ指
2025-09-18,sz,399319,资源优势
2025-09-18,sz,399320,国证服务
2025-09-18,sz,399321,国证红利
2025-09-18,sz,399322,国证治理
2025-09-18,sz,399324,深证红利
2025-09-18,sz,399326,成长40
2025-09-18,sz,399328,深证治理
2025-09-18,sz,399330,深证100
2025-09-18,sz,399333,中小100R
2025-09-18,sz,399335,深证央企
2025-09-18,sz,399337,深证民营
2025-09-18,sz,399339,深证科技
2025-09-18,sz,399341,深证责任
2025-09-18,sz,399344,深证300R
2025-09-18,sz,399346,深证成长
2025-09-18,sz,399348,深证价值
2025-09-18,sz,399350,皖江30
2025-09-18,sz,399351,创新示范
2025-09-18,sz,399352,深企综指
2025-09-18,sz,399353,国证物流
2025-09-18,sz,399354,分析师指数
2025-09-18,sz,399355,长三角
2025-09-18,sz,399356,珠三角
2025-09-18,sz,399357,环渤海
2025-09-18,sz,399358,国证环保
2025-09-18,sz,399359,国证基建
2025-09-18,sz,399360,新硬件
2025-09-18,sz,399361,在线消费
2025-09-18,sz,399362,民企100
2025-09-18,sz,399363,国证算力
2025-09-18,sz,399364,消费100
2025-09-18,sz,399365,国证粮食
2025-09-18,sz,399366,能源金属
2025-09-18,sz,399367,1000地产
2025-09-18,sz,399368,国证军工
2025-09-18,sz,399369,国证责任
2025-09-18,sz,399370,国证成长
2025-09-18,sz,399371,国证价值
2025-09-18,sz,399372,大盘成长
2025-09-18,sz,399373,大盘价值
2025-09-18,sz,399374,中盘成长
2025-09-18,sz,399375,中盘价值
2025-09-18,sz,399376,小盘成长
2025-09-18,sz,399377,小盘价值
2025-09-18,sz,399378,ESG 300
2025-09-18,sz,399379,国证基金
2025-09-18,sz,399380,国证ETF
2025-09-18,sz,399381,1000能源
2025-09-18,sz,399382,1000材料
2025-09-18,sz,399383,1000工业
2025-09-18,sz,399384,1000可选
2025-09-18,sz,399385,1000消费
2025-09-18,sz,399386,1000医药
2025-09-18,sz,399387,1000金融
2025-09-18,sz,399388,1000信息
2025-09-18,sz,399389,国证通信
2025-09-18,sz,399390,1000公用
2025-09-18,sz,399391,投资时钟
2025-09-18,sz,399392,国证新兴
2025-09-18,sz,399393,国证地产
2025-09-18,sz,399394,国证医药
2025-09-18,sz,399395,国证有色
2025-09-18,sz,399396,国证食品
2025-09-18,sz,399397,国证文化
2025-09-18,sz,399398,绩效指数
2025-09-18,sz,399399,中经GDP
2025-09-18,sz,399400,大中盘
2025-09-18,sz,399401,中小盘
2025-09-18,sz,399402,周期100
2025-09-18,sz,399403,防御100
2025-09-18,sz,399405,大盘高贝
2025-09-18,sz,399406,中盘低波
2025-09-18,sz,399407,中盘高贝
2025-09-18,sz,399408,小盘低波
2025-09-18,sz,399409,小盘高贝
2025-09-18,sz,399410,苏州率先
2025-09-18,sz,399411,红利100
2025-09-18,sz,399412,国证新能
2025-09-18,sz,399413,国证转债
2025-09-18,sz,399415,I100
2025-09-18,sz,399416,I300
2025-09-18,sz,399417,新能源车
2025-09-18,sz,399418,数据要素
2025-09-18,sz,399419,国证高铁
2025-09-18,sz,399420,国证保证
2025-09-18,sz,399422,中关村A
2025-09-18,sz,399423,中关村50
2025-09-18,sz,399428,国证定增
2025-09-18,sz,399429,新丝路
2025-09-18,sz,399431,国证银行
2025-09-18,sz,399432,智能汽车
2025-09-18,sz,399433,国证交运
2025-09-18,sz,399434,数字传媒
2025-09-18,sz,399435,国证农牧
2025-09-18,sz,399436,绿色煤炭
2025-09-18,sz,399437,证券龙头
2025-09-18,sz,399438,绿色电力
2025-09-18,sz,399439,国证油气
2025-09-18,sz,399440,国证钢铁
2025-09-18,sz,399441,生物医药
2025-09-18,sz,399481,企债指数
2025-09-18,sz,399550,央视50
2025-09-18,sz,399551,央视创新
2025-09-18,sz,399552,央视成长
2025-09-18,sz,399553,央视回报
2025-09-18,sz,399554,央视治理
2025-09-18,sz,399555,央视责任
2025-09-18,sz,399556,央视生态
2025-09-18,sz,399557,央视文化
2025-09-18,sz,399602,中小成长
2025-09-18,sz,399604,中小价值
2025-09-18,sz,399606,创业板R
2025-09-18,sz,399608,科技100
2025-09-18,sz,399610,TMT50
2025-09-18,sz,399611,中创100R
2025-09-18,sz,399612,中创100
2025-09-18,sz,399613,深证能源
2025-09-18,sz,399614,深证材料
2025-09-18,sz,399615,深证工业
2025-09-18,sz,399616,深证可选
2025-09-18,sz,399617,深证消费
2025-09-18,sz,399618,深证医药
2025-09-18,sz,399619,深证金融
2025-09-18,sz,399620,深证信息
2025-09-18,sz,399621,深证电信
2025-09-18,sz,399622,深证公用
2025-09-18,sz,399623,中小基础
2025-09-18,sz,399624,中创400
2025-09-18,sz,399625,中创500
2025-09-18,sz,399626,中创成长
2025-09-18,sz,399627,中创价值
2025-09-18,sz,399628,700成长
2025-09-18,sz,399629,700价值
2025-09-18,sz,399630,1000成长
2025-09-18,sz,399631,1000价值
2025-09-18,sz,399632,深100EW
2025-09-18,sz,399633,深300EW
2025-09-18,sz,399634,中小等权
2025-09-18,sz,399635,创业板EW
2025-09-18,sz,399636,深证装备
2025-09-18,sz,399637,深证地产
2025-09-18,sz,399638,深证环保
2025-09-18,sz,399639,深证大宗
2025-09-18,sz,399640,创业基础
2025-09-18,sz,399641,深证新兴
2025-09-18,sz,399642,中小新兴
2025-09-18,sz,399643,创业新兴
2025-09-18,sz,399644,深证时钟
2025-09-18,sz,399645,100低波
2025-09-18,sz,399646,深消费50
2025-09-18,sz,399647,深医药50
2025-09-18,sz,399648,深证GDP
2025-09-18,sz,399649,中小红利
2025-09-18,sz,399650,中小治理
2025-09-18,sz,399651,中小责任
2025-09-18,sz,399652,中创高新
2025-09-18,sz,399653,深证龙头
2025-09-18,sz,399654,深证文化
2025-09-18,sz,399655,深证绩效
2025-09-18,sz,399656,100绩效
2025-09-18,sz,399657,300绩效
2025-09-18,sz,399658,中小绩效
2025-09-18,sz,399659,深成指EW
2025-09-18,sz,399660,中创EW
2025-09-18,sz,399661,深证低波
2025-09-18,sz,399662,深证高贝
2025-09-18,sz,399663,中小低波
2025-09-18,sz,399664,中小高贝
2025-09-18,sz,399665,中创低波
2025-09-18,sz,399666,中创高贝
2025-09-18,sz,399667,创业成长
2025-09-18,sz,399668,创业板V
2025-09-18,sz,399669,深证农业
2025-09-18,sz,399670,深周期50
2025-09-18,sz,399671,深防御50
2025-09-18,sz,399672,深红利50
2025-09-18,sz,399673,创业板50
2025-09-18,sz,399674,深A医药
2025-09-18,sz,399675,深互联网
2025-09-18,sz,399676,深医药EW
2025-09-18,sz,399677,深互联EW
2025-09-18,sz,399678,深次新股
2025-09-18,sz,399679,深证200R
2025-09-18,sz,399680,深成能源
2025-09-18,sz,399681,深成材料
2025-09-18,sz,399682,深成工业
2025-09-18,sz,399683,深成可选
2025-09-18,sz,399684,深成消费
2025-09-18,sz,399685,深成医药
2025-09-18,sz,399686,深成金融
2025-09-18,sz,399687,深成信息
2025-09-18,sz,399688,深成电信
2025-09-18,sz,399689,深成公用
2025-09-18,sz,399692,创业低波
2025-09-18,sz,399693,安防产业
2025-09-18,sz,399694,创业高贝
2025-09-18,sz,399695,深证节能
2025-09-18,sz,399696,深证创投
2025-09-18,sz,399697,中关村60
2025-09-18,sz,399698,优势成长
2025-09-18,sz,399699,金融科技
2025-09-18,sz,399701,深证F60
2025-09-18,sz,399702,深证F120
2025-09-18,sz,399703,深证F200
2025-09-18,sz,399704,深证上游
2025-09-18,sz,399705,深证中游
2025-09-18,sz,399706,深证下游
2025-09-18,sz,399707,CSSW证券
2025-09-18,sz,399750,深主板50
2025-09-18,sz,399802,500深市
2025-09-18,sz,399803,工业4.0
2025-09-18,sz,399804,中证体育
2025-09-18,sz,399805,互联金融
2025-09-18,sz,399806,环境治理
2025-09-18,sz,399807,高铁产业
2025-09-18,sz,399808,中证新能
2025-09-18,sz,399809,保险主题
2025-09-18,sz,399810,CSSW传媒
2025-09-18,sz,399811,CSSW电子
2025-09-18,sz,399812,养老产业
2025-09-18,sz,399813,中证国安
2025-09-18,sz,399814,大农业
2025-09-18,sz,399850,深证50
2025-09-18,sz,399852,中证1000
2025-09-18,sz,399901,小康指数
2025-09-18,sz,399903,中证100
2025-09-18,sz,399905,中证 500
2025-09-18,sz,399913,300 医药
2025-09-18,sz,399914,300 金融
2025-09-18,sz,399928,中证能源
2025-09-18,sz,399932,中证消费
2025-09-18,sz,399933,中证医药
2025-09-18,sz,399934,中证金融
2025-09-18,sz,399935,中证信息
2025-09-18,sz,399959,军工指数
2025-09-18,sz,399965,800地产
2025-09-18,sz,399966,800非银
2025-09-18,sz,399967,中证军工
2025-09-18,sz,399970,移动互联
2025-09-18,sz,399971,中证传媒
2025-09-18,sz,399972,300深市
2025-09-18,sz,399973,中证国防
2025-09-18,sz,399974,国企改革
2025-09-18,sz,399975,证券公司
2025-09-18,sz,399976,CS新能车
2025-09-18,sz,399982,500等权
2025-09-18,sz,399983,地产等权
2025-09-18,sz,399986,中证银行
2025-09-18,sz,399987,中证酒
2025-09-18,sz,399989,中证医疗
2025-09-18,sz,399990,煤炭等权
2025-09-18,sz,399991,一带一路
2025-09-18,sz,399992,CSWD并购
2025-09-18,sz,399993,CSWD生科
2025-09-18,sz,399994,信息安全
2025-09-18,sz,399995,基建工程
2025-09-18,sz,399996,智能家居
2025-09-18,sz,399997,中证白酒
2025-09-18,sz,399998,中证煤炭
2025-09-18,sz,470006,创业板R(港币)(CNH)
2025-09-18,sz,470007,创业板R(美元)(CNH)
2025-09-18,sz,470026,深指ESGR
2025-09-18,sz,470027,100ESGR
2025-09-18,sz,470028,创指ESGR
2025-09-18,sz,470029,深指ESG领先R
2025-09-18,sz,470030,100ESG领先R
2025-09-18,sz,470031,创指ESG领先R
2025-09-18,sz,470032,深指ESG增强R
2025-09-18,sz,470033,100ESG增强R
2025-09-18,sz,470034,创指ESG增强R
2025-09-18,sz,470035,深证光伏R
2025-09-18,sz,470036,深证储能R
2025-09-18,sz,470037,深证高装R
2025-09-18,sz,470038,生物经济R
2025-09-18,sz,470039,创新材料R
2025-09-18,sz,470040,创业高装R
2025-09-18,sz,470041,创新消费R
2025-09-18,sz,470042,新材料50R
2025-09-18,sz,470043,新能装备R
2025-09-18,sz,470046,深证XR R
2025-09-18,sz,470047,数字文化R
2025-09-18,sz,470048,新型显示R
2025-09-18,sz,470049,深证数字交通R
2025-09-18,sz,470050,深证卫星导航R
2025-09-18,sz,470051,深证算力设施R
2025-09-18,sz,470052,深证数字安全R
2025-09-18,sz,470053,深证数据要素R
2025-09-18,sz,470054,深证智能电网R
2025-09-18,sz,470055,深证国企ESGR
2025-09-18,sz,470056,深证民企ESGR
2025-09-18,sz,470057,深证民企50R
2025-09-18,sz,470058,深证民企治理R
2025-09-18,sz,470059,深证民企科技R
2025-09-18,sz,470060,深证ESG成长R
2025-09-18,sz,470061,深证ESG价值R
2025-09-18,sz,470062,深红利300R
2025-09-18,sz,470063,深证回购R
2025-09-18,sz,470064,深证国企股东回报R
2025-09-18,sz,470065,深证优质信披R
2025-09-18,sz,470067,深证专利R
2025-09-18,sz,470068,创业专利R
2025-09-18,sz,470069,深证绿色制造R
2025-09-18,sz,470070,创业板人工智能R
2025-09-18,sz,470071,深证民企成长R
2025-09-18,sz,470072,深证民企价值R
2025-09-18,sz,470074,深证智能穿戴R
2025-09-18,sz,470075,深证AIGCR
2025-09-18,sz,470076,深证绿色化工R
2025-09-18,sz,470077,深证绿色建材R
2025-09-18,sz,470080,科技50R
2025-09-18,sz,471001,深成地产R
2025-09-18,sz,471002,中小地产R
2025-09-18,sz,471004,创业板战略科技R
2025-09-18,sz,480001,湾创100R
2025-09-18,sz,480002,湾创100R(港币)
2025-09-18,sz,480003,湾区综指R
2025-09-18,sz,480004,湾区综指R(港币)
2025-09-18,sz,480007,湾区新兴R
2025-09-18,sz,480008,湾区新兴R(港币)
2025-09-18,sz,480009,湾区制造R
2025-09-18,sz,480010,湾区制造R(港币)
2025-09-18,sz,480011,湾区服务R
2025-09-18,sz,480012,湾区服务R(港币)
2025-09-18,sz,480013,湾区医药R
2025-09-18,sz,480014,湾区医药R（港币）
2025-09-18,sz,480015,疫苗生科R
2025-09-18,sz,480016,医疗健康R
2025-09-18,sz,480017,国证芯片R
2025-09-18,sz,480019,湾区海洋R
2025-09-18,sz,480020,湾区海洋R(港币)
2025-09-18,sz,480021,碳中和50R
2025-09-18,sz,480023,南山50R
2025-09-18,sz,480024,南山50R(港币)
2025-09-18,sz,480026,风光装备 R
2025-09-18,sz,480027,新能源电池R
2025-09-18,sz,480028,龙头家电R
2025-09-18,sz,480030,消费电子R
2025-09-18,sz,480032,新能电池R
2025-09-18,sz,480033,自主科技R
2025-09-18,sz,480034,工业软件R
2025-09-18,sz,480035,化肥农药R
2025-09-18,sz,480036,创新龙头R
2025-09-18,sz,480037,创新龙头R（港币）
2025-09-18,sz,480038,深圳高新R
2025-09-18,sz,480039,深圳高新R（港币）
2025-09-18,sz,480043,工业金属R
2025-09-18,sz,480046,文化创意R
2025-09-18,sz,480047,文化创意R（港币）
2025-09-18,sz,480048,国证建材R
2025-09-18,sz,480052,绿色金融R
2025-09-18,sz,480053,绿色金融R（港币）
2025-09-18,sz,480055,规模因子R
2025-09-18,sz,480056,价值因子R
2025-09-18,sz,480057,动量因子R
2025-09-18,sz,480058,绿色治理R
2025-09-18,sz,480059,航空出行R
2025-09-18,sz,480063,国证回购R
2025-09-18,sz,480065,帮扶100R
2025-09-18,sz,480068,蓝色100R
2025-09-18,sz,480069,蓝色100R(港币)
2025-09-18,sz,480070,国证专利R
2025-09-18,sz,480071,机器人龙头R
2025-09-18,sz,480072,生物农业R
2025-09-18,sz,480073,生猪指数R
2025-09-18,sz,480075,数字交通R
2025-09-18,sz,480076,通用航空R
2025-09-18,sz,480077,充电设施R
2025-09-18,sz,480150,单项冠军R
2025-09-18,sz,480532,国证青岛海洋R
2025-09-18,sz,483001,内地100R
2025-09-18,sz,483002,内地100R(港币)
2025-09-18,sz,483003,内地科技50R
2025-09-18,sz,483004,内地科技50R(港币)
2025-09-18,sz,483005,深港通综指R
2025-09-18,sz,483006,深港通综指R(港币)
2025-09-18,sz,483007,深港通100R
2025-09-18,sz,483008,深港通100R(港币)
2025-09-18,sz,483009,深港通手机产业链R
2025-09-18,sz,483010,深港通手机产业链R(港币)
2025-09-18,sz,483011,深港通绿色优选R
2025-09-18,sz,483012,深港通绿色优选R(港币)
2025-09-18,sz,483013,深港通能源R
2025-09-18,sz,483014,深港通能源R（港币）
2025-09-18,sz,483015,深港通材料R
2025-09-18,sz,483016,深港通材料R（港币）
2025-09-18,sz,483017,深港通工业R
2025-09-18,sz,483018,深港通工业R（港币）
2025-09-18,sz,483019,深港通可选消费R
2025-09-18,sz,483020,深港通可选消费R（港币）
2025-09-18,sz,483021,深港通主要消费R
2025-09-18,sz,483022,深港通主要消费R（港币）
2025-09-18,sz,483023,深港通医药卫生R
2025-09-18,sz,483024,深港通医药卫生R（港币）
2025-09-18,sz,483025,深港通金融R
2025-09-18,sz,483026,深港通金融R（港币）
2025-09-18,sz,483027,深港通信息技术R
2025-09-18,sz,483028,深港通信息技术R（港币）
2025-09-18,sz,483029,深港通电信业务R
2025-09-18,sz,483030,深港通电信业务R（港币）
2025-09-18,sz,483031,深港通公用事业R
2025-09-18,sz,483032,深港通公用事业R（港币）
2025-09-18,sz,483033,深港通通信服务R
2025-09-18,sz,483034,深港通通信服务R（港币）
2025-09-18,sz,483035,深港通医疗R
2025-09-18,sz,483036,深港通医疗R（港币）
2025-09-18,sz,483037,深港通食品零售R
2025-09-18,sz,483038,深港通食品零售R（港币）
2025-09-18,sz,483039,深港通汽车R
2025-09-18,sz,483040,深港通汽车R（港币）
2025-09-18,sz,483041,深港通服装纺织R
2025-09-18,sz,483042,深港通服装纺织R（港币）
2025-09-18,sz,483043,深港通电脑硬件R
2025-09-18,sz,483044,深港通电脑硬件R（港币）
2025-09-18,sz,483045,深港通消费服务R
2025-09-18,sz,483046,深港通消费服务R（港币）
2025-09-18,sz,483047,深港通网络软件R
2025-09-18,sz,483048,深港通网络软件R（港币）
2025-09-18,sz,483049,深港通耐用消费R
2025-09-18,sz,483050,深港通耐用消费R（港币）
2025-09-18,sz,483051,深港通农牧渔R
2025-09-18,sz,483052,深港通农牧渔R（港币）
2025-09-18,sz,483053,深港通非银R
2025-09-18,sz,483054,深港通非银R（港币）
2025-09-18,sz,483055,深港通工业服务R
2025-09-18,sz,483056,深港通工业服务R（港币）
2025-09-18,sz,483057,深港通电信服务R
2025-09-18,sz,483058,深港通电信服务R（港币）
2025-09-18,sz,483059,深港通生科R
2025-09-18,sz,483060,深港通生科R（港币）
2025-09-18,sz,483061,深港通基材R
2025-09-18,sz,483062,深港通基材R（港币）
2025-09-18,sz,483063,深港通化工R
2025-09-18,sz,483064,深港通化工R（港币）
2025-09-18,sz,483065,深港通食品饮料R
2025-09-18,sz,483066,深港通食品饮料R（港币）
2025-09-18,sz,483067,深港通半导体R
2025-09-18,sz,483068,深港通半导体R（港币）
2025-09-18,sz,483069,深港通工业品R
2025-09-18,sz,483070,深港通工业品R（港币）
2025-09-18,sz,483071,深港通房地产R
2025-09-18,sz,483072,深港通房地产R（港币）
2025-09-18,sz,483073,深港通零售R
2025-09-18,sz,483074,深港通零售R（港币）
2025-09-18,sz,483075,深港通传媒R
2025-09-18,sz,483076,深港通传媒R（港币）
2025-09-18,sz,483077,深港通运输R
2025-09-18,sz,483078,深港通运输R（港币）
2025-09-18,sz,483079,深港通制药R
2025-09-18,sz,483080,深港通制药R（港币）
2025-09-18,sz,483081,深港通银行R
2025-09-18,sz,483082,深港通银行R（港币）
2025-09-18,sz,483083,深港通内房股R
2025-09-18,sz,483084,深港通内房股R(港币)
2025-09-18,sz,483085,深港通节能R
2025-09-18,sz,483086,深港通节能R(港币)
2025-09-18,sz,483087,深港通新能源车R
2025-09-18,sz,483088,深港通新能源车R(港币)
2025-09-18,sz,483089,深港通大湾区R
2025-09-18,sz,483090,深港通大湾区R(港币)
2025-09-18,sz,483091,深港通50R
2025-09-18,sz,483092,深港通50R（港币）
2025-09-18,sz,483101,内地生物科技R
2025-09-18,sz,483102,内地生物科技R(港币)
2025-09-18,sz,483103,内地医疗器械R
2025-09-18,sz,483104,内地医疗器械R(港币)
2025-09-18,sz,483105,内地消费电子R
2025-09-18,sz,483106,内地消费电子R(港币)
2025-09-18,sz,483160,低碳科技R
2025-09-18,sz,483161,低碳科技R(港币)
2025-09-18,sz,487001,港股50R
2025-09-18,sz,487002,港股50R（人民币）
2025-09-18,sz,487003,港股通50R
2025-09-18,sz,487004,港股通50R（人民币）
2025-09-18,sz,487006,港股科技R
2025-09-18,sz,487007,港股科技R（人民币）
2025-09-18,sz,487010,港股大中盘R
2025-09-18,sz,487011,港股大中盘R（人民币）
2025-09-18,sz,487012,港股大盘R
2025-09-18,sz,487013,港股大盘R（人民币）
2025-09-18,sz,487014,港股中盘R
2025-09-18,sz,487015,港股中盘R（人民币）
2025-09-18,sz,487016,港股通红利低波R
2025-09-18,sz,487017,港股通红利低波R（人民币）
2025-09-18,sz,487020,内房股R
2025-09-18,sz,487021,内房股R（人民币）
2025-09-18,sz,487026,港股通新能源R
2025-09-18,sz,487027,港股通新能源R（人民币）
2025-09-18,sz,489001,新华500R
2025-09-18,sz,489002,新华区块链R
2025-09-18,sz,489003,新华精选成长50R
2025-09-18,sz,489004,新华优选价值50R
2025-09-18,sz,489005,新华资源保障R
2025-09-18,sz,489006,新华SHS新兴消费R
2025-09-18,sz,489007,新华SHS新兴消费R(港币)
2025-09-18,sz,489008,新华ESG300R
2025-09-18,sz,489009,新华ESG 50R
2025-09-18,sz,489010,长三角崛起城市R
2025-09-18,sz,489011,青岛50R
2025-09-18,sz,489012,能源转型升级R
2025-09-18,sz,489013,稀土产业链R
2025-09-18,sz,489015,智选策略100R
2025-09-18,sz,489016,红利价值R
2025-09-18,sz,489017,质量优势R
2025-09-18,csi,704843,MSCI中国A股国际
2025-09-18,csi,716567,MSCI中国A股国际通
2025-09-18,csi,930050,中证A50
2025-09-18,csi,930598,稀土产业
2025-09-18,csi,930599,中证高装
2025-09-18,csi,930601,中证软件
2025-09-18,csi,930604,中国互联网30
2025-09-18,csi,930606,中证钢铁
2025-09-18,csi,930608,中证基建
2025-09-18,csi,930614,环保50
2025-09-18,csi,930620,CSSW丝路
2025-09-18,csi,930621,CSSW高铁
2025-09-18,csi,930622,CSSW白酒
2025-09-18,csi,930625,SHS互联网
2025-09-18,csi,930629,CSSW健康
2025-09-18,csi,930632,CS稀金属
2025-09-18,csi,930633,中证旅游
2025-09-18,csi,930640,CSWD重组
2025-09-18,csi,930641,中证中药
2025-09-18,csi,930648,CS智消费
2025-09-18,csi,930651,CS计算机
2025-09-18,csi,930652,CS电子
2025-09-18,csi,930653,CS食品饮
2025-09-18,csi,930660,CSSW体育
2025-09-18,csi,930661,CSSW互金
2025-09-18,csi,930662,CS现代农
2025-09-18,csi,930697,家用电器
2025-09-18,csi,930701,CS京津冀
2025-09-18,csi,930707,中证畜牧
2025-09-18,csi,930708,中证有色
2025-09-18,csi,930709,香港证券
2025-09-18,csi,930712,CS物联网
2025-09-18,csi,930713,CS人工智
2025-09-18,csi,930715,CS朝阳88
2025-09-18,csi,930716,CS物流
2025-09-18,csi,930719,CS精准医
2025-09-18,csi,930720,CS互医疗
2025-09-18,csi,930721,CS智汽车
2025-09-18,csi,930723,沪港深F100
2025-09-18,csi,930725,CS车联网
2025-09-18,csi,930726,CS生医
2025-09-18,csi,930734,360互联+
2025-09-18,csi,930738,四川国改
2025-09-18,csi,930740,300红利低波
2025-09-18,csi,930743,中证生科
2025-09-18,csi,930746,港中小企
2025-09-18,csi,930748,沪深300USD
2025-09-18,csi,930749,沪深300USD(CNH)
2025-09-18,csi,930758,凤凰50
2025-09-18,csi,930767,沪深300优选
2025-09-18,csi,930781,中证影视
2025-09-18,csi,930782,500SNLV
2025-09-18,csi,930790,CS娱乐TI
2025-09-18,csi,930791,CS医药TI
2025-09-18,csi,930792,HK银行
2025-09-18,csi,930796,全球中国互联网
2025-09-18,csi,930820,CS高端制
2025-09-18,csi,930821,中证VR
2025-09-18,csi,930838,CS高股息
2025-09-18,csi,930839,港股通高息精选
2025-09-18,csi,930850,智能制造
2025-09-18,csi,930851,云计算
2025-09-18,csi,930875,空天军工
2025-09-18,csi,930882,CS珠三角
2025-09-18,csi,930901,动漫游戏
2025-09-18,csi,930902,中证数据
2025-09-18,csi,930903,中证A股
2025-09-18,csi,930910,农牧渔
2025-09-18,csi,930914,港股通高股息
2025-09-18,csi,930915,港股通高股息CNY
2025-09-18,csi,930917,SHS高股息
2025-09-18,csi,930927,CR基石
2025-09-18,csi,930928,CR新动能
2025-09-18,csi,930930,港股综合
2025-09-18,csi,930931,港股通50
2025-09-18,csi,930937,稳健成长
2025-09-18,csi,930938,500成长估值
2025-09-18,csi,930939,500质量成长
2025-09-18,csi,930955,红利低波100
2025-09-18,csi,930957,港股通中国100
2025-09-18,csi,930965,港股通医药C
2025-09-18,csi,930975,港股通医药CCNY
2025-09-18,csi,930986,金融科技
2025-09-18,csi,930997,新能源车
2025-09-18,csi,930999,SHS大湾区
2025-09-18,csi,931000,大湾区
2025-09-18,csi,931008,汽车指数
2025-09-18,csi,931009,建筑材料
2025-09-18,csi,931021,家电龙头
2025-09-18,csi,931023,北京50
2025-09-18,csi,931024,港股通非银
2025-09-18,csi,931027,港股通大消费
2025-09-18,csi,931028,港股通非银CNY
2025-09-18,csi,931033,杭州湾区
2025-09-18,csi,931039,银行AH
2025-09-18,csi,931052,国信价值
2025-09-18,csi,931053,高股息策略
2025-09-18,csi,931066,军工龙头
2025-09-18,csi,931067,绩优策略
2025-09-18,csi,931068,消费龙头
2025-09-18,csi,931069,中金300
2025-09-18,csi,931071,人工智能
2025-09-18,csi,931072,全球中国互联网HKD
2025-09-18,csi,931073,CSIHK1
2025-09-18,csi,931074,CSIHK2
2025-09-18,csi,931075,CSIHK3
2025-09-18,csi,931076,CSIHK4
2025-09-18,csi,931077,CSIHK5
2025-09-18,csi,931078,中证转债及可交换债
2025-09-18,csi,931079,5G通信
2025-09-18,csi,931087,科技龙头
2025-09-18,csi,931088,180 ESG
2025-09-18,csi,931132,诚通央企红利
2025-09-18,csi,931133,经济蓝筹
2025-09-18,csi,931134,AH经济蓝筹
2025-09-18,csi,931136,深圳科技
2025-09-18,csi,931139,CS消费50
2025-09-18,csi,931140,医药50
2025-09-18,csi,931141,CS长三角
2025-09-18,csi,931142,东证竞争
2025-09-18,csi,931144,通信技术
2025-09-18,csi,931151,光伏产业
2025-09-18,csi,931152,CS创新药
2025-09-18,csi,931157,SHS红利成长LV
2025-09-18,csi,931159,创新100
2025-09-18,csi,931160,通信设备
2025-09-18,csi,931163,浙江100
2025-09-18,csi,931165,新兴科技100
2025-09-18,csi,931166,医药健康100
2025-09-18,csi,931167,先进制造100
2025-09-18,csi,931186,中证科技
2025-09-18,csi,931187,科技100
2025-09-18,csi,931228,亚洲新兴市场科技
2025-09-18,csi,931230,汽车零部件
2025-09-18,csi,931231,央企红利50
2025-09-18,csi,931232,朝阳100
2025-09-18,csi,931233,港股通央企红利
2025-09-18,csi,931234,长三角示范区50
2025-09-18,csi,931235,中证电信
2025-09-18,csi,931238,SSH黄金股票
2025-09-18,csi,931239,港股通汽车
2025-09-18,csi,931243,诚通央企ESG
2025-09-18,csi,931247,中证信创
2025-09-18,csi,931248,油气资源
2025-09-18,csi,931250,港股通创新药
2025-09-18,csi,931258,东证价值
2025-09-18,csi,931259,转债流动性策略
2025-09-18,csi,931268,持续发展
2025-09-18,csi,931271,通信设备主题
2025-09-18,csi,931357,优选消费50
2025-09-18,csi,931359,沪深300AUD(CNH)
2025-09-18,csi,931372,浙江国资
2025-09-18,csi,931375,300质量低波
2025-09-18,csi,931380,科技50
2025-09-18,csi,931381,中证长三角
2025-09-18,csi,931382,智选300 ESG领先
2025-09-18,csi,931393,湖北指数
2025-09-18,csi,931395,沪港深300
2025-09-18,csi,931402,证券先锋
2025-09-18,csi,931403,品牌工程
2025-09-18,csi,931404,SHS品牌消费50
2025-09-18,csi,931406,5G 50
2025-09-18,csi,931409,SHS创新药
2025-09-18,csi,931412,证券公司30
2025-09-18,csi,931440,创新药30
2025-09-18,csi,931442,SHS科技100
2025-09-18,csi,931446,东证红利低波
2025-09-18,csi,931447,科技先锋
2025-09-18,csi,931454,港股通消费
2025-09-18,csi,931455,港股通消费CNY
2025-09-18,csi,931456,中国教育
2025-09-18,csi,931461,电子50
2025-09-18,csi,931463,300 ESG
2025-09-18,csi,931465,300 ESG领先
2025-09-18,csi,931468,红利质量
2025-09-18,csi,931469,云计算50
2025-09-18,csi,931470,SHS云计算
2025-09-18,csi,931476,ESG 120策略
2025-09-18,csi,931477,华夏银行ESG
2025-09-18,csi,931478,苏州绿色发展
2025-09-18,csi,931479,证券保险
2025-09-18,csi,931480,线上消费
2025-09-18,csi,931481,SHS线上消费
2025-09-18,csi,931484,CS医药创新
2025-09-18,csi,931487,SHS人工智能50
2025-09-18,csi,931494,消费电子
2025-09-18,csi,931495,工业互联
2025-09-18,csi,931521,高装细分50
2025-09-18,csi,931522,央企新动能
2025-09-18,csi,931523,SHS动漫游戏
2025-09-18,csi,931524,SHS科技龙头
2025-09-18,csi,931526,企业核心竞争力50
2025-09-18,csi,931529,国企数字经济
2025-09-18,csi,931554,长江保护
2025-09-18,csi,931559,苏银理财长三角
2025-09-18,csi,931573,港股通科技
2025-09-18,csi,931574,港股科技
2025-09-18,csi,931575,SHS物联网
2025-09-18,csi,931579,东证优势成长
2025-09-18,csi,931580,SHS游戏传媒
2025-09-18,csi,931581,周期稳健成长50
2025-09-18,csi,931582,数字经济
2025-09-18,csi,931583,SHS数字经济
2025-09-18,csi,931585,卫星导航
2025-09-18,csi,931586,300价值稳健
2025-09-18,csi,931587,500价值稳健
2025-09-18,csi,931588,1000价值稳健
2025-09-18,csi,931589,300成长创新
2025-09-18,csi,931590,500成长创新
2025-09-18,csi,931591,1000成长创新
2025-09-18,csi,931593,科技领先
2025-09-18,csi,931594,卫星产业
2025-09-18,csi,931596,SHS张江50
2025-09-18,csi,931598,中银证券300 ESG
2025-09-18,csi,931599,湖南50
2025-09-18,csi,931637,港股通互联网
2025-09-18,csi,931643,科创创业50
2025-09-18,csi,931646,SHS新消费
2025-09-18,csi,931647,兴银理财均衡300
2025-09-18,csi,931648,500 ESG
2025-09-18,csi,931652,厦门指数
2025-09-18,csi,931663,SHS消费龙头
2025-09-18,csi,931672,风电产业
2025-09-18,csi,931687,证券时报价值100
2025-09-18,csi,931695,成渝经济圈
2025-09-18,csi,931696,科技50策略
2025-09-18,csi,931697,消费50策略
2025-09-18,csi,931698,医药50策略
2025-09-18,csi,931718,高端造质量成长50
2025-09-18,csi,931719,CS电池
2025-09-18,csi,931722,国新港股通央企红利
2025-09-18,csi,931725,中华联合优质成长
2025-09-18,csi,931733,绿色能源
2025-09-18,csi,931743,半导体材料设备
2025-09-18,csi,931746,储能产业
2025-09-18,csi,931752,工程机械主题
2025-09-18,csi,931755,SEEE碳中和
2025-09-18,csi,931772,碳中和60
2025-09-18,csi,931775,房地产
2025-09-18,csi,931778,农牧主题
2025-09-18,csi,931787,港股创新药
2025-09-18,csi,931788,中韩50
2025-09-18,csi,931789,中韩新能车
2025-09-18,csi,931790,中韩半导体
2025-09-18,csi,931791,大盘蓝筹25
2025-09-18,csi,931792,新能车15
2025-09-18,csi,931793,半导体15
2025-09-18,csi,931798,光伏龙头30
2025-09-18,csi,931799,国寿资产ESG绿色低碳1
2025-09-18,csi,931802,中证龙头
2025-09-18,csi,931823,国资央企50
2025-09-18,csi,931834,华福福建100
2025-09-18,csi,931837,央企现代产业
2025-09-18,csi,931840,大盘蓝筹25USD
2025-09-18,csi,931841,新能车15USD
2025-09-18,csi,931842,半导体15USD
2025-09-18,csi,931848,800红利低波
2025-09-18,csi,931852,每经品牌100
2025-09-18,csi,931855,通用航空
2025-09-18,csi,931865,中证半导
2025-09-18,csi,931866,中证机床
2025-09-18,csi,931877,科创创业50净收益
2025-09-18,csi,931892,有色矿业
2025-09-18,csi,931897,绿色电力
2025-09-18,csi,931992,疫苗生物
2025-09-18,csi,931994,电网设备主题
2025-09-18,csi,932000,中证2000
2025-09-18,csi,932004,国新央企综指
2025-09-18,csi,932021,中证红利SGD
2025-09-18,csi,932022,中证红利(全)SGD
2025-09-18,csi,932023,中证红利(净)SGD
2025-09-18,csi,932037,央企现代能源
2025-09-18,csi,932038,央企科技引领
2025-09-18,csi,932039,央企股东回报
2025-09-18,csi,932042,智选航空科技
2025-09-18,csi,932046,建行科技（长三角）
2025-09-18,csi,932047,中证REITs全收益
2025-09-18,csi,932049,国新港股通央企综指
2025-09-18,csi,932052,央企科技创新
2025-09-18,csi,932056,海洋经济
2025-09-18,csi,932066,半导体行业精选
2025-09-18,csi,932068,长寿经济
2025-09-18,csi,932069,港股通医疗主题
2025-09-18,csi,932075,全指金融
2025-09-18,csi,932076,全指地产
2025-09-18,csi,932077,全指能源行业
2025-09-18,csi,932078,全指材料行业
2025-09-18,csi,932079,全指工业行业
2025-09-18,csi,932080,全指可选行业
2025-09-18,csi,932081,全指消费行业
2025-09-18,csi,932082,全指医药行业
2025-09-18,csi,932083,全指金融行业
2025-09-18,csi,932084,全指信息行业
2025-09-18,csi,932085,全指通信行业
2025-09-18,csi,932086,全指公用行业
2025-09-18,csi,932087,集成电路
2025-09-18,csi,932094,软件开发
2025-09-18,csi,932152,港股通成长策略
2025-09-18,csi,932153,港股通价值策略
2025-09-18,csi,932216,香港100净收益
2025-09-18,csi,932217,制药指数
2025-09-18,csi,932222,中证2000净收益
2025-09-18,csi,932257,国新央企小盘
2025-09-18,csi,932258,亚洲新兴市场科技USD
2025-09-18,csi,932263,苏州园区
2025-09-18,csi,932266,国企战略新兴
2025-09-18,csi,932305,智选高股息
2025-09-18,csi,932306,战略新兴100
2025-09-18,csi,932307,中国互联网人民币中间
2025-09-18,csi,932308,红利200
2025-09-18,csi,932315,中证红利质量
2025-09-18,csi,932335,香港红利净收益
2025-09-18,csi,932357,专精特新100
2025-09-18,csi,932359,国新国企人工智能
2025-09-18,csi,932365,中证现金流
2025-09-18,csi,932366,300现金流
2025-09-18,csi,932367,500现金流
2025-09-18,csi,932368,800现金流
2025-09-18,csi,932419,国新国企航空航天
2025-09-18,csi,932420,智选船舶产业
2025-09-18,csi,932422,A500红利低波
2025-09-18,csi,932536,航运发展
2025-09-18,csi,933000,沪深300(净)HKD(CNH)
2025-09-18,csi,950049,G60成指
2025-09-18,csi,950081,180碳效
2025-09-18,csi,950082,上海改革
2025-09-18,csi,950090,50AH优选
2025-09-18,csi,950092,上证180优选
2025-09-18,csi,950096,上海国企
2025-09-18,csi,950105,上证证券
2025-09-18,csi,950106,上证创新
2025-09-18,csi,950107,380创新
2025-09-18,csi,950125,科创半导体材料设备
2025-09-18,csi,950161,科创新药
2025-09-18,csi,950162,科创芯片设计
2025-09-18,csi,950180,科创AI
2025-09-18,csi,950222,沪专精特新
2025-09-18,csi,950228,智选科创价值50
2025-09-18,csi,950253,国新科创国企
2025-09-18,csi,950333,智选创新价值
2025-09-18,csi,950357,科创专精特新
2025-09-18,csi,950580,上证580
2025-09-18,sz,970006,创业板指(港币)(CNH)
2025-09-18,sz,970007,创业板指(美元)(CNH)
2025-09-18,sz,970026,深指ESG
2025-09-18,sz,970027,100ESG
2025-09-18,sz,970028,创指ESG
2025-09-18,sz,970029,深指ESG领先
2025-09-18,sz,970030,100ESG领先
2025-09-18,sz,970031,创指ESG领先
2025-09-18,sz,970032,深指ESG增强
2025-09-18,sz,970033,100ESG增强
2025-09-18,sz,970034,创指ESG增强
2025-09-18,sz,970035,深证光伏
2025-09-18,sz,970036,深证储能
2025-09-18,sz,970037,深证高装
2025-09-18,sz,970038,生物经济
2025-09-18,sz,970039,创新材料
2025-09-18,sz,970040,创业高装
2025-09-18,sz,970041,创新消费
2025-09-18,sz,970042,新材料50
2025-09-18,sz,970043,新能装备
2025-09-18,sz,970046,深证XR
2025-09-18,sz,970047,数字文化
2025-09-18,sz,970048,新型显示
2025-09-18,sz,970049,深证数字交通
2025-09-18,sz,970050,深证卫星导航
2025-09-18,sz,970051,深证算力设施
2025-09-18,sz,970052,深证数字安全
2025-09-18,sz,970053,深证数据要素
2025-09-18,sz,970054,深证智能电网
2025-09-18,sz,970055,深证国企ESG
2025-09-18,sz,970056,深证民企ESG
2025-09-18,sz,970057,深证民企50
2025-09-18,sz,970058,深证民企治理
2025-09-18,sz,970059,深证民企科技
2025-09-18,sz,970060,深证ESG成长
2025-09-18,sz,970061,深证ESG价值
2025-09-18,sz,970062,深红利300
2025-09-18,sz,970063,深证回购
2025-09-18,sz,970064,深证国企股东回报
2025-09-18,sz,970065,深证优质信披
2025-09-18,sz,970067,深证专利
2025-09-18,sz,970068,创业专利
2025-09-18,sz,970069,深证绿色制造
2025-09-18,sz,970070,创业板人工智能
2025-09-18,sz,970071,深证民企成长
2025-09-18,sz,970072,深证民企价值
2025-09-18,sz,970074,深证智能穿戴
2025-09-18,sz,970075,深证AIGC
2025-09-18,sz,970076,深证绿色化工
2025-09-18,sz,970077,深证绿色建材
2025-09-18,sz,970080,科技50
2025-09-18,sz,970081,创业板电池
2025-09-18,sz,970082,创业板医疗
2025-09-18,sz,970084,创业板传媒
2025-09-18,sz,970085,创业板金融科技
2025-09-18,sz,971001,深成地产
2025-09-18,sz,971002,中小地产
2025-09-18,sz,971004,创业板战略科技
2025-09-18,sz,980001,湾创100
2025-09-18,sz,980002,湾创100(港币)
2025-09-18,sz,980003,湾区综指
2025-09-18,sz,980004,湾区综指(港币)
2025-09-18,sz,980007,湾区新兴
2025-09-18,sz,980008,湾区新兴(港币)
2025-09-18,sz,980009,湾区制造
2025-09-18,sz,980010,湾区制造(港币)
2025-09-18,sz,980011,湾区服务
2025-09-18,sz,980012,湾区服务(港币)
2025-09-18,sz,980013,湾区医药
2025-09-18,sz,980014,湾区医药（港币）
2025-09-18,sz,980015,疫苗生科
2025-09-18,sz,980016,医疗健康
2025-09-18,sz,980017,国证芯片
2025-09-18,sz,980018,卫星通信
2025-09-18,sz,980019,湾区海洋
2025-09-18,sz,980020,湾区海洋(港币)
2025-09-18,sz,980021,碳中和50
2025-09-18,sz,980022,机器人产业
2025-09-18,sz,980023,南山50
2025-09-18,sz,980024,南山50(港币)
2025-09-18,sz,980026,风光装备
2025-09-18,sz,980027,新能源电池
2025-09-18,sz,980028,龙头家电
2025-09-18,sz,980029,新基建
2025-09-18,sz,980030,消费电子
2025-09-18,sz,980031,国证白酒
2025-09-18,sz,980032,新能电池
2025-09-18,sz,980033,自主科技
2025-09-18,sz,980034,工业软件
2025-09-18,sz,980035,化肥农药
2025-09-18,sz,980036,创新龙头
2025-09-18,sz,980037,创新龙头（港币）
2025-09-18,sz,980038,深圳高新
2025-09-18,sz,980039,深圳高新（港币）
2025-09-18,sz,980043,工业金属
2025-09-18,sz,980046,文化创意
2025-09-18,sz,980047,文化创意（港币）
2025-09-18,sz,980048,国证建材
2025-09-18,sz,980049,国证酒指
2025-09-18,sz,980052,绿色金融
2025-09-18,sz,980053,绿色金融（港币）
2025-09-18,sz,980055,规模因子
2025-09-18,sz,980056,价值因子
2025-09-18,sz,980057,动量因子
2025-09-18,sz,980058,绿色治理
2025-09-18,sz,980059,航空出行
2025-09-18,sz,980063,国证回购
2025-09-18,sz,980065,帮扶100
2025-09-18,sz,980068,蓝色100
2025-09-18,sz,980069,蓝色100(港币)
2025-09-18,sz,980070,国证专利
2025-09-18,sz,980071,机器人龙头
2025-09-18,sz,980072,生物农业
2025-09-18,sz,980073,生猪指数
2025-09-18,sz,980075,数字交通
2025-09-18,sz,980076,通用航空
2025-09-18,sz,980077,充电设施
2025-09-18,sz,980080,成长100
2025-09-18,sz,980081,价值100
2025-09-18,sz,980082,央国企低碳科技
2025-09-18,sz,980083,央国企自主科技
2025-09-18,sz,980086,创新药
2025-09-18,sz,980092,自由现金流
2025-09-18,sz,980103,红利价值
2025-09-18,sz,980107,AI应用软件
2025-09-18,sz,980112,AI应用
2025-09-18,sz,980113,数字支付
2025-09-18,sz,980150,单项冠军
2025-09-18,sz,980202,国证小盘
2025-09-18,sz,980532,国证青岛海洋
2025-09-18,sz,983001,内地100
2025-09-18,sz,983002,内地100(港币)
2025-09-18,sz,983003,内地科技50
2025-09-18,sz,983004,内地科技50(港币)
2025-09-18,sz,983005,深港通综指
2025-09-18,sz,983006,深港通综指(港币)
2025-09-18,sz,983007,深港通100
2025-09-18,sz,983008,深港通100(港币)
2025-09-18,sz,983009,深港通手机产业链
2025-09-18,sz,983010,深港通手机产业链(港币)
2025-09-18,sz,983011,深港通绿色优选
2025-09-18,sz,983012,深港通绿色优选(港币)
2025-09-18,sz,983013,深港通能源
2025-09-18,sz,983014,深港通能源（港币）
2025-09-18,sz,983015,深港通材料
2025-09-18,sz,983016,深港通材料（港币）
2025-09-18,sz,983017,深港通工业
2025-09-18,sz,983018,深港通工业（港币）
2025-09-18,sz,983019,深港通可选消费
2025-09-18,sz,983020,深港通可选消费（港币）
2025-09-18,sz,983021,深港通主要消费
2025-09-18,sz,983022,深港通主要消费（港币）
2025-09-18,sz,983023,深港通医药卫生
2025-09-18,sz,983024,深港通医药卫生（港币）
2025-09-18,sz,983025,深港通金融
2025-09-18,sz,983026,深港通金融（港币）
2025-09-18,sz,983027,深港通信息技术
2025-09-18,sz,983028,深港通信息技术（港币）
2025-09-18,sz,983029,深港通电信业务
2025-09-18,sz,983030,深港通电信业务（港币）
2025-09-18,sz,983031,深港通公用事业
2025-09-18,sz,983032,深港通公用事业（港币）
2025-09-18,sz,983033,深港通通信服务
2025-09-18,sz,983034,深港通通信服务（港币）
2025-09-18,sz,983035,深港通医疗
2025-09-18,sz,983036,深港通医疗（港币）
2025-09-18,sz,983037,深港通食品零售
2025-09-18,sz,983038,深港通食品零售（港币）
2025-09-18,sz,983039,深港通汽车
2025-09-18,sz,983040,深港通汽车（港币）
2025-09-18,sz,983041,深港通服装纺织
2025-09-18,sz,983042,深港通服装纺织（港币）
2025-09-18,sz,983043,深港通电脑硬件
2025-09-18,sz,983044,深港通电脑硬件（港币）
2025-09-18,sz,983045,深港通消费服务
2025-09-18,sz,983046,深港通消费服务（港币）
2025-09-18,sz,983047,深港通网络软件
2025-09-18,sz,983048,深港通网络软件（港币）
2025-09-18,sz,983049,深港通耐用消费
2025-09-18,sz,983050,深港通耐用消费（港币）
2025-09-18,sz,983051,深港通农牧渔
2025-09-18,sz,983052,深港通农牧渔（港币）
2025-09-18,sz,983053,深港通非银
2025-09-18,sz,983054,深港通非银（港币）
2025-09-18,sz,983055,深港通工业服务
2025-09-18,sz,983056,深港通工业服务（港币）
2025-09-18,sz,983057,深港通电信服务
2025-09-18,sz,983058,深港通电信服务（港币）
2025-09-18,sz,983059,深港通生科
2025-09-18,sz,983060,深港通生科（港币）
2025-09-18,sz,983061,深港通基材
2025-09-18,sz,983062,深港通基材（港币）
2025-09-18,sz,983063,深港通化工
2025-09-18,sz,983064,深港通化工（港币）
2025-09-18,sz,983065,深港通食品饮料
2025-09-18,sz,983066,深港通食品饮料（港币）
2025-09-18,sz,983067,深港通半导体
2025-09-18,sz,983068,深港通半导体（港币）
2025-09-18,sz,983069,深港通工业品
2025-09-18,sz,983070,深港通工业品（港币）
2025-09-18,sz,983071,深港通房地产
2025-09-18,sz,983072,深港通房地产（港币）
2025-09-18,sz,983073,深港通零售
2025-09-18,sz,983074,深港通零售（港币）
2025-09-18,sz,983075,深港通传媒
2025-09-18,sz,983076,深港通传媒（港币）
2025-09-18,sz,983077,深港通运输
2025-09-18,sz,983078,深港通运输（港币）
2025-09-18,sz,983079,深港通制药
2025-09-18,sz,983080,深港通制药（港币）
2025-09-18,sz,983081,深港通银行
2025-09-18,sz,983082,深港通银行（港币）
2025-09-18,sz,983083,深港通内房股
2025-09-18,sz,983084,深港通内房股(港币)
2025-09-18,sz,983085,深港通节能
2025-09-18,sz,983086,深港通节能(港币)
2025-09-18,sz,983087,深港通新能源车
2025-09-18,sz,983088,深港通新能源车(港币)
2025-09-18,sz,983089,深港通大湾区
2025-09-18,sz,983090,深港通大湾区(港币)
2025-09-18,sz,983091,深港通50
2025-09-18,sz,983092,深港通50（港币）
2025-09-18,sz,983101,内地生物科技
2025-09-18,sz,983102,内地生物科技(港币)
2025-09-18,sz,983103,内地医疗器械
2025-09-18,sz,983104,内地医疗器械(港币)
2025-09-18,sz,983105,内地消费电子
2025-09-18,sz,983106,内地消费电子(港币)
2025-09-18,sz,983160,低碳科技
2025-09-18,sz,983161,低碳科技(港币)
2025-09-18,sz,987001,港股50
2025-09-18,sz,987002,港股50（人民币）
2025-09-18,sz,987003,港股通50
2025-09-18,sz,987004,港股通50（人民币）
2025-09-18,sz,987006,港股科技
2025-09-18,sz,987007,港股科技（人民币）
2025-09-18,sz,987008,港股通科技
2025-09-18,sz,987010,港股大中盘
2025-09-18,sz,987011,港股大中盘（人民币）
2025-09-18,sz,987012,港股大盘
2025-09-18,sz,987013,港股大盘（人民币）
2025-09-18,sz,987014,港股中盘
2025-09-18,sz,987015,港股中盘（人民币）
2025-09-18,sz,987016,港股通红利低波
2025-09-18,sz,987017,港股通红利低波（人民币）
2025-09-18,sz,987018,港股通创新药
2025-09-18,sz,987020,内房股
2025-09-18,sz,987021,内房股（人民币）
2025-09-18,sz,987022,港股通互联网
2025-09-18,sz,987024,港股通消费
2025-09-18,sz,987026,港股通新能源
2025-09-18,sz,987027,港股通新能源（人民币）
2025-09-18,sz,988006,创业板指(港币)(CNH)
2025-09-18,sz,988007,创业板指(美元)(CNH)
2025-09-18,sz,988106,创业板R(港币)(CNH)
2025-09-18,sz,988107,创业板R(美元)(CNH)
2025-09-18,sz,988201,湾创100R
2025-09-18,sz,989001,新华500
2025-09-18,sz,989004,新华优选价值50
2025-09-18,sz,989006,新华SHS新兴消费
2025-09-18,sz,989007,新华SHS新兴消费(港币)
2025-09-18,sz,989008,新华ESG300
2025-09-18,sz,989009,新华ESG 50
2025-09-18,sz,989011,青岛50
2025-09-18,sz,989013,稀土产业链
2025-09-18,sz,989015,智选策略100
2025-09-18,sz,989016,红利价值
2025-09-18,sz,989017,质量优势
2025-09-18,csi,990001,中华半导体芯片
2025-09-18,csi,CES100,中华港股通精选100
2025-09-18,csi,CES120,中华120
2025-09-18,csi,CES280,中华280
2025-09-18,csi,CES300,中华沪深港300
2025-09-18,csi,CESA80,中华 A80
2025-09-18,csi,CESCPD,中华内房股
2025-09-18,csi,CESG10,中华博彩指数
2025-09-18,csi,CESHKB,中华香港生物科技
2025-09-18,csi,CESHKM,中华香港内地指数
2025-09-18,csi,CESP50,中华港股通优选50
2025-09-18,csi,H00012,国债指数(净)
2025-09-18,csi,H00013,企债指数(净)
2025-09-18,csi,H11030,AMAC农林
2025-09-18,csi,H11031,AMAC采矿
2025-09-18,csi,H11041,AMAC公用
2025-09-18,csi,H11042,AMAC建筑
2025-09-18,csi,H11043,AMAC交运
2025-09-18,csi,H11044,AMAC信息
2025-09-18,csi,H11045,AMAC批零
2025-09-18,csi,H11046,AMAC金融
2025-09-18,csi,H11047,AMAC地产
2025-09-18,csi,H11049,AMAC文体
2025-09-18,csi,H11050,AMAC综企
2025-09-18,csi,H11052,智能电车
2025-09-18,csi,H11054,装备产业
2025-09-18,csi,H11057,石化产业
2025-09-18,csi,H11059,工业有色
2025-09-18,csi,H11080,HGSZ AAA
2025-09-18,csi,H11081,HGSZ AA+
2025-09-18,csi,H11082,HGSZ AA
2025-09-18,csi,H11083,HGSZ 1-3
2025-09-18,csi,H11084,HGSZ 3-5
2025-09-18,csi,H11085,HGSZ 5-7
2025-09-18,csi,H11086,HGSZ7-10
2025-09-18,csi,H11100,香港100
2025-09-18,csi,H11110,香港F50
2025-09-18,csi,H11120,香港中盘精选
2025-09-18,csi,H11121,富国多空
2025-09-18,csi,H11123,香港内地50
2025-09-18,csi,H11136,中国互联网
2025-09-18,csi,H11140,香港红利
2025-09-18,csi,H11143,港股通内地地产
2025-09-18,csi,H11144,HKT内地消费
2025-09-18,csi,H11146,港股通内地金融
2025-09-18,csi,H11152,内地民营
2025-09-18,csi,H11153,内地国有
2025-09-18,csi,H11164,香港300
2025-09-18,csi,H30007,芯片产业
2025-09-18,csi,H30015,800汽车
2025-09-18,csi,H30022,800银行
2025-09-18,csi,H30031,800有色
2025-09-18,csi,H30035,300非银
2025-09-18,csi,H30036,AMAC餐饮
2025-09-18,csi,H30037,AMAC商务
2025-09-18,csi,H30038,AMAC科技
2025-09-18,csi,H30039,AMAC公共
2025-09-18,csi,H30040,AMAC社会
2025-09-18,csi,H30041,AMAC农副
2025-09-18,csi,H30042,AMAC食品
2025-09-18,csi,H30043,AMAC饮料
2025-09-18,csi,H30044,AMAC纺织
2025-09-18,csi,H30045,AMAC服装
2025-09-18,csi,H30046,AMAC皮革
2025-09-18,csi,H30047,AMAC木材
2025-09-18,csi,H30048,AMAC家具
2025-09-18,csi,H30049,AMAC造纸
2025-09-18,csi,H30050,AMAC印刷
2025-09-18,csi,H30051,AMAC文教
2025-09-18,csi,H30052,AMAC石化
2025-09-18,csi,H30053,AMAC化学
2025-09-18,csi,H30054,AMAC医药
2025-09-18,csi,H30055,AMAC化纤
2025-09-18,csi,H30056,AMAC橡胶
2025-09-18,csi,H30057,AMAC矿物
2025-09-18,csi,H30058,AMAC钢铁
2025-09-18,csi,H30059,AMAC有色
2025-09-18,csi,H30060,AMAC金属
2025-09-18,csi,H30061,AMAC通用
2025-09-18,csi,H30062,AMAC专用
2025-09-18,csi,H30063,AMAC汽车
2025-09-18,csi,H30064,AMAC运输
2025-09-18,csi,H30065,AMAC电气
2025-09-18,csi,H30066,AMAC电子
2025-09-18,csi,H30067,AMAC仪表
2025-09-18,csi,H30082,300两倍
2025-09-18,csi,H30083,300反向
2025-09-18,csi,H30086,800金融
2025-09-18,csi,H30089,红利潜力
2025-09-18,csi,H30094,消费红利
2025-09-18,csi,H30106,H300金融服务
2025-09-18,csi,H30124,安中动态
2025-09-18,csi,H30171,运输指数
2025-09-18,csi,H30178,医疗保健
2025-09-18,csi,H30182,计算机
2025-09-18,csi,H30184,半导体
2025-09-18,csi,H30198,油气产业
2025-09-18,csi,H30199,电力指数
2025-09-18,csi,H30202,软件指数
2025-09-18,csi,H30205,饮料指数
2025-09-18,csi,H30217,医疗器械
2025-09-18,csi,H30251,500原料
2025-09-18,csi,H30252,500工业
2025-09-18,csi,H30255,500医药
2025-09-18,csi,H30257,500信息
2025-09-18,csi,H30263,腾讯济安
2025-09-18,csi,H30269,红利低波
2025-09-18,csi,H30270,红利价值
2025-09-18,csi,H30318,科技传媒通信150
2025-09-18,csi,H30332,香港50
2025-09-18,csi,H30344,健康产业
2025-09-18,csi,H30352,500价值
2025-09-18,csi,H30356,800价值
2025-09-18,csi,H30359,转型成长
2025-09-18,csi,H30362,基本300
2025-09-18,csi,H30363,基本500
2025-09-18,csi,H30365,文娱传媒
2025-09-18,csi,H30366,高息策略
2025-09-18,csi,H30372,中证安全
2025-09-18,csi,H30373,百发100
2025-09-18,csi,H30403,300日报酬两倍
2025-09-18,csi,H30404,300日报酬反向
2025-09-18,csi,H30455,沪港深500
2025-09-18,csi,H30463,沪港深500医药
2025-09-18,csi,H30531,精工制造
2025-09-18,csi,H30533,中国互联网50
2025-09-18,csi,H30535,互联网
2025-09-18,csi,H30537,淘金100
2025-09-18,csi,H30552,沪港深通TMT
2025-09-18,csi,H30588,中证证保
2025-09-18,csi,H30590,机器人
2025-09-18,csi,H30597,新材料
2025-09-18,csi,H50001,180能源
2025-09-18,csi,H50002,180材料
2025-09-18,csi,H50003,180工业
2025-09-18,csi,H50004,180可选
2025-09-18,csi,H50005,180消费
2025-09-18,csi,H50006,180医药
2025-09-18,csi,H50007,180金融地产
2025-09-18,csi,H50008,180信息
2025-09-18,csi,H50009,180通信
2025-09-18,csi,H50010,180公用
2025-09-18,csi,H50011,沪环渤海
2025-09-18,csi,H50012,沪长三角
2025-09-18,csi,H50013,沪珠三角
2025-09-18,csi,H50014,沪中部
2025-09-18,csi,H50015,沪西部
2025-09-18,csi,H50016,沪东北
2025-09-18,csi,H50017,沪信息业
2025-09-18,csi,H50018,上证文化
2025-09-18,csi,H50019,上红回报
2025-09-18,csi,H50020,上红潜力
2025-09-18,csi,H50021,沪能源红
2025-09-18,csi,H50022,沪材料红
2025-09-18,csi,H50023,沪工业红
2025-09-18,csi,H50024,沪可选红
2025-09-18,csi,H50025,沪消费红
2025-09-18,csi,H50026,沪医药红
2025-09-18,csi,H50027,沪金融红
2025-09-18,csi,H50028,沪信息红
2025-09-18,csi,H50029,沪通信红
2025-09-18,csi,H50030,沪公用红
2025-09-18,csi,H50031,沪绿色城
2025-09-18,csi,H50032,沪城交通
2025-09-18,csi,H50033,沪城消费
2025-09-18,csi,H50034,沪城基建
2025-09-18,csi,H50035,沪智交通
2025-09-18,csi,H50036,上证军工
2025-09-18,csi,H50037,上证城镇
2025-09-18,csi,H50038,沪智慧城
2025-09-18,csi,H50039,上证TMT
2025-09-18,csi,H50040,上红低波
2025-09-18,csi,H50042,上红价值
2025-09-18,csi,H50045,180两倍
2025-09-18,csi,H50046,180反向
2025-09-18,csi,H50047,180反两
2025-09-18,csi,H50052,上国改革
2025-09-18,csi,H50053,上证移动
2025-09-18,csi,H50054,上证休闲
2025-09-18,csi,H50055,沪大农业
2025-09-18,csi,H50069,港股通
2025-09-18,csi,SHHKSI,沪港精明
