date,index,index_name,symbol,name,weight
2026-01-23,H30184,半导体,688256,寒武纪,8.871
2026-01-23,H30184,半导体,688981,中芯国际,7.623
2026-01-23,H30184,半导体,688041,海光信息,6.476
2026-01-23,H30184,半导体,002371,北方华创,6.169
2026-01-23,H30184,半导体,603986,兆易创新,4.441
2026-01-23,H30184,半导体,688008,澜起科技,4.187
2026-01-23,H30184,半导体,688012,中微公司,3.71
2026-01-23,H30184,半导体,603501,豪威集团,3.308
2026-01-23,H30184,半导体,688072,拓荆科技,1.728
2026-01-23,H30184,半导体,002049,紫光国微,1.663
2026-01-23,H30184,半导体,600584,长电科技,1.634
2026-01-23,H30184,半导体,688521,芯原股份,1.565
2026-01-23,H30184,半导体,002156,通富微电,1.421
2026-01-23,H30184,半导体,300604,长川科技,1.396
2026-01-23,H30184,半导体,688347,华虹公司,1.365
2026-01-23,H30184,半导体,688126,沪硅产业,1.287
2026-01-23,H30184,半导体,688110,东芯股份,1.262
2026-01-23,H30184,半导体,603893,瑞芯微,1.165
2026-01-23,H30184,半导体,688525,佰维存储,1.164
2026-01-23,H30184,半导体,688120,华海清科,1.153
2026-01-23,H30184,半导体,688002,睿创微纳,1.152
2026-01-23,H30184,半导体,300223,北京君正,1.112
2026-01-23,H30184,半导体,688469,芯联集成,1.044
2026-01-23,H30184,半导体,688249,晶合集成,1.034
2026-01-23,H30184,半导体,600460,士兰微,1.027
2026-01-23,H30184,半导体,688361,中科飞测,0.998
2026-01-23,H30184,半导体,001309,德明利,0.98
2026-01-23,H30184,半导体,300782,卓胜微,0.947
2026-01-23,H30184,半导体,300661,圣邦股份,0.921
2026-01-23,H30184,半导体,300346,南大光电,0.92
2026-01-23,H30184,半导体,688099,晶晨股份,0.912
2026-01-23,H30184,半导体,300456,赛微电子,0.89
2026-01-23,H30184,半导体,002185,华天科技,0.873
2026-01-23,H30184,半导体,688396,华润微,0.871
2026-01-23,H30184,半导体,688385,复旦微电,0.86
2026-01-23,H30184,半导体,688608,恒玄科技,0.832
2026-01-23,H30184,半导体,688213,思特威,0.83
2026-01-23,H30184,半导体,688047,龙芯中科,0.822
2026-01-23,H30184,半导体,300474,景嘉微,0.816
2026-01-23,H30184,半导体,688019,安集科技,0.798
2026-01-23,H30184,半导体,300458,全志科技,0.754
2026-01-23,H30184,半导体,688037,芯源微,0.744
2026-01-23,H30184,半导体,301269,华大九天,0.72
2026-01-23,H30184,半导体,300373,扬杰科技,0.688
2026-01-23,H30184,半导体,603160,汇顶科技,0.684
2026-01-23,H30184,半导体,002409,雅克科技,0.657
2026-01-23,H30184,半导体,688220,翱捷科技,0.644
2026-01-23,H30184,半导体,300666,江丰电子,0.606
2026-01-23,H30184,半导体,688234,天岳先进,0.593
2026-01-23,H30184,半导体,605358,立昂微,0.58
2026-01-23,H30184,半导体,603005,晶方科技,0.56
2026-01-23,H30184,半导体,688052,纳芯微,0.56
2026-01-23,H30184,半导体,688200,华峰测控,0.56
2026-01-23,H30184,半导体,600171,上海贝岭,0.55
2026-01-23,H30184,半导体,688702,盛科通信,0.541
2026-01-23,H30184,半导体,688018,乐鑫科技,0.529
2026-01-23,H30184,半导体,688082,盛美上海,0.525
2026-01-23,H30184,半导体,300672,国科微,0.508
2026-01-23,H30184,半导体,688123,聚辰股份,0.494
2026-01-23,H30184,半导体,688536,思瑞浦,0.479
2026-01-23,H30184,半导体,301611,珂玛科技,0.464
2026-01-23,H30184,半导体,300236,上海新阳,0.434
2026-01-23,H30184,半导体,300623,捷捷微电,0.421
2026-01-23,H30184,半导体,688582,芯动联科,0.412
2026-01-23,H30184,半导体,600877,电科芯片,0.387
2026-01-23,H30184,半导体,688484,南芯科技,0.378
2026-01-23,H30184,半导体,600206,有研新材,0.374
2026-01-23,H30184,半导体,605111,新洁能,0.368
2026-01-23,H30184,半导体,688141,杰华特,0.364
2026-01-23,H30184,半导体,688728,格科微,0.362
2026-01-23,H30184,半导体,603290,斯达半导,0.357
2026-01-23,H30184,半导体,688409,富创精密,0.32
2026-01-23,H30184,半导体,301536,星宸科技,0.314
2026-01-23,H30184,半导体,688279,峰岹科技,0.295
2026-01-23,H30184,半导体,688362,甬矽电子,0.289
2026-01-23,H30184,半导体,688709,成都华微,0.273
2026-01-23,H30184,半导体,688172,燕东微,0.256
2026-01-23,H30184,半导体,301095,广立微,0.223
2026-01-23,H30184,半导体,688798,艾为电子,0.22
2026-01-23,H30184,半导体,688153,唯捷创芯,0.201
2026-01-23,H30184,半导体,300613,富瀚微,0.199
2026-01-23,H30184,半导体,688146,中船特气,0.199
2026-01-23,H30184,半导体,688332,中科蓝讯,0.197
2026-01-23,H30184,半导体,688352,颀中科技,0.186
2026-01-23,H30184,半导体,688549,中巨芯,0.167
2026-01-23,H30184,半导体,688584,上海合晶,0.136
2026-01-23,931743,半导体材料设备,002371,北方华创,14.214
2026-01-23,931743,半导体材料设备,688012,中微公司,14.151
2026-01-23,931743,半导体材料设备,688072,拓荆科技,7.031
2026-01-23,931743,半导体材料设备,300604,长川科技,5.682
2026-01-23,931743,半导体材料设备,688126,沪硅产业,5.238
2026-01-23,931743,半导体材料设备,688120,华海清科,4.692
2026-01-23,931743,半导体材料设备,688361,中科飞测,4.059
2026-01-23,931743,半导体材料设备,300346,南大光电,3.745
2026-01-23,931743,半导体材料设备,688019,安集科技,3.247
2026-01-23,931743,半导体材料设备,688037,芯源微,3.025
2026-01-23,931743,半导体材料设备,002409,雅克科技,2.672
2026-01-23,931743,半导体材料设备,300666,江丰电子,2.466
2026-01-23,931743,半导体材料设备,688234,天岳先进,2.412
2026-01-23,931743,半导体材料设备,605358,立昂微,2.362
2026-01-23,931743,半导体材料设备,688200,华峰测控,2.279
2026-01-23,931743,半导体材料设备,300655,晶瑞电材,2.186
2026-01-23,931743,半导体材料设备,688082,盛美上海,2.135
2026-01-23,931743,半导体材料设备,301611,珂玛科技,1.888
2026-01-23,931743,半导体材料设备,300236,上海新阳,1.766
2026-01-23,931743,半导体材料设备,600206,有研新材,1.521
2026-01-23,931743,半导体材料设备,688409,富创精密,1.303
2026-01-23,931743,半导体材料设备,688652,京仪装备,1.251
2026-01-23,931743,半导体材料设备,603690,至纯科技,1.217
2026-01-23,931743,半导体材料设备,301095,广立微,0.907
2026-01-23,931743,半导体材料设备,688233,神工股份,0.904
2026-01-23,931743,半导体材料设备,688146,中船特气,0.81
2026-01-23,931743,半导体材料设备,688549,中巨芯,0.681
2026-01-23,931743,半导体材料设备,688535,华海诚科,0.68
2026-01-23,931743,半导体材料设备,603061,金海通,0.638
2026-01-23,931743,半导体材料设备,688432,有研硅,0.587
2026-01-23,931743,半导体材料设备,688584,上海合晶,0.553
2026-01-23,931743,半导体材料设备,688720,艾森股份,0.548
2026-01-23,931743,半导体材料设备,002119,康强电子,0.546
2026-01-23,931743,半导体材料设备,603078,江化微,0.522
2026-01-23,931743,半导体材料设备,301369,联动科技,0.477
2026-01-23,931743,半导体材料设备,600520,三佳科技,0.394
2026-01-23,931743,半导体材料设备,301629,矽电股份,0.345
2026-01-23,931743,半导体材料设备,688478,晶升股份,0.327
2026-01-23,931743,半导体材料设备,003026,中晶科技,0.303
2026-01-23,931743,半导体材料设备,688721,龙图光罩,0.235
2026-01-23,000685,科创芯片,688981,中芯国际,10.363
2026-01-23,000685,科创芯片,688041,海光信息,10.046
2026-01-23,000685,科创芯片,688256,寒武纪,9.454
2026-01-23,000685,科创芯片,688008,澜起科技,7.732
2026-01-23,000685,科创芯片,688012,中微公司,6.851
2026-01-23,000685,科创芯片,688072,拓荆科技,3.191
2026-01-23,000685,科创芯片,688521,芯原股份,2.89
2026-01-23,000685,科创芯片,688347,华虹公司,2.521
2026-01-23,000685,科创芯片,688126,沪硅产业,2.377
2026-01-23,000685,科创芯片,688110,东芯股份,2.331
2026-01-23,000685,科创芯片,688498,源杰科技,2.214
2026-01-23,000685,科创芯片,688525,佰维存储,2.149
2026-01-23,000685,科创芯片,688120,华海清科,2.129
2026-01-23,000685,科创芯片,688002,睿创微纳,2.127
2026-01-23,000685,科创芯片,688249,晶合集成,1.91
2026-01-23,000685,科创芯片,688361,中科飞测,1.842
2026-01-23,000685,科创芯片,688099,晶晨股份,1.685
2026-01-23,000685,科创芯片,688313,仕佳光子,1.634
2026-01-23,000685,科创芯片,688396,华润微,1.609
2026-01-23,000685,科创芯片,688385,复旦微电,1.588
2026-01-23,000685,科创芯片,688608,恒玄科技,1.536
2026-01-23,000685,科创芯片,688213,思特威,1.533
2026-01-23,000685,科创芯片,688047,龙芯中科,1.518
2026-01-23,000685,科创芯片,688019,安集科技,1.474
2026-01-23,000685,科创芯片,688037,芯源微,1.373
2026-01-23,000685,科创芯片,688220,翱捷科技,1.188
2026-01-23,000685,科创芯片,688234,天岳先进,1.095
2026-01-23,000685,科创芯片,688052,纳芯微,1.034
2026-01-23,000685,科创芯片,688200,华峰测控,1.034
2026-01-23,000685,科创芯片,688702,盛科通信,0.999
2026-01-23,000685,科创芯片,688018,乐鑫科技,0.977
2026-01-23,000685,科创芯片,688082,盛美上海,0.969
2026-01-23,000685,科创芯片,688536,思瑞浦,0.884
2026-01-23,000685,科创芯片,688582,芯动联科,0.761
2026-01-23,000685,科创芯片,688484,南芯科技,0.698
2026-01-23,000685,科创芯片,688141,杰华特,0.673
2026-01-23,000685,科创芯片,688728,格科微,0.668
2026-01-23,000685,科创芯片,688409,富创精密,0.591
2026-01-23,000685,科创芯片,688279,峰岹科技,0.544
2026-01-23,000685,科创芯片,688709,成都华微,0.504
2026-01-23,000685,科创芯片,688172,燕东微,0.474
2026-01-23,000685,科创芯片,688798,艾为电子,0.407
2026-01-23,000685,科创芯片,688153,唯捷创芯,0.371
2026-01-23,000685,科创芯片,688146,中船特气,0.368
2026-01-23,000685,科创芯片,688332,中科蓝讯,0.363
2026-01-23,000685,科创芯片,688352,颀中科技,0.344
2026-01-23,000685,科创芯片,688432,有研硅,0.266
2026-01-23,000685,科创芯片,688584,上海合晶,0.251
2026-01-23,000685,科创芯片,688449,联芸科技,0.238
2026-01-23,000685,科创芯片,688605,先锋精科,0.224
2026-01-23,980017,国证芯片,688981,中芯国际,10.41
2026-01-23,980017,国证芯片,688041,海光信息,10.09
2026-01-23,980017,国证芯片,688256,寒武纪,9.5
2026-01-23,980017,国证芯片,002371,北方华创,8.79
2026-01-23,980017,国证芯片,603986,兆易创新,6.75
2026-01-23,980017,国证芯片,688008,澜起科技,6.43
2026-01-23,980017,国证芯片,688012,中微公司,6.13
2026-01-23,980017,国证芯片,603501,豪威集团,5.2
2026-01-23,980017,国证芯片,688072,拓荆科技,2.86
2026-01-23,980017,国证芯片,600584,长电科技,2.64
2026-01-23,980017,国证芯片,002049,紫光国微,2.56
2026-01-23,980017,国证芯片,600703,三安光电,2.36
2026-01-23,980017,国证芯片,688521,芯原股份,2.29
2026-01-23,980017,国证芯片,002156,通富微电,2.18
2026-01-23,980017,国证芯片,603893,瑞芯微,1.85
2026-01-23,980017,国证芯片,300223,北京君正,1.82
2026-01-23,980017,国证芯片,688120,华海清科,1.81
2026-01-23,980017,国证芯片,688126,沪硅产业,1.81
2026-01-23,980017,国证芯片,600460,士兰微,1.67
2026-01-23,980017,国证芯片,600745,闻泰科技,1.66
2026-01-23,980017,国证芯片,300782,卓胜微,1.4
2026-01-23,980017,国证芯片,300661,圣邦股份,1.38
2026-01-23,980017,国证芯片,688249,晶合集成,1.38
2026-01-23,980017,国证芯片,300474,景嘉微,1.23
2026-01-23,980017,国证芯片,688396,华润微,1.23
2026-01-23,980017,国证芯片,300316,晶盛机电,1.12
2026-01-23,980017,国证芯片,688047,龙芯中科,1.1
2026-01-23,980017,国证芯片,301269,华大九天,1.09
2026-01-23,980017,国证芯片,688082,盛美上海,0.72
2026-01-23,980017,国证芯片,688728,格科微,0.54
2026-01-23,932066,半导体行业精选,688256,寒武纪,11.789
2026-01-23,932066,半导体行业精选,688981,中芯国际,10.13
2026-01-23,932066,半导体行业精选,688041,海光信息,8.606
2026-01-23,932066,半导体行业精选,002371,北方华创,8.198
2026-01-23,932066,半导体行业精选,603986,兆易创新,5.902
2026-01-23,932066,半导体行业精选,688008,澜起科技,5.564
2026-01-23,932066,半导体行业精选,688012,中微公司,4.93
2026-01-23,932066,半导体行业精选,603501,豪威集团,4.396
2026-01-23,932066,半导体行业精选,688072,拓荆科技,2.296
2026-01-23,932066,半导体行业精选,002049,紫光国微,2.209
2026-01-23,932066,半导体行业精选,600584,长电科技,2.172
2026-01-23,932066,半导体行业精选,002156,通富微电,1.888
2026-01-23,932066,半导体行业精选,300604,长川科技,1.856
2026-01-23,932066,半导体行业精选,603893,瑞芯微,1.548
2026-01-23,932066,半导体行业精选,688120,华海清科,1.532
2026-01-23,932066,半导体行业精选,688002,睿创微纳,1.531
2026-01-23,932066,半导体行业精选,688249,晶合集成,1.374
2026-01-23,932066,半导体行业精选,600460,士兰微,1.365
2026-01-23,932066,半导体行业精选,688361,中科飞测,1.326
2026-01-23,932066,半导体行业精选,300661,圣邦股份,1.225
2026-01-23,932066,半导体行业精选,300346,南大光电,1.223
2026-01-23,932066,半导体行业精选,688099,晶晨股份,1.212
2026-01-23,932066,半导体行业精选,688608,恒玄科技,1.105
2026-01-23,932066,半导体行业精选,688213,思特威,1.103
2026-01-23,932066,半导体行业精选,688019,安集科技,1.061
2026-01-23,932066,半导体行业精选,300458,全志科技,1.002
2026-01-23,932066,半导体行业精选,301269,华大九天,0.957
2026-01-23,932066,半导体行业精选,300373,扬杰科技,0.914
2026-01-23,932066,半导体行业精选,603160,汇顶科技,0.908
2026-01-23,932066,半导体行业精选,688270,臻镭科技,0.862
2026-01-23,932066,半导体行业精选,603005,晶方科技,0.744
2026-01-23,932066,半导体行业精选,688200,华峰测控,0.744
2026-01-23,932066,半导体行业精选,600171,上海贝岭,0.731
2026-01-23,932066,半导体行业精选,688702,盛科通信,0.719
2026-01-23,932066,半导体行业精选,688018,乐鑫科技,0.703
2026-01-23,932066,半导体行业精选,688082,盛美上海,0.697
2026-01-23,932066,半导体行业精选,300672,国科微,0.675
2026-01-23,932066,半导体行业精选,688123,聚辰股份,0.656
2026-01-23,932066,半导体行业精选,301611,珂玛科技,0.617
2026-01-23,932066,半导体行业精选,300623,捷捷微电,0.559
2026-01-23,932066,半导体行业精选,688582,芯动联科,0.548
2026-01-23,932066,半导体行业精选,301536,星宸科技,0.417
2026-01-23,932066,半导体行业精选,688279,峰岹科技,0.391
2026-01-23,932066,半导体行业精选,688049,炬芯科技,0.304
2026-01-23,932066,半导体行业精选,688591,泰凌微,0.296
2026-01-23,932066,半导体行业精选,688798,艾为电子,0.293
2026-01-23,932066,半导体行业精选,688508,芯朋微,0.231
2026-01-23,932066,半导体行业精选,688486,龙迅股份,0.204
2026-01-23,932066,半导体行业精选,688209,英集芯,0.143
2026-01-23,932066,半导体行业精选,688252,天德钰,0.143
2026-01-23,932139,半导体行业,688256,寒武纪,10.74
2026-01-23,932139,半导体行业,688981,中芯国际,9.229
2026-01-23,932139,半导体行业,688041,海光信息,7.84
2026-01-23,932139,半导体行业,002371,北方华创,7.469
2026-01-23,932139,半导体行业,603986,兆易创新,5.377
2026-01-23,932139,半导体行业,688008,澜起科技,5.069
2026-01-23,932139,半导体行业,688012,中微公司,4.492
2026-01-23,932139,半导体行业,603501,豪威集团,4.005
2026-01-23,932139,半导体行业,688072,拓荆科技,2.092
2026-01-23,932139,半导体行业,002049,紫光国微,2.013
2026-01-23,932139,半导体行业,600584,长电科技,1.979
2026-01-23,932139,半导体行业,688521,芯原股份,1.895
2026-01-23,932139,半导体行业,002156,通富微电,1.72
2026-01-23,932139,半导体行业,300604,长川科技,1.691
2026-01-23,932139,半导体行业,688126,沪硅产业,1.559
2026-01-23,932139,半导体行业,603893,瑞芯微,1.41
2026-01-23,932139,半导体行业,688525,佰维存储,1.409
2026-01-23,932139,半导体行业,688120,华海清科,1.396
2026-01-23,932139,半导体行业,688002,睿创微纳,1.395
2026-01-23,932139,半导体行业,300223,北京君正,1.346
2026-01-23,932139,半导体行业,688469,芯联集成,1.264
2026-01-23,932139,半导体行业,688249,晶合集成,1.252
2026-01-23,932139,半导体行业,600460,士兰微,1.244
2026-01-23,932139,半导体行业,688361,中科飞测,1.208
2026-01-23,932139,半导体行业,300782,卓胜微,1.147
2026-01-23,932139,半导体行业,300661,圣邦股份,1.116
2026-01-23,932139,半导体行业,688099,晶晨股份,1.104
2026-01-23,932139,半导体行业,002185,华天科技,1.057
2026-01-23,932139,半导体行业,688396,华润微,1.055
2026-01-23,932139,半导体行业,688385,复旦微电,1.041
2026-01-23,932139,半导体行业,688608,恒玄科技,1.007
2026-01-23,932139,半导体行业,688213,思特威,1.005
2026-01-23,932139,半导体行业,688047,龙芯中科,0.995
2026-01-23,932139,半导体行业,300474,景嘉微,0.988
2026-01-23,932139,半导体行业,300458,全志科技,0.913
2026-01-23,932139,半导体行业,301269,华大九天,0.872
2026-01-23,932139,半导体行业,300373,扬杰科技,0.833
2026-01-23,932139,半导体行业,603160,汇顶科技,0.828
2026-01-23,932139,半导体行业,002409,雅克科技,0.795
2026-01-23,932139,半导体行业,688220,翱捷科技,0.779
2026-01-23,932139,半导体行业,688234,天岳先进,0.718
2026-01-23,932139,半导体行业,600171,上海贝岭,0.666
2026-01-23,932139,半导体行业,688702,盛科通信,0.655
2026-01-23,932139,半导体行业,688082,盛美上海,0.635
2026-01-23,932139,半导体行业,301611,珂玛科技,0.562
2026-01-23,932139,半导体行业,300623,捷捷微电,0.51
2026-01-23,932139,半导体行业,688582,芯动联科,0.499
2026-01-23,932139,半导体行业,688728,格科微,0.438
2026-01-23,932139,半导体行业,301536,星宸科技,0.38
2026-01-23,932139,半导体行业,688172,燕东微,0.311
2026-01-23,H30590,机器人,002230,科大讯飞,9.803
2026-01-23,H30590,机器人,300124,汇川技术,9.754
2026-01-23,H30590,机器人,601689,拓普集团,7.948
2026-01-23,H30590,机器人,002236,大华股份,4.427
2026-01-23,H30590,机器人,002008,大族激光,4.021
2026-01-23,H30590,机器人,002472,双环传动,3.819
2026-01-23,H30590,机器人,688169,石头科技,3.736
2026-01-23,H30590,机器人,688777,中控技术,3.701
2026-01-23,H30590,机器人,688017,绿的谐波,2.922
2026-01-23,H30590,机器人,300024,机器人,2.7
2026-01-23,H30590,机器人,688343,云天励飞,2.265
2026-01-23,H30590,机器人,603486,科沃斯,2.215
2026-01-23,H30590,机器人,688322,奥比中光,2.131
2026-01-23,H30590,机器人,002031,巨轮智能,2.049
2026-01-23,H30590,机器人,002139,拓邦股份,2.036
2026-01-23,H30590,机器人,688188,柏楚电子,1.86
2026-01-23,H30590,机器人,603728,鸣志电器,1.796
2026-01-23,H30590,机器人,002747,埃斯顿,1.468
2026-01-23,H30590,机器人,601608,中信重工,1.431
2026-01-23,H30590,机器人,300503,昊志机电,1.397
2026-01-23,H30590,机器人,300607,拓斯达,1.303
2026-01-23,H30590,机器人,688698,伟创电气,1.253
2026-01-23,H30590,机器人,002896,中大力德,1.249
2026-01-23,H30590,机器人,300660,江苏雷利,1.162
2026-01-23,H30590,机器人,300276,三丰智能,1.127
2026-01-23,H30590,机器人,000967,盈峰环境,1.102
2026-01-23,H30590,机器人,301510,固高科技,1.065
2026-01-23,H30590,机器人,002527,新时达,0.976
2026-01-23,H30590,机器人,002979,雷赛智能,0.94
2026-01-23,H30590,机器人,000837,秦川机床,0.937
2026-01-23,H30590,机器人,688248,南网科技,0.898
2026-01-23,H30590,机器人,002975,博杰股份,0.878
2026-01-23,H30590,机器人,688306,均普智能,0.844
2026-01-23,H30590,机器人,300278,华昌达,0.822
2026-01-23,H30590,机器人,300222,科大智能,0.807
2026-01-23,H30590,机器人,688165,埃夫特,0.735
2026-01-23,H30590,机器人,002892,科力尔,0.71
2026-01-23,H30590,机器人,688003,天准科技,0.678
2026-01-23,H30590,机器人,688160,步科股份,0.657
2026-01-23,H30590,机器人,688277,天智航,0.575
2026-01-23,H30590,机器人,603915,国茂股份,0.573
2026-01-23,H30590,机器人,002957,科瑞技术,0.539
2026-01-23,H30590,机器人,688686,奥普特,0.539
2026-01-23,H30590,机器人,301368,丰立智能,0.535
2026-01-23,H30590,机器人,603416,信捷电气,0.514
2026-01-23,H30590,机器人,300161,华中数控,0.479
2026-01-23,H30590,机器人,688090,瑞松科技,0.452
2026-01-23,H30590,机器人,603203,快克智能,0.44
2026-01-23,H30590,机器人,603666,亿嘉和,0.434
2026-01-23,H30590,机器人,603960,克来机电,0.432
2026-01-23,H30590,机器人,002248,华东数控,0.42
2026-01-23,H30590,机器人,688320,禾川科技,0.401
2026-01-23,H30590,机器人,002380,科远智慧,0.387
2026-01-23,H30590,机器人,688084,晶品特装,0.371
2026-01-23,H30590,机器人,688290,景业智能,0.36
2026-01-23,H30590,机器人,300802,矩子科技,0.322
2026-01-23,H30590,机器人,600215,派斯林,0.31
2026-01-23,H30590,机器人,603015,弘讯科技,0.301
2026-01-23,H30590,机器人,688255,凯尔达,0.286
2026-01-23,H30590,机器人,600560,金自天正,0.26
2026-01-23,H30590,机器人,688218,江苏北人,0.257
2026-01-23,H30590,机器人,688022,瀚川智能,0.223
2026-01-23,H30590,机器人,301112,信邦智能,0.206
2026-01-23,H30590,机器人,001306,夏厦精密,0.199
2026-01-23,H30590,机器人,301199,迈赫股份,0.155
2026-01-23,399283,机器人50,002230,科大讯飞,10.03
2026-01-23,399283,机器人50,300124,汇川技术,9.98
2026-01-23,399283,机器人50,000333,美的集团,9.22
2026-01-23,399283,机器人50,000988,华工科技,7.25
2026-01-23,399283,机器人50,300450,先导智能,5.95
2026-01-23,399283,机器人50,300115,长盈精密,4.76
2026-01-23,399283,机器人50,002179,中航光电,4.42
2026-01-23,399283,机器人50,002851,麦格米特,4.02
2026-01-23,399283,机器人50,002236,大华股份,3.91
2026-01-23,399283,机器人50,002008,大族激光,3.57
2026-01-23,399283,机器人50,002472,双环传动,3.48
2026-01-23,399283,机器人50,300458,全志科技,2.71
2026-01-23,399283,机器人50,300024,机器人,2.34
2026-01-23,399283,机器人50,002611,东方精工,1.82
2026-01-23,399283,机器人50,002139,拓邦股份,1.58
2026-01-23,399283,机器人50,300007,汉威科技,1.54
2026-01-23,399283,机器人50,002747,埃斯顿,1.33
2026-01-23,399283,机器人50,002698,博实股份,1.12
2026-01-23,399283,机器人50,300607,拓斯达,1.09
2026-01-23,399283,机器人50,300455,航天智装,1.08
2026-01-23,399283,机器人50,002896,中大力德,1.04
2026-01-23,399283,机器人50,002006,精工科技,1
2026-01-23,399283,机器人50,301510,固高科技,0.94
2026-01-23,399283,机器人50,300276,三丰智能,0.93
2026-01-23,399283,机器人50,002063,远光软件,0.91
2026-01-23,399283,机器人50,300415,伊之密,0.9
2026-01-23,399283,机器人50,000967,盈峰环境,0.84
2026-01-23,399283,机器人50,000837,秦川机床,0.8
2026-01-23,399283,机器人50,002979,雷赛智能,0.79
2026-01-23,399283,机器人50,300222,科大智能,0.75
2026-01-23,399283,机器人50,002975,博杰股份,0.74
2026-01-23,399283,机器人50,002334,英威腾,0.73
2026-01-23,399283,机器人50,000821,京山轻机,0.7
2026-01-23,399283,机器人50,300278,华昌达,0.68
2026-01-23,399283,机器人50,000795,英洛华,0.65
2026-01-23,399283,机器人50,300201,海伦哲,0.59
2026-01-23,399283,机器人50,002892,科力尔,0.58
2026-01-23,399283,机器人50,002559,亚威股份,0.52
2026-01-23,399283,机器人50,002997,瑞鹄模具,0.52
2026-01-23,399283,机器人50,002026,山东威达,0.47
2026-01-23,399283,机器人50,002829,星网宇达,0.46
2026-01-23,399283,机器人50,002957,科瑞技术,0.44
2026-01-23,399283,机器人50,003019,宸展光电,0.44
2026-01-23,399283,机器人50,300161,华中数控,0.43
2026-01-23,399283,机器人50,300293,蓝英装备,0.41
2026-01-23,399283,机器人50,300307,慈星股份,0.41
2026-01-23,399283,机器人50,300532,今天国际,0.37
2026-01-23,399283,机器人50,002380,科远智慧,0.34
2026-01-23,399283,机器人50,300853,申昊科技,0.23
2026-01-23,399283,机器人50,301662,宏工科技,0.22
2026-01-23,932438,科创创业机器人,300124,汇川技术,9.724
2026-01-23,932438,科创创业机器人,688777,中控技术,8.586
2026-01-23,932438,科创创业机器人,688017,绿的谐波,6.778
2026-01-23,932438,科创创业机器人,300024,机器人,6.264
2026-01-23,932438,科创创业机器人,688322,奥比中光,4.945
2026-01-23,932438,科创创业机器人,300100,双林股份,3.738
2026-01-23,932438,科创创业机器人,300353,东土科技,3.442
2026-01-23,932438,科创创业机器人,300503,昊志机电,3.24
2026-01-23,932438,科创创业机器人,300607,拓斯达,3.024
2026-01-23,932438,科创创业机器人,300496,中科创达,2.951
2026-01-23,932438,科创创业机器人,688698,伟创电气,2.906
2026-01-23,932438,科创创业机器人,300458,全志科技,2.826
2026-01-23,932438,科创创业机器人,688169,石头科技,2.776
2026-01-23,932438,科创创业机器人,688400,凌云光,2.686
2026-01-23,932438,科创创业机器人,300276,三丰智能,2.616
2026-01-23,932438,科创创业机器人,301510,固高科技,2.471
2026-01-23,932438,科创创业机器人,300007,汉威科技,2.46
2026-01-23,932438,科创创业机器人,688088,虹软科技,2.087
2026-01-23,932438,科创创业机器人,688306,均普智能,1.959
2026-01-23,932438,科创创业机器人,300278,华昌达,1.907
2026-01-23,932438,科创创业机器人,300222,科大智能,1.873
2026-01-23,932438,科创创业机器人,300718,长盛轴承,1.787
2026-01-23,932438,科创创业机器人,300660,江苏雷利,1.718
2026-01-23,932438,科创创业机器人,688165,埃夫特,1.704
2026-01-23,932438,科创创业机器人,688160,步科股份,1.523
2026-01-23,932438,科创创业机器人,301413,安培龙,1.394
2026-01-23,932438,科创创业机器人,688277,天智航,1.333
2026-01-23,932438,科创创业机器人,688686,奥普特,1.252
2026-01-23,932438,科创创业机器人,301368,丰立智能,1.242
2026-01-23,932438,科创创业机器人,300161,华中数控,1.111
2026-01-23,932438,科创创业机器人,688090,瑞松科技,1.048
2026-01-23,932438,科创创业机器人,300532,今天国际,1.029
2026-01-23,932438,科创创业机器人,688084,晶品特装,0.861
2026-01-23,932438,科创创业机器人,688787,海天瑞声,0.858
2026-01-23,932438,科创创业机器人,688290,景业智能,0.835
2026-01-23,932438,科创创业机器人,688255,凯尔达,0.664
2026-01-23,932438,科创创业机器人,688286,敏芯股份,0.62
2026-01-23,932438,科创创业机器人,688557,兰剑智能,0.617
2026-01-23,932438,科创创业机器人,688320,禾川科技,0.592
2026-01-23,932438,科创创业机器人,688207,格灵深瞳,0.552
2026-01-23,980022,机器人产业,688017,绿的谐波,5.6
2026-01-23,980022,机器人产业,002472,双环传动,5.33
2026-01-23,980022,机器人产业,300024,机器人,4.73
2026-01-23,980022,机器人产业,688169,石头科技,4.54
2026-01-23,980022,机器人产业,603486,科沃斯,3.71
2026-01-23,980022,机器人产业,002050,三花智控,3.33
2026-01-23,980022,机器人产业,601689,拓普集团,3.16
2026-01-23,980022,机器人产业,603728,鸣志电器,3.14
2026-01-23,980022,机器人产业,002600,领益智造,2.9
2026-01-23,980022,机器人产业,002230,科大讯飞,2.88
2026-01-23,980022,机器人产业,002747,埃斯顿,2.88
2026-01-23,980022,机器人产业,300124,汇川技术,2.86
2026-01-23,980022,机器人产业,300503,昊志机电,2.79
2026-01-23,980022,机器人产业,601608,中信重工,2.61
2026-01-23,980022,机器人产业,003021,兆威机电,2.54
2026-01-23,980022,机器人产业,300607,拓斯达,2.37
2026-01-23,980022,机器人产业,300455,航天智装,2.33
2026-01-23,980022,机器人产业,002896,中大力德,2.25
2026-01-23,980022,机器人产业,688322,奥比中光,2.21
2026-01-23,980022,机器人产业,301510,固高科技,2.04
2026-01-23,980022,机器人产业,300432,富临精工,2.03
2026-01-23,980022,机器人产业,300276,三丰智能,2.01
2026-01-23,980022,机器人产业,002338,奥普光电,2
2026-01-23,980022,机器人产业,300953,震裕科技,1.91
2026-01-23,980022,机器人产业,000967,盈峰环境,1.82
2026-01-23,980022,机器人产业,002139,拓邦股份,1.71
2026-01-23,980022,机器人产业,002979,雷赛智能,1.71
2026-01-23,980022,机器人产业,688248,南网科技,1.7
2026-01-23,980022,机器人产业,300007,汉威科技,1.66
2026-01-23,980022,机器人产业,688165,埃夫特,1.51
2026-01-23,980022,机器人产业,300580,贝斯特,1.28
2026-01-23,980022,机器人产业,002892,科力尔,1.25
2026-01-23,980022,机器人产业,002698,博实股份,1.22
2026-01-23,980022,机器人产业,688400,凌云光,1.22
2026-01-23,980022,机器人产业,603662,柯力传感,1.14
2026-01-23,980022,机器人产业,688277,天智航,1.14
2026-01-23,980022,机器人产业,688160,步科股份,1.07
2026-01-23,980022,机器人产业,603915,国茂股份,1.05
2026-01-23,980022,机器人产业,301368,丰立智能,0.98
2026-01-23,980022,机器人产业,603416,信捷电气,0.97
2026-01-23,980022,机器人产业,300161,华中数控,0.93
2026-01-23,980022,机器人产业,688320,禾川科技,0.85
2026-01-23,980022,机器人产业,300222,科大智能,0.81
2026-01-23,980022,机器人产业,688499,利元亨,0.77
2026-01-23,980022,机器人产业,300466,赛摩智能,0.67
2026-01-23,980022,机器人产业,603015,弘讯科技,0.58
2026-01-23,980022,机器人产业,002917,金奥博,0.57
2026-01-23,980022,机器人产业,688686,奥普特,0.51
2026-01-23,980022,机器人产业,603960,克来机电,0.39
2026-01-23,980071,机器人龙头,300124,汇川技术,14.77
2026-01-23,980071,机器人龙头,002230,科大讯飞,13.1
2026-01-23,980071,机器人龙头,688169,石头科技,4.34
2026-01-23,980071,机器人龙头,002472,双环传动,4.31
2026-01-23,980071,机器人龙头,300458,全志科技,3.36
2026-01-23,980071,机器人龙头,688017,绿的谐波,3.21
2026-01-23,980071,机器人龙头,300024,机器人,2.91
2026-01-23,980071,机器人龙头,000988,华工科技,2.89
2026-01-23,980071,机器人龙头,300450,先导智能,2.89
2026-01-23,980071,机器人龙头,688322,奥比中光,2.53
2026-01-23,980071,机器人龙头,300567,精测电子,2.38
2026-01-23,980071,机器人龙头,002008,大族激光,2.21
2026-01-23,980071,机器人龙头,603486,科沃斯,2.13
2026-01-23,980071,机器人龙头,688777,中控技术,2.07
2026-01-23,980071,机器人龙头,002139,拓邦股份,1.96
2026-01-23,980071,机器人龙头,300229,拓尔思,1.86
2026-01-23,980071,机器人龙头,603728,鸣志电器,1.8
2026-01-23,980071,机器人龙头,688327,云从科技,1.67
2026-01-23,980071,机器人龙头,002747,埃斯顿,1.65
2026-01-23,980071,机器人龙头,300757,罗博特科,1.6
2026-01-23,980071,机器人龙头,601608,中信重工,1.5
2026-01-23,980071,机器人龙头,003021,兆威机电,1.45
2026-01-23,980071,机器人龙头,688400,凌云光,1.4
2026-01-23,980071,机器人龙头,300607,拓斯达,1.36
2026-01-23,980071,机器人龙头,300455,航天智装,1.34
2026-01-23,980071,机器人龙头,002896,中大力德,1.29
2026-01-23,980071,机器人龙头,688698,伟创电气,1.26
2026-01-23,980071,机器人龙头,301510,固高科技,1.17
2026-01-23,980071,机器人龙头,300276,三丰智能,1.15
2026-01-23,980071,机器人龙头,002611,东方精工,1.13
2026-01-23,980071,机器人龙头,000967,盈峰环境,1.04
2026-01-23,980071,机器人龙头,002979,雷赛智能,0.98
2026-01-23,980071,机器人龙头,688248,南网科技,0.98
2026-01-23,980071,机器人龙头,688188,柏楚电子,0.97
2026-01-23,980071,机器人龙头,688165,埃夫特,0.86
2026-01-23,980071,机器人龙头,600562,国睿科技,0.84
2026-01-23,980071,机器人龙头,300580,贝斯特,0.74
2026-01-23,980071,机器人龙头,002892,科力尔,0.72
2026-01-23,980071,机器人龙头,002698,博实股份,0.7
2026-01-23,980071,机器人龙头,300457,赢合科技,0.69
2026-01-23,980071,机器人龙头,301029,怡合达,0.61
2026-01-23,980071,机器人龙头,603915,国茂股份,0.6
2026-01-23,980071,机器人龙头,688559,海目星,0.6
2026-01-23,980071,机器人龙头,688686,奥普特,0.59
2026-01-23,980071,机器人龙头,603283,赛腾股份,0.5
2026-01-23,980071,机器人龙头,603583,捷昌驱动,0.48
2026-01-23,980071,机器人龙头,000821,京山轻机,0.44
2026-01-23,980071,机器人龙头,603100,川仪股份,0.37
2026-01-23,980071,机器人龙头,688097,博众精工,0.36
2026-01-23,980071,机器人龙头,603025,大豪科技,0.25
2026-01-23,931160,通信设备,300308,中际旭创,15.293
2026-01-23,931160,通信设备,300502,新易盛,15.221
2026-01-23,931160,通信设备,601138,工业富联,13.169
2026-01-23,931160,通信设备,000063,中兴通讯,6.516
2026-01-23,931160,通信设备,300394,天孚通信,5.061
2026-01-23,931160,通信设备,300136,信维通信,3.206
2026-01-23,931160,通信设备,600522,中天科技,2.644
2026-01-23,931160,通信设备,600487,亨通光电,2.608
2026-01-23,931160,通信设备,688036,传音控股,2.035
2026-01-23,931160,通信设备,603083,剑桥科技,1.979
2026-01-23,931160,通信设备,002281,光迅科技,1.809
2026-01-23,931160,通信设备,300548,长芯博创,1.77
2026-01-23,931160,通信设备,600745,闻泰科技,1.736
2026-01-23,931160,通信设备,002465,海格通信,1.671
2026-01-23,931160,通信设备,688027,国盾量子,1.662
2026-01-23,931160,通信设备,600105,永鼎股份,1.569
2026-01-23,931160,通信设备,688313,仕佳光子,1.524
2026-01-23,931160,通信设备,600498,烽火通信,1.4
2026-01-23,931160,通信设备,300620,光库科技,1.175
2026-01-23,931160,通信设备,002151,北斗星通,1.054
2026-01-23,931160,通信设备,300627,华测导航,1.027
2026-01-23,931160,通信设备,603236,移远通信,1.027
2026-01-23,931160,通信设备,300570,太辰光,0.982
2026-01-23,931160,通信设备,300628,亿联网络,0.965
2026-01-23,931160,通信设备,688387,信科移动,0.943
2026-01-23,931160,通信设备,002104,恒宝股份,0.818
2026-01-23,931160,通信设备,688205,德科立,0.814
2026-01-23,931160,通信设备,002396,星网锐捷,0.759
2026-01-23,931160,通信设备,601869,长飞光纤,0.758
2026-01-23,931160,通信设备,300638,广和通,0.727
2026-01-23,931160,通信设备,003031,中瓷电子,0.705
2026-01-23,931160,通信设备,300353,东土科技,0.669
2026-01-23,931160,通信设备,002583,海能达,0.66
2026-01-23,931160,通信设备,301205,联特科技,0.584
2026-01-23,931160,通信设备,300098,高新兴,0.566
2026-01-23,931160,通信设备,000801,四川九洲,0.553
2026-01-23,931160,通信设备,603341,龙旗科技,0.531
2026-01-23,931160,通信设备,603712,七一二,0.514
2026-01-23,931160,通信设备,301165,锐捷网络,0.453
2026-01-23,931160,通信设备,600776,东方通信,0.421
2026-01-23,931160,通信设备,000810,创维数字,0.359
2026-01-23,931160,通信设备,600198,大唐电信,0.336
2026-01-23,931160,通信设备,002881,美格智能,0.312
2026-01-23,931160,通信设备,688100,威胜信息,0.31
2026-01-23,931160,通信设备,300913,兆龙互连,0.264
2026-01-23,931160,通信设备,300134,大富科技,0.256
2026-01-23,931160,通信设备,688182,灿勤科技,0.189
2026-01-23,931160,通信设备,301678,新恒汇,0.164
2026-01-23,931160,通信设备,301339,通行宝,0.135
2026-01-23,931160,通信设备,301275,汉朔科技,0.096
2026-01-23,931079,5G通信,300308,中际旭创,10.308
2026-01-23,931079,5G通信,300502,新易盛,10.26
2026-01-23,931079,5G通信,002475,立讯精密,9.092
2026-01-23,931079,5G通信,601138,工业富联,8.24
2026-01-23,931079,5G通信,603986,兆易创新,4.784
2026-01-23,931079,5G通信,000063,中兴通讯,4.077
2026-01-23,931079,5G通信,002384,东山精密,3.629
2026-01-23,931079,5G通信,002463,沪电股份,3.289
2026-01-23,931079,5G通信,300394,天孚通信,3.166
2026-01-23,931079,5G通信,600183,生益科技,2.9
2026-01-23,931079,5G通信,000988,华工科技,2.667
2026-01-23,931079,5G通信,002241,歌尔股份,2.384
2026-01-23,931079,5G通信,002916,深南电路,2.071
2026-01-23,931079,5G通信,300136,信维通信,2.006
2026-01-23,931079,5G通信,002600,领益智造,1.898
2026-01-23,931079,5G通信,600703,三安光电,1.65
2026-01-23,931079,5G通信,000938,紫光股份,1.647
2026-01-23,931079,5G通信,600487,亨通光电,1.632
2026-01-23,931079,5G通信,002179,中航光电,1.506
2026-01-23,931079,5G通信,688498,源杰科技,1.291
2026-01-23,931079,5G通信,603083,剑桥科技,1.238
2026-01-23,931079,5G通信,603228,景旺电子,1.203
2026-01-23,931079,5G通信,002920,德赛西威,1.2
2026-01-23,931079,5G通信,002938,鹏鼎控股,1.176
2026-01-23,931079,5G通信,002281,光迅科技,1.132
2026-01-23,931079,5G通信,300548,长芯博创,1.107
2026-01-23,931079,5G通信,002465,海格通信,1.046
2026-01-23,931079,5G通信,300782,卓胜微,1.02
2026-01-23,931079,5G通信,600498,烽火通信,0.876
2026-01-23,931079,5G通信,300017,网宿科技,0.843
2026-01-23,931079,5G通信,300496,中科创达,0.831
2026-01-23,931079,5G通信,300620,光库科技,0.735
2026-01-23,931079,5G通信,002405,四维图新,0.714
2026-01-23,931079,5G通信,601231,环旭电子,0.662
2026-01-23,931079,5G通信,603236,移远通信,0.643
2026-01-23,931079,5G通信,300570,太辰光,0.614
2026-01-23,931079,5G通信,300413,芒果超媒,0.611
2026-01-23,931079,5G通信,300383,光环新网,0.601
2026-01-23,931079,5G通信,600845,宝信软件,0.595
2026-01-23,931079,5G通信,688387,信科移动,0.59
2026-01-23,931079,5G通信,688375,国博电子,0.557
2026-01-23,931079,5G通信,300679,电连技术,0.484
2026-01-23,931079,5G通信,002396,星网锐捷,0.475
2026-01-23,931079,5G通信,002544,普天科技,0.471
2026-01-23,931079,5G通信,300638,广和通,0.455
2026-01-23,931079,5G通信,003031,中瓷电子,0.441
2026-01-23,931079,5G通信,603881,数据港,0.439
2026-01-23,931079,5G通信,002815,崇达技术,0.334
2026-01-23,931079,5G通信,688153,唯捷创芯,0.217
2026-01-23,931079,5G通信,688100,威胜信息,0.194
2026-01-23,931271,通信设备主题,300308,中际旭创,14.925
2026-01-23,931271,通信设备主题,300502,新易盛,14.855
2026-01-23,931271,通信设备主题,000063,中兴通讯,7.784
2026-01-23,931271,通信设备主题,300394,天孚通信,6.046
2026-01-23,931271,通信设备主题,600879,航天电子,3.592
2026-01-23,931271,通信设备主题,600118,中国卫星,3.584
2026-01-23,931271,通信设备主题,000938,紫光股份,3.144
2026-01-23,931271,通信设备主题,002179,中航光电,2.875
2026-01-23,931271,通信设备主题,603083,剑桥科技,2.364
2026-01-23,931271,通信设备主题,002281,光迅科技,2.161
2026-01-23,931271,通信设备主题,300548,长芯博创,2.114
2026-01-23,931271,通信设备主题,002465,海格通信,1.996
2026-01-23,931271,通信设备主题,688027,国盾量子,1.985
2026-01-23,931271,通信设备主题,600105,永鼎股份,1.874
2026-01-23,931271,通信设备主题,688313,仕佳光子,1.82
2026-01-23,931271,通信设备主题,600498,烽火通信,1.673
2026-01-23,931271,通信设备主题,300620,光库科技,1.404
2026-01-23,931271,通信设备主题,000733,振华科技,1.298
2026-01-23,931271,通信设备主题,300627,华测导航,1.227
2026-01-23,931271,通信设备主题,603236,移远通信,1.227
2026-01-23,931271,通信设备主题,300570,太辰光,1.173
2026-01-23,931271,通信设备主题,300628,亿联网络,1.153
2026-01-23,931271,通信设备主题,688387,信科移动,1.126
2026-01-23,931271,通信设备主题,688375,国博电子,1.063
2026-01-23,931271,通信设备主题,600435,北方导航,1.041
2026-01-23,931271,通信设备主题,300045,华力创通,0.978
2026-01-23,931271,通信设备主题,002104,恒宝股份,0.977
2026-01-23,931271,通信设备主题,688205,德科立,0.972
2026-01-23,931271,通信设备主题,002396,星网锐捷,0.906
2026-01-23,931271,通信设备主题,601869,长飞光纤,0.906
2026-01-23,931271,通信设备主题,002544,普天科技,0.899
2026-01-23,931271,通信设备主题,002025,航天电器,0.874
2026-01-23,931271,通信设备主题,300638,广和通,0.869
2026-01-23,931271,通信设备主题,003031,中瓷电子,0.843
2026-01-23,931271,通信设备主题,300353,东土科技,0.799
2026-01-23,931271,通信设备主题,002583,海能达,0.789
2026-01-23,931271,通信设备主题,301205,联特科技,0.698
2026-01-23,931271,通信设备主题,300455,航天智装,0.688
2026-01-23,931271,通信设备主题,000801,四川九洲,0.66
2026-01-23,931271,通信设备主题,301165,锐捷网络,0.541
2026-01-23,931271,通信设备主题,002338,奥普光电,0.537
2026-01-23,931271,通信设备主题,300726,宏达电子,0.535
2026-01-23,931271,通信设备主题,600776,东方通信,0.503
2026-01-23,931271,通信设备主题,603220,中贝通信,0.472
2026-01-23,931271,通信设备主题,600198,大唐电信,0.402
2026-01-23,931271,通信设备主题,002881,美格智能,0.372
2026-01-23,931271,通信设备主题,688100,威胜信息,0.37
2026-01-23,931271,通信设备主题,002929,润建股份,0.361
2026-01-23,931271,通信设备主题,300913,兆龙互连,0.315
2026-01-23,931271,通信设备主题,688182,灿勤科技,0.226
2026-01-23,932065,通信设备及电信运营服务行业精选,300308,中际旭创,15.457
2026-01-23,932065,通信设备及电信运营服务行业精选,300502,新易盛,15.385
2026-01-23,932065,通信设备及电信运营服务行业精选,000063,中兴通讯,9.976
2026-01-23,932065,通信设备及电信运营服务行业精选,300394,天孚通信,7.748
2026-01-23,932065,通信设备及电信运营服务行业精选,600522,中天科技,4.048
2026-01-23,932065,通信设备及电信运营服务行业精选,600487,亨通光电,3.993
2026-01-23,932065,通信设备及电信运营服务行业精选,603083,剑桥科技,3.03
2026-01-23,932065,通信设备及电信运营服务行业精选,002281,光迅科技,2.77
2026-01-23,932065,通信设备及电信运营服务行业精选,300548,长芯博创,2.71
2026-01-23,932065,通信设备及电信运营服务行业精选,688313,仕佳光子,2.333
2026-01-23,932065,通信设备及电信运营服务行业精选,600498,烽火通信,2.144
2026-01-23,932065,通信设备及电信运营服务行业精选,300620,光库科技,1.799
2026-01-23,932065,通信设备及电信运营服务行业精选,603236,移远通信,1.573
2026-01-23,932065,通信设备及电信运营服务行业精选,300627,华测导航,1.572
2026-01-23,932065,通信设备及电信运营服务行业精选,601698,中国卫通,1.546
2026-01-23,932065,通信设备及电信运营服务行业精选,300570,太辰光,1.503
2026-01-23,932065,通信设备及电信运营服务行业精选,300628,亿联网络,1.478
2026-01-23,932065,通信设备及电信运营服务行业精选,688387,信科移动,1.443
2026-01-23,932065,通信设备及电信运营服务行业精选,688205,德科立,1.246
2026-01-23,932065,通信设备及电信运营服务行业精选,002396,星网锐捷,1.161
2026-01-23,932065,通信设备及电信运营服务行业精选,601869,长飞光纤,1.16
2026-01-23,932065,通信设备及电信运营服务行业精选,300638,广和通,1.114
2026-01-23,932065,通信设备及电信运营服务行业精选,003031,中瓷电子,1.08
2026-01-23,932065,通信设备及电信运营服务行业精选,300353,东土科技,1.024
2026-01-23,932065,通信设备及电信运营服务行业精选,600941,中国移动,0.931
2026-01-23,932065,通信设备及电信运营服务行业精选,600050,中国联通,0.923
2026-01-23,932065,通信设备及电信运营服务行业精选,301205,联特科技,0.894
2026-01-23,932065,通信设备及电信运营服务行业精选,601728,中国电信,0.889
2026-01-23,932065,通信设备及电信运营服务行业精选,688668,鼎通科技,0.847
2026-01-23,932065,通信设备及电信运营服务行业精选,000801,四川九洲,0.846
2026-01-23,932065,通信设备及电信运营服务行业精选,301165,锐捷网络,0.693
2026-01-23,932065,通信设备及电信运营服务行业精选,600776,东方通信,0.645
2026-01-23,932065,通信设备及电信运营服务行业精选,002017,东信和平,0.635
2026-01-23,932065,通信设备及电信运营服务行业精选,002881,美格智能,0.477
2026-01-23,932065,通信设备及电信运营服务行业精选,688100,威胜信息,0.474
2026-01-23,932065,通信设备及电信运营服务行业精选,600345,长江通信,0.467
2026-01-23,932065,通信设备及电信运营服务行业精选,300213,佳讯飞鸿,0.463
2026-01-23,932065,通信设备及电信运营服务行业精选,002161,远望谷,0.442
2026-01-23,932065,通信设备及电信运营服务行业精选,300913,兆龙互连,0.404
2026-01-23,932065,通信设备及电信运营服务行业精选,002912,中新赛克,0.295
2026-01-23,932065,通信设备及电信运营服务行业精选,605277,新亚电子,0.292
2026-01-23,932065,通信设备及电信运营服务行业精选,688182,灿勤科技,0.29
2026-01-23,932065,通信设备及电信运营服务行业精选,300590,移为通信,0.286
2026-01-23,932065,通信设备及电信运营服务行业精选,300546,雄帝科技,0.28
2026-01-23,932065,通信设备及电信运营服务行业精选,002908,德生科技,0.26
2026-01-23,932065,通信设备及电信运营服务行业精选,300698,万马科技,0.231
2026-01-23,932065,通信设备及电信运营服务行业精选,688080,映翰通,0.213
2026-01-23,932065,通信设备及电信运营服务行业精选,301339,通行宝,0.207
2026-01-23,932065,通信设备及电信运营服务行业精选,300711,广哈通信,0.189
2026-01-23,932065,通信设备及电信运营服务行业精选,301419,阿莱德,0.133
2026-01-23,930713,CS人工智,300308,中际旭创,10.589
2026-01-23,930713,CS人工智,300502,新易盛,10.54
2026-01-23,930713,CS人工智,688256,寒武纪,9.46
2026-01-23,930713,CS人工智,688008,澜起科技,5.066
2026-01-23,930713,CS人工智,603019,中科曙光,4.705
2026-01-23,930713,CS人工智,002230,科大讯飞,4.366
2026-01-23,930713,CS人工智,002415,海康威视,4.108
2026-01-23,930713,CS人工智,603501,豪威集团,4.002
2026-01-23,930713,CS人工智,688111,金山办公,2.67
2026-01-23,930713,CS人工智,000977,浪潮信息,2.571
2026-01-23,930713,CS人工智,688521,芯原股份,1.893
2026-01-23,930713,CS人工智,000938,紫光股份,1.849
2026-01-23,930713,CS人工智,300442,润泽科技,1.62
2026-01-23,930713,CS人工智,002261,拓维信息,1.566
2026-01-23,930713,CS人工智,300857,协创数据,1.535
2026-01-23,930713,CS人工智,601360,三六零,1.468
2026-01-23,930713,CS人工智,603893,瑞芯微,1.409
2026-01-23,930713,CS人工智,002236,大华股份,1.403
2026-01-23,930713,CS人工智,300418,昆仑万维,1.376
2026-01-23,930713,CS人工智,002555,三七互娱,1.372
2026-01-23,930713,CS人工智,002402,和而泰,1.358
2026-01-23,930713,CS人工智,002920,德赛西威,1.348
2026-01-23,930713,CS人工智,300223,北京君正,1.345
2026-01-23,930713,CS人工智,002281,光迅科技,1.271
2026-01-23,930713,CS人工智,688169,石头科技,1.184
2026-01-23,930713,CS人工智,600699,均胜电子,1.151
2026-01-23,930713,CS人工智,688099,晶晨股份,1.104
2026-01-23,930713,CS人工智,300454,深信服,1.091
2026-01-23,930713,CS人工智,688385,复旦微电,1.041
2026-01-23,930713,CS人工智,600588,用友网络,1.021
2026-01-23,930713,CS人工智,688608,恒玄科技,1.006
2026-01-23,930713,CS人工智,300474,景嘉微,0.987
2026-01-23,930713,CS人工智,600536,中国软件,0.974
2026-01-23,930713,CS人工智,300496,中科创达,0.934
2026-01-23,930713,CS人工智,300458,全志科技,0.912
2026-01-23,930713,CS人工智,688568,中科星图,0.895
2026-01-23,930713,CS人工智,300002,神州泰岳,0.851
2026-01-23,930713,CS人工智,603160,汇顶科技,0.827
2026-01-23,930713,CS人工智,600100,同方股份,0.786
2026-01-23,930713,CS人工智,002065,东华软件,0.771
2026-01-23,930713,CS人工智,603486,科沃斯,0.702
2026-01-23,930713,CS人工智,300383,光环新网,0.676
2026-01-23,930713,CS人工智,688322,奥比中光,0.675
2026-01-23,930713,CS人工智,600845,宝信软件,0.668
2026-01-23,930713,CS人工智,002152,广电运通,0.644
2026-01-23,930713,CS人工智,688018,乐鑫科技,0.64
2026-01-23,930713,CS人工智,688615,合合信息,0.598
2026-01-23,930713,CS人工智,000032,深桑达A,0.413
2026-01-23,930713,CS人工智,301536,星宸科技,0.38
2026-01-23,930713,CS人工智,688475,萤石网络,0.178
2026-01-23,931071,人工智能,300308,中际旭创,10.474
2026-01-23,931071,人工智能,300502,新易盛,10.425
2026-01-23,931071,人工智能,002230,科大讯飞,10.008
2026-01-23,931071,人工智能,688256,寒武纪,9.357
2026-01-23,931071,人工智能,688111,金山办公,6.151
2026-01-23,931071,人工智能,688008,澜起科技,4.804
2026-01-23,931071,人工智能,300442,润泽科技,4.268
2026-01-23,931071,人工智能,002261,拓维信息,4.196
2026-01-23,931071,人工智能,300454,深信服,2.957
2026-01-23,931071,人工智能,688521,芯原股份,2.451
2026-01-23,931071,人工智能,300496,中科创达,1.996
2026-01-23,931071,人工智能,603486,科沃斯,1.944
2026-01-23,931071,人工智能,300458,全志科技,1.853
2026-01-23,931071,人工智能,688322,奥比中光,1.8
2026-01-23,931071,人工智能,603893,瑞芯微,1.57
2026-01-23,931071,人工智能,600728,佳都科技,1.49
2026-01-23,931071,人工智能,688343,云天励飞,1.383
2026-01-23,931071,人工智能,688615,合合信息,1.369
2026-01-23,931071,人工智能,002373,千方科技,1.317
2026-01-23,931071,人工智能,603444,吉比特,1.274
2026-01-23,931071,人工智能,002555,三七互娱,1.24
2026-01-23,931071,人工智能,688327,云从科技,1.122
2026-01-23,931071,人工智能,002354,天娱数科,1.084
2026-01-23,931071,人工智能,688088,虹软科技,1.084
2026-01-23,931071,人工智能,301316,慧博云通,1.065
2026-01-23,931071,人工智能,300383,光环新网,1.047
2026-01-23,931071,人工智能,300036,超图软件,0.89
2026-01-23,931071,人工智能,688561,奇安信,0.862
2026-01-23,931071,人工智能,688158,优刻得,0.852
2026-01-23,931071,人工智能,603019,中科曙光,0.85
2026-01-23,931071,人工智能,688031,星环科技,0.778
2026-01-23,931071,人工智能,002335,科华数据,0.773
2026-01-23,931071,人工智能,688169,石头科技,0.695
2026-01-23,931071,人工智能,603881,数据港,0.615
2026-01-23,931071,人工智能,600699,均胜电子,0.611
2026-01-23,931071,人工智能,300047,天源迪科,0.57
2026-01-23,931071,人工智能,300738,奥飞数据,0.57
2026-01-23,931071,人工智能,688608,恒玄科技,0.479
2026-01-23,931071,人工智能,688095,福昕软件,0.454
2026-01-23,931071,人工智能,000681,视觉中国,0.422
2026-01-23,931071,人工智能,002281,光迅科技,0.401
2026-01-23,931071,人工智能,688023,安恒信息,0.377
2026-01-23,931071,人工智能,002415,海康威视,0.339
2026-01-23,931071,人工智能,600602,云赛智联,0.334
2026-01-23,931071,人工智能,000409,云鼎科技,0.289
2026-01-23,931071,人工智能,688365,光云科技,0.286
2026-01-23,931071,人工智能,301536,星宸科技,0.251
2026-01-23,931071,人工智能,688225,亚信安全,0.246
2026-01-23,931071,人工智能,688686,奥普特,0.185
2026-01-23,931071,人工智能,302132,中航成飞,0.14
2026-01-23,932359,国新国企人工智能,002415,海康威视,9.637
2026-01-23,932359,国新国企人工智能,002281,光迅科技,9.255
2026-01-23,932359,国新国企人工智能,603019,中科曙光,8.306
2026-01-23,932359,国新国企人工智能,688568,中科星图,7.207
2026-01-23,932359,国新国企人工智能,600536,中国软件,6.49
2026-01-23,932359,国新国企人工智能,000977,浪潮信息,5.22
2026-01-23,932359,国新国企人工智能,600845,宝信软件,5.006
2026-01-23,932359,国新国企人工智能,300024,机器人,4.829
2026-01-23,932359,国新国企人工智能,002152,广电运通,4.688
2026-01-23,932359,国新国企人工智能,600100,同方股份,3.95
2026-01-23,932359,国新国企人工智能,688981,中芯国际,3.09
2026-01-23,932359,国新国企人工智能,688041,海光信息,2.995
2026-01-23,932359,国新国企人工智能,002371,北方华创,2.923
2026-01-23,932359,国新国企人工智能,600602,云赛智联,2.554
2026-01-23,932359,国新国企人工智能,000032,深桑达A,2.347
2026-01-23,932359,国新国企人工智能,002439,启明星辰,2.294
2026-01-23,932359,国新国企人工智能,600850,电科数字,2.228
2026-01-23,932359,国新国企人工智能,688012,中微公司,2.215
2026-01-23,932359,国新国企人工智能,002063,远光软件,2.015
2026-01-23,932359,国新国企人工智能,600633,浙数文化,1.757
2026-01-23,932359,国新国企人工智能,601728,中国电信,1.468
2026-01-23,932359,国新国企人工智能,688475,萤石网络,1.346
2026-01-23,932359,国新国企人工智能,600941,中国移动,1.292
2026-01-23,932359,国新国企人工智能,600050,中国联通,1.126
2026-01-23,932359,国新国企人工智能,000988,华工科技,1.115
2026-01-23,932359,国新国企人工智能,301091,深城交,1.058
2026-01-23,932359,国新国企人工智能,688120,华海清科,0.582
2026-01-23,932359,国新国企人工智能,301269,华大九天,0.416
2026-01-23,932359,国新国企人工智能,688385,复旦微电,0.412
2026-01-23,932359,国新国企人工智能,600498,烽火通信,0.342
2026-01-23,932359,国新国企人工智能,688037,芯源微,0.322
2026-01-23,932359,国新国企人工智能,002405,四维图新,0.306
2026-01-23,932359,国新国企人工智能,688702,盛科通信,0.286
2026-01-23,932359,国新国企人工智能,300620,光库科技,0.251
2026-01-23,932359,国新国企人工智能,002396,星网锐捷,0.175
2026-01-23,932359,国新国企人工智能,601869,长飞光纤,0.15
2026-01-23,932359,国新国企人工智能,301165,锐捷网络,0.136
2026-01-23,932359,国新国企人工智能,688652,京仪装备,0.098
2026-01-23,932359,国新国企人工智能,688146,中船特气,0.063
2026-01-23,399284,AI 50,000063,中兴通讯,8.94
2026-01-23,399284,AI 50,002415,海康威视,8.88
2026-01-23,399284,AI 50,002230,科大讯飞,7.84
2026-01-23,399284,AI 50,002241,歌尔股份,5.74
2026-01-23,399284,AI 50,000977,浪潮信息,5.5
2026-01-23,399284,AI 50,000988,华工科技,5.39
2026-01-23,399284,AI 50,000938,紫光股份,3.58
2026-01-23,399284,AI 50,300223,北京君正,2.94
2026-01-23,399284,AI 50,002236,大华股份,2.91
2026-01-23,399284,AI 50,300418,昆仑万维,2.86
2026-01-23,399284,AI 50,002920,德赛西威,2.77
2026-01-23,399284,AI 50,002402,和而泰,2.54
2026-01-23,399284,AI 50,000066,中国长城,2.32
2026-01-23,399284,AI 50,300454,深信服,2.2
2026-01-23,399284,AI 50,300458,全志科技,2.01
2026-01-23,399284,AI 50,300474,景嘉微,1.99
2026-01-23,399284,AI 50,002414,高德红外,1.9
2026-01-23,399284,AI 50,300017,网宿科技,1.74
2026-01-23,399284,AI 50,300024,机器人,1.74
2026-01-23,399284,AI 50,000997,新 大 陆,1.65
2026-01-23,399284,AI 50,002405,四维图新,1.6
2026-01-23,399284,AI 50,002065,东华软件,1.57
2026-01-23,399284,AI 50,002151,北斗星通,1.55
2026-01-23,399284,AI 50,300170,汉得信息,1.51
2026-01-23,399284,AI 50,002152,广电运通,1.43
2026-01-23,399284,AI 50,300567,精测电子,1.42
2026-01-23,399284,AI 50,300253,卫宁健康,1.26
2026-01-23,399284,AI 50,300229,拓尔思,1.11
2026-01-23,399284,AI 50,002747,埃斯顿,0.99
2026-01-23,399284,AI 50,002373,千方科技,0.98
2026-01-23,399284,AI 50,301536,星宸科技,0.86
2026-01-23,399284,AI 50,002439,启明星辰,0.78
2026-01-23,399284,AI 50,002368,太极股份,0.77
2026-01-23,399284,AI 50,300098,高新兴,0.74
2026-01-23,399284,AI 50,300166,东方国信,0.72
2026-01-23,399284,AI 50,002063,远光软件,0.68
2026-01-23,399284,AI 50,300036,超图软件,0.66
2026-01-23,399284,AI 50,300212,易华录,0.66
2026-01-23,399284,AI 50,300520,科大国创,0.64
2026-01-23,399284,AI 50,300075,数字政通,0.63
2026-01-23,399284,AI 50,300168,万达信息,0.62
2026-01-23,399284,AI 50,300188,国投智能,0.61
2026-01-23,399284,AI 50,300222,科大智能,0.55
2026-01-23,399284,AI 50,300613,富瀚微,0.48
2026-01-23,399284,AI 50,301091,深城交,0.44
2026-01-23,399284,AI 50,301488,豪恩汽电,0.29
2026-01-23,399284,AI 50,300532,今天国际,0.28
2026-01-23,399284,AI 50,300590,移为通信,0.27
2026-01-23,399284,AI 50,002401,中远海科,0.25
2026-01-23,399284,AI 50,301339,通行宝,0.2
2026-01-23,931441,AI 50,300308,中际旭创,10.542
2026-01-23,931441,AI 50,300502,新易盛,10.493
2026-01-23,931441,AI 50,688256,寒武纪,9.419
2026-01-23,931441,AI 50,002230,科大讯飞,4.903
2026-01-23,931441,AI 50,002415,海康威视,4.614
2026-01-23,931441,AI 50,688008,澜起科技,4.595
2026-01-23,931441,AI 50,603501,豪威集团,4.496
2026-01-23,931441,AI 50,603019,中科曙光,4.268
2026-01-23,931441,AI 50,688111,金山办公,2.999
2026-01-23,931441,AI 50,000977,浪潮信息,2.888
2026-01-23,931441,AI 50,688521,芯原股份,2.127
2026-01-23,931441,AI 50,000938,紫光股份,2.077
2026-01-23,931441,AI 50,300442,润泽科技,1.82
2026-01-23,931441,AI 50,300857,协创数据,1.724
2026-01-23,931441,AI 50,601360,三六零,1.649
2026-01-23,931441,AI 50,603893,瑞芯微,1.583
2026-01-23,931441,AI 50,002236,大华股份,1.575
2026-01-23,931441,AI 50,002555,三七互娱,1.541
2026-01-23,931441,AI 50,002920,德赛西威,1.514
2026-01-23,931441,AI 50,300223,北京君正,1.511
2026-01-23,931441,AI 50,002281,光迅科技,1.428
2026-01-23,931441,AI 50,688169,石头科技,1.329
2026-01-23,931441,AI 50,688099,晶晨股份,1.24
2026-01-23,931441,AI 50,300454,深信服,1.226
2026-01-23,931441,AI 50,688385,复旦微电,1.169
2026-01-23,931441,AI 50,600588,用友网络,1.147
2026-01-23,931441,AI 50,688608,恒玄科技,1.13
2026-01-23,931441,AI 50,300474,景嘉微,1.109
2026-01-23,931441,AI 50,300496,中科创达,1.049
2026-01-23,931441,AI 50,300458,全志科技,1.024
2026-01-23,931441,AI 50,688568,中科星图,1.005
2026-01-23,931441,AI 50,300002,神州泰岳,0.956
2026-01-23,931441,AI 50,603160,汇顶科技,0.929
2026-01-23,931441,AI 50,002405,四维图新,0.901
2026-01-23,931441,AI 50,688343,云天励飞,0.806
2026-01-23,931441,AI 50,603486,科沃斯,0.788
2026-01-23,931441,AI 50,603444,吉比特,0.773
2026-01-23,931441,AI 50,688322,奥比中光,0.759
2026-01-23,931441,AI 50,600845,宝信软件,0.75
2026-01-23,931441,AI 50,688018,乐鑫科技,0.719
2026-01-23,931441,AI 50,688615,合合信息,0.672
2026-01-23,931441,AI 50,688327,云从科技,0.629
2026-01-23,931441,AI 50,688088,虹软科技,0.503
2026-01-23,931441,AI 50,301536,星宸科技,0.426
2026-01-23,931441,AI 50,688031,星环科技,0.387
2026-01-23,931441,AI 50,688475,萤石网络,0.2
2026-01-23,931441,AI 50,688107,安路科技,0.184
2026-01-23,931441,AI 50,688365,光云科技,0.151
2026-01-23,931441,AI 50,688648,中邮科技,0.141
2026-01-23,931441,AI 50,688207,格灵深瞳,0.133
2026-01-23,932456,科创创业AI,300308,中际旭创,10.446
2026-01-23,932456,科创创业AI,300502,新易盛,10.397
2026-01-23,932456,科创创业AI,688008,澜起科技,9.339
2026-01-23,932456,科创创业AI,688256,寒武纪,9.332
2026-01-23,932456,科创创业AI,688111,金山办公,4.923
2026-01-23,932456,科创创业AI,688521,芯原股份,3.491
2026-01-23,932456,科创创业AI,300442,润泽科技,2.987
2026-01-23,932456,科创创业AI,300857,协创数据,2.829
2026-01-23,932456,科创创业AI,300418,昆仑万维,2.537
2026-01-23,932456,科创创业AI,300223,北京君正,2.48
2026-01-23,932456,科创创业AI,688169,石头科技,2.182
2026-01-23,932456,科创创业AI,688099,晶晨股份,2.035
2026-01-23,932456,科创创业AI,300454,深信服,2.012
2026-01-23,932456,科创创业AI,688385,复旦微电,1.918
2026-01-23,932456,科创创业AI,688608,恒玄科技,1.855
2026-01-23,932456,科创创业AI,300474,景嘉微,1.82
2026-01-23,932456,科创创业AI,300496,中科创达,1.721
2026-01-23,932456,科创创业AI,300458,全志科技,1.681
2026-01-23,932456,科创创业AI,688568,中科星图,1.65
2026-01-23,932456,科创创业AI,300002,神州泰岳,1.569
2026-01-23,932456,科创创业AI,688343,云天励飞,1.323
2026-01-23,932456,科创创业AI,300364,中文在线,1.267
2026-01-23,932456,科创创业AI,300383,光环新网,1.245
2026-01-23,932456,科创创业AI,688322,奥比中光,1.245
2026-01-23,932456,科创创业AI,688018,乐鑫科技,1.18
2026-01-23,932456,科创创业AI,688615,合合信息,1.103
2026-01-23,932456,科创创业AI,300253,卫宁健康,1.082
2026-01-23,932456,科创创业AI,300045,华力创通,1.061
2026-01-23,932456,科创创业AI,688327,云从科技,1.033
2026-01-23,932456,科创创业AI,300738,奥飞数据,1.009
2026-01-23,932456,科创创业AI,300229,拓尔思,0.963
2026-01-23,932456,科创创业AI,688088,虹软科技,0.825
2026-01-23,932456,科创创业AI,301316,慧博云通,0.75
2026-01-23,932456,科创创业AI,300098,高新兴,0.734
2026-01-23,932456,科创创业AI,688158,优刻得,0.71
2026-01-23,932456,科创创业AI,301536,星宸科技,0.7
2026-01-23,932456,科创创业AI,688400,凌云光,0.676
2026-01-23,932456,科创创业AI,688561,奇安信,0.672
2026-01-23,932456,科创创业AI,300166,东方国信,0.645
2026-01-23,932456,科创创业AI,300212,易华录,0.609
2026-01-23,932456,科创创业AI,300075,数字政通,0.528
2026-01-23,932456,科创创业AI,300188,国投智能,0.522
2026-01-23,932456,科创创业AI,300168,万达信息,0.515
2026-01-23,932456,科创创业AI,300613,富瀚微,0.445
2026-01-23,932456,科创创业AI,688003,天准科技,0.396
2026-01-23,932456,科创创业AI,301091,深城交,0.39
2026-01-23,932456,科创创业AI,688475,萤石网络,0.328
2026-01-23,932456,科创创业AI,688686,奥普特,0.315
2026-01-23,932456,科创创业AI,688107,安路科技,0.302
2026-01-23,932456,科创创业AI,688232,新点软件,0.221
2026-01-23,980107,AI应用软件,002230,科大讯飞,8.52
2026-01-23,980107,AI应用软件,300033,同花顺,5.77
2026-01-23,980107,AI应用软件,688111,金山办公,5.57
2026-01-23,980107,AI应用软件,002558,巨人网络,4.61
2026-01-23,980107,AI应用软件,600570,恒生电子,4.1
2026-01-23,980107,AI应用软件,300058,蓝色光标,3.64
2026-01-23,980107,AI应用软件,002517,恺英网络,3.36
2026-01-23,980107,AI应用软件,300339,润和软件,3.3
2026-01-23,980107,AI应用软件,300418,昆仑万维,3.11
2026-01-23,980107,AI应用软件,002261,拓维信息,3.06
2026-01-23,980107,AI应用软件,601360,三六零,2.92
2026-01-23,980107,AI应用软件,301236,软通动力,2.55
2026-01-23,980107,AI应用软件,300454,深信服,2.39
2026-01-23,980107,AI应用软件,600588,用友网络,2.15
2026-01-23,980107,AI应用软件,300496,中科创达,2.07
2026-01-23,980107,AI应用软件,300251,光线传媒,2.03
2026-01-23,980107,AI应用软件,002624,完美世界,1.95
2026-01-23,980107,AI应用软件,300002,神州泰岳,1.89
2026-01-23,980107,AI应用软件,000997,新 大 陆,1.79
2026-01-23,980107,AI应用软件,002065,东华软件,1.71
2026-01-23,980107,AI应用软件,688322,奥比中光,1.65
2026-01-23,980107,AI应用软件,688343,云天励飞,1.65
2026-01-23,980107,AI应用软件,688615,合合信息,1.63
2026-01-23,980107,AI应用软件,002152,广电运通,1.55
2026-01-23,980107,AI应用软件,002410,广联达,1.52
2026-01-23,980107,AI应用软件,688208,道通科技,1.39
2026-01-23,980107,AI应用软件,300253,卫宁健康,1.37
2026-01-23,980107,AI应用软件,300459,汤姆猫,1.34
2026-01-23,980107,AI应用软件,300413,芒果超媒,1.32
2026-01-23,980107,AI应用软件,300364,中文在线,1.31
2026-01-23,980107,AI应用软件,300229,拓尔思,1.21
2026-01-23,980107,AI应用软件,300638,广和通,1.17
2026-01-23,980107,AI应用软件,300674,宇信科技,1.17
2026-01-23,980107,AI应用软件,002400,省广集团,1.12
2026-01-23,980107,AI应用软件,688327,云从科技,1.09
2026-01-23,980107,AI应用软件,002373,千方科技,1.07
2026-01-23,980107,AI应用软件,000681,视觉中国,1.06
2026-01-23,980107,AI应用软件,688088,虹软科技,1.06
2026-01-23,980107,AI应用软件,600446,金证股份,1.02
2026-01-23,980107,AI应用软件,000032,深桑达Ａ,0.97
2026-01-23,980107,AI应用软件,300133,华策影视,0.97
2026-01-23,980107,AI应用软件,688318,财富趋势,0.95
2026-01-23,980107,AI应用软件,603927,中科软,0.94
2026-01-23,980107,AI应用软件,300113,顺网科技,0.85
2026-01-23,980107,AI应用软件,002368,太极股份,0.84
2026-01-23,980107,AI应用软件,002439,启明星辰,0.84
2026-01-23,980107,AI应用软件,600633,浙数文化,0.76
2026-01-23,980107,AI应用软件,300212,易华录,0.72
2026-01-23,980107,AI应用软件,603171,税友股份,0.52
2026-01-23,980107,AI应用软件,688475,萤石网络,0.42
2026-01-23,980112,AI应用,002230,科大讯飞,5.02
2026-01-23,980112,AI应用,688111,金山办公,4.94
2026-01-23,980112,AI应用,300033,同花顺,4.79
2026-01-23,980112,AI应用,002558,巨人网络,4.43
2026-01-23,980112,AI应用,600570,恒生电子,3.94
2026-01-23,980112,AI应用,300058,蓝色光标,3.49
2026-01-23,980112,AI应用,002517,恺英网络,3.23
2026-01-23,980112,AI应用,300339,润和软件,3.17
2026-01-23,980112,AI应用,603893,瑞芯微,3.12
2026-01-23,980112,AI应用,300418,昆仑万维,2.99
2026-01-23,980112,AI应用,002261,拓维信息,2.94
2026-01-23,980112,AI应用,002920,德赛西威,2.89
2026-01-23,980112,AI应用,601360,三六零,2.8
2026-01-23,980112,AI应用,688169,石头科技,2.71
2026-01-23,980112,AI应用,301236,软通动力,2.45
2026-01-23,980112,AI应用,300458,全志科技,2.1
2026-01-23,980112,AI应用,688608,恒玄科技,2.08
2026-01-23,980112,AI应用,600588,用友网络,2.06
2026-01-23,980112,AI应用,300496,中科创达,1.99
2026-01-23,980112,AI应用,300251,光线传媒,1.95
2026-01-23,980112,AI应用,002624,完美世界,1.87
2026-01-23,980112,AI应用,300002,神州泰岳,1.82
2026-01-23,980112,AI应用,000997,新 大 陆,1.72
2026-01-23,980112,AI应用,002065,东华软件,1.64
2026-01-23,980112,AI应用,688343,云天励飞,1.59
2026-01-23,980112,AI应用,688322,奥比中光,1.58
2026-01-23,980112,AI应用,688615,合合信息,1.57
2026-01-23,980112,AI应用,002152,广电运通,1.49
2026-01-23,980112,AI应用,002410,广联达,1.46
2026-01-23,980112,AI应用,688018,乐鑫科技,1.41
2026-01-23,980112,AI应用,688208,道通科技,1.34
2026-01-23,980112,AI应用,603486,科沃斯,1.33
2026-01-23,980112,AI应用,300253,卫宁健康,1.32
2026-01-23,980112,AI应用,300459,汤姆猫,1.28
2026-01-23,980112,AI应用,300413,芒果超媒,1.27
2026-01-23,980112,AI应用,300364,中文在线,1.26
2026-01-23,980112,AI应用,300229,拓尔思,1.16
2026-01-23,980112,AI应用,300638,广和通,1.13
2026-01-23,980112,AI应用,300674,宇信科技,1.13
2026-01-23,980112,AI应用,688327,云从科技,1.04
2026-01-23,980112,AI应用,002373,千方科技,1.03
2026-01-23,980112,AI应用,688088,虹软科技,1.02
2026-01-23,980112,AI应用,600446,金证股份,0.98
2026-01-23,980112,AI应用,000032,深桑达Ａ,0.93
2026-01-23,980112,AI应用,603927,中科软,0.91
2026-01-23,980112,AI应用,688318,财富趋势,0.91
2026-01-23,980112,AI应用,002368,太极股份,0.81
2026-01-23,980112,AI应用,002439,启明星辰,0.81
2026-01-23,980112,AI应用,300212,易华录,0.69
2026-01-23,980112,AI应用,688475,萤石网络,0.4
2026-01-23,931994,电网设备主题,600089,特变电工,11.443
2026-01-23,931994,电网设备主题,002028,思源电气,9.812
2026-01-23,931994,电网设备主题,600406,国电南瑞,9.201
2026-01-23,931994,电网设备主题,600522,中天科技,5.042
2026-01-23,931994,电网设备主题,600487,亨通光电,4.974
2026-01-23,931994,电网设备主题,600885,宏发股份,3.159
2026-01-23,931994,电网设备主题,601877,正泰电器,2.873
2026-01-23,931994,电网设备主题,688676,金盘科技,2.54
2026-01-23,931994,电网设备主题,603606,东方电缆,2.513
2026-01-23,931994,电网设备主题,601179,中国西电,2.377
2026-01-23,931994,电网设备主题,601208,东材科技,2.249
2026-01-23,931994,电网设备主题,600577,精达股份,2.178
2026-01-23,931994,电网设备主题,300001,特锐德,1.934
2026-01-23,931994,电网设备主题,000400,许继电气,1.868
2026-01-23,931994,电网设备主题,601567,三星医疗,1.648
2026-01-23,931994,电网设备主题,601126,四方股份,1.533
2026-01-23,931994,电网设备主题,600312,平高电气,1.44
2026-01-23,931994,电网设备主题,002276,万马股份,1.394
2026-01-23,931994,电网设备主题,002270,华明装备,1.372
2026-01-23,931994,电网设备主题,605196,华通线缆,1.267
2026-01-23,931994,电网设备主题,600517,国网英大,1.051
2026-01-23,931994,电网设备主题,600550,保变电气,0.99
2026-01-23,931994,电网设备主题,002706,良信股份,0.987
2026-01-23,931994,电网设备主题,600131,国网信通,0.986
2026-01-23,931994,电网设备主题,000682,东方电子,0.972
2026-01-23,931994,电网设备主题,002063,远光软件,0.943
2026-01-23,931994,电网设备主题,002922,伊戈尔,0.925
2026-01-23,931994,电网设备主题,002121,科陆电子,0.912
2026-01-23,931994,电网设备主题,600869,远东股份,0.91
2026-01-23,931994,电网设备主题,301291,明阳电气,0.794
2026-01-23,931994,电网设备主题,002298,中电鑫龙,0.788
2026-01-23,931994,电网设备主题,688248,南网科技,0.772
2026-01-23,931994,电网设备主题,002169,智光电气,0.738
2026-01-23,931994,电网设备主题,603556,海兴电力,0.722
2026-01-23,931994,电网设备主题,300222,科大智能,0.694
2026-01-23,931994,电网设备主题,301031,中熔电气,0.675
2026-01-23,931994,电网设备主题,002533,金杯电工,0.653
2026-01-23,931994,电网设备主题,300360,炬华科技,0.638
2026-01-23,931994,电网设备主题,300427,红相股份,0.635
2026-01-23,931994,电网设备主题,600973,宝胜股份,0.612
2026-01-23,931994,电网设备主题,300444,双杰电气,0.549
2026-01-23,931994,电网设备主题,600268,国电南自,0.543
2026-01-23,931994,电网设备主题,002498,汉缆股份,0.519
2026-01-23,931994,电网设备主题,601096,宏盛华源,0.453
2026-01-23,931994,电网设备主题,300265,通光线缆,0.447
2026-01-23,931994,电网设备主题,300018,中元股份,0.435
2026-01-23,931994,电网设备主题,002560,通达股份,0.432
2026-01-23,931994,电网设备主题,300341,麦克奥迪,0.431
2026-01-23,931994,电网设备主题,688226,威腾电气,0.428
2026-01-23,931994,电网设备主题,002452,长高电新,0.416
2026-01-23,931994,电网设备主题,001359,平安电工,0.403
2026-01-23,931994,电网设备主题,002882,金龙羽,0.399
2026-01-23,931994,电网设备主题,600468,百利电气,0.394
2026-01-23,931994,电网设备主题,002090,金智科技,0.385
2026-01-23,931994,电网设备主题,688191,智洋创新,0.38
2026-01-23,931994,电网设备主题,603666,亿嘉和,0.373
2026-01-23,931994,电网设备主题,300062,中能电气,0.368
2026-01-23,931994,电网设备主题,002339,积成电子,0.363
2026-01-23,931994,电网设备主题,603530,神马电力,0.361
2026-01-23,931994,电网设备主题,603861,白云电器,0.335
2026-01-23,931994,电网设备主题,300617,安靠智电,0.326
2026-01-23,931994,电网设备主题,300712,永福股份,0.302
2026-01-23,931994,电网设备主题,603618,杭电股份,0.284
2026-01-23,931994,电网设备主题,002606,大连电瓷,0.274
2026-01-23,931994,电网设备主题,301179,泽宇智能,0.261
2026-01-23,931994,电网设备主题,002879,长缆科技,0.256
2026-01-23,931994,电网设备主题,300215,电科院,0.243
2026-01-23,931994,电网设备主题,300510,金冠股份,0.243
2026-01-23,931994,电网设备主题,605066,天正电气,0.225
2026-01-23,931994,电网设备主题,300882,万胜智能,0.219
2026-01-23,931994,电网设备主题,300853,申昊科技,0.217
2026-01-23,931994,电网设备主题,300831,派瑞股份,0.216
2026-01-23,931994,电网设备主题,301609,山大电力,0.206
2026-01-23,931994,电网设备主题,002857,三晖电气,0.193
2026-01-23,931994,电网设备主题,300880,迦南智能,0.175
2026-01-23,931994,电网设备主题,001382,新亚电缆,0.172
2026-01-23,931994,电网设备主题,301590,优优绿能,0.152
2026-01-23,931994,电网设备主题,603577,汇金通,0.145
2026-01-23,931994,电网设备主题,001388,信通电子,0.137
2026-01-23,931994,电网设备主题,300069,金利华电,0.123
2026-01-23,932611,智选电网主题,600089,特变电工,14.688
2026-01-23,932611,智选电网主题,600406,国电南瑞,14.487
2026-01-23,932611,智选电网主题,002028,思源电气,13.734
2026-01-23,932611,智选电网主题,600885,宏发股份,6.338
2026-01-23,932611,智选电网主题,601126,四方股份,4.323
2026-01-23,932611,智选电网主题,601567,三星医疗,3.591
2026-01-23,932611,智选电网主题,600487,亨通光电,3.418
2026-01-23,932611,智选电网主题,600522,中天科技,3.15
2026-01-23,932611,智选电网主题,600577,精达股份,2.975
2026-01-23,932611,智选电网主题,601877,正泰电器,2.898
2026-01-23,932611,智选电网主题,688676,金盘科技,2.782
2026-01-23,932611,智选电网主题,603606,东方电缆,2.172
2026-01-23,932611,智选电网主题,300001,特锐德,1.719
2026-01-23,932611,智选电网主题,002533,金杯电工,1.643
2026-01-23,932611,智选电网主题,002706,良信股份,1.485
2026-01-23,932611,智选电网主题,000400,许继电气,1.425
2026-01-23,932611,智选电网主题,603556,海兴电力,1.354
2026-01-23,932611,智选电网主题,300360,炬华科技,1.303
2026-01-23,932611,智选电网主题,601179,中国西电,1.285
2026-01-23,932611,智选电网主题,600312,平高电气,1.184
2026-01-23,932611,智选电网主题,601222,林洋能源,0.997
2026-01-23,932611,智选电网主题,600517,国网英大,0.959
2026-01-23,932611,智选电网主题,000682,东方电子,0.942
2026-01-23,932611,智选电网主题,301031,中熔电气,0.908
2026-01-23,932611,智选电网主题,600131,国网信通,0.79
2026-01-23,932611,智选电网主题,002276,万马股份,0.762
2026-01-23,932611,智选电网主题,605196,华通线缆,0.751
2026-01-23,932611,智选电网主题,002922,伊戈尔,0.704
2026-01-23,932611,智选电网主题,600995,南网储能,0.662
2026-01-23,932611,智选电网主题,600268,国电南自,0.616
2026-01-23,932611,智选电网主题,603530,神马电力,0.589
2026-01-23,932611,智选电网主题,688248,南网科技,0.541
2026-01-23,932611,智选电网主题,600452,涪陵电力,0.538
2026-01-23,932611,智选电网主题,605056,咸亨国际,0.5
2026-01-23,932611,智选电网主题,300697,电工合金,0.391
2026-01-23,932611,智选电网主题,605277,新亚电子,0.374
2026-01-23,932611,智选电网主题,001208,华菱线缆,0.341
2026-01-23,932611,智选电网主题,603050,科林电气,0.305
2026-01-23,932611,智选电网主题,002498,汉缆股份,0.297
2026-01-23,932611,智选电网主题,300341,麦克奥迪,0.27
2026-01-23,932611,智选电网主题,002882,金龙羽,0.24
2026-01-23,932611,智选电网主题,300286,安科瑞,0.231
2026-01-23,932611,智选电网主题,301179,泽宇智能,0.213
2026-01-23,932611,智选电网主题,600101,明星电力,0.195
2026-01-23,932611,智选电网主题,688226,威腾电气,0.177
2026-01-23,932611,智选电网主题,688611,杭州柯林,0.146
2026-01-23,932611,智选电网主题,300802,矩子科技,0.145
2026-01-23,932611,智选电网主题,601700,风范股份,0.127
2026-01-23,932611,智选电网主题,603070,万控智造,0.074
2026-01-23,399265,创新药械,300760,迈瑞医疗,14.79
2026-01-23,399265,创新药械,300255,常山药业,8.31
2026-01-23,399265,创新药械,300347,泰格医药,6.07
2026-01-23,399265,创新药械,300759,康龙化成,5.43
2026-01-23,399265,创新药械,300122,智飞生物,4.31
2026-01-23,399265,创新药械,300832,新产业,3.91
2026-01-23,399265,创新药械,300003,乐普医疗,3.8
2026-01-23,399265,创新药械,300142,沃森生物,3.57
2026-01-23,399265,创新药械,300049,福瑞医科,3.21
2026-01-23,399265,创新药械,300199,翰宇药业,2.63
2026-01-23,399265,创新药械,300573,兴齐眼药,2.53
2026-01-23,399265,创新药械,300676,华大基因,2.45
2026-01-23,399265,创新药械,300558,贝达药业,2.42
2026-01-23,399265,创新药械,300009,安科生物,2.17
2026-01-23,399265,创新药械,300181,佐力药业,1.94
2026-01-23,399265,创新药械,300601,康泰生物,1.93
2026-01-23,399265,创新药械,300529,健帆生物,1.69
2026-01-23,399265,创新药械,300436,广生堂,1.61
2026-01-23,399265,创新药械,300357,我武生物,1.6
2026-01-23,399265,创新药械,300363,博腾股份,1.56
2026-01-23,399265,创新药械,300725,药石科技,1.56
2026-01-23,399265,创新药械,300204,舒泰神,1.5
2026-01-23,399265,创新药械,300685,艾德生物,1.3
2026-01-23,399265,创新药械,300497,富祥药业,1.29
2026-01-23,399265,创新药械,300841,康华生物,1.25
2026-01-23,399265,创新药械,300633,开立医疗,1.22
2026-01-23,399265,创新药械,300482,万孚生物,1.12
2026-01-23,399265,创新药械,301080,百普赛斯,1.1
2026-01-23,399265,创新药械,300723,一品红,1.08
2026-01-23,399265,创新药械,300298,三诺生物,1.05
2026-01-23,399265,创新药械,300463,迈克生物,1
2026-01-23,399265,创新药械,300705,九典制药,0.85
2026-01-23,399265,创新药械,301096,百诚医药,0.85
2026-01-23,399265,创新药械,300233,金城医药,0.84
2026-01-23,399265,创新药械,300039,上海凯宝,0.81
2026-01-23,399265,创新药械,300702,天宇股份,0.72
2026-01-23,399265,创新药械,300206,理邦仪器,0.69
2026-01-23,399265,创新药械,301047,义翘神州,0.64
2026-01-23,399265,创新药械,300238,冠昊生物,0.57
2026-01-23,399265,创新药械,300869,康泰医学,0.57
2026-01-23,399265,创新药械,301207,华兰疫苗,0.55
2026-01-23,399265,创新药械,300404,博济医药,0.47
2026-01-23,399265,创新药械,301333,诺思格,0.47
2026-01-23,399265,创新药械,300485,赛升药业,0.45
2026-01-23,399265,创新药械,301230,泓博医药,0.44
2026-01-23,399265,创新药械,300434,金石亚药,0.43
2026-01-23,399265,创新药械,301509,金凯生科,0.4
2026-01-23,399265,创新药械,300942,易瑞生物,0.33
2026-01-23,399265,创新药械,301602,超研股份,0.26
2026-01-23,399265,创新药械,300314,戴维医疗,0.25
2026-01-23,931152,CS创新药,603259,药明康德,10.319
2026-01-23,931152,CS创新药,600276,恒瑞医药,9.941
2026-01-23,931152,CS创新药,000963,华东医药,3.38
2026-01-23,931152,CS创新药,600196,复星医药,3.289
2026-01-23,931152,CS创新药,002422,科伦药业,3.207
2026-01-23,931152,CS创新药,688235,百济神州,3.019
2026-01-23,931152,CS创新药,000661,长春高新,2.951
2026-01-23,931152,CS创新药,300759,康龙化成,2.871
2026-01-23,931152,CS创新药,300347,泰格医药,2.861
2026-01-23,931152,CS创新药,688578,艾力斯,2.747
2026-01-23,931152,CS创新药,002294,信立泰,2.698
2026-01-23,931152,CS创新药,688506,百利天恒,2.606
2026-01-23,931152,CS创新药,000766,通化金马,2.596
2026-01-23,931152,CS创新药,603087,甘李药业,2.383
2026-01-23,931152,CS创新药,300122,智飞生物,2.206
2026-01-23,931152,CS创新药,600079,ST人福,2.021
2026-01-23,931152,CS创新药,002821,凯莱英,1.814
2026-01-23,931152,CS创新药,688180,君实生物,1.79
2026-01-23,931152,CS创新药,600521,华海药业,1.738
2026-01-23,931152,CS创新药,300142,沃森生物,1.705
2026-01-23,931152,CS创新药,002653,海思科,1.684
2026-01-23,931152,CS创新药,688266,泽璟制药,1.678
2026-01-23,931152,CS创新药,603392,万泰生物,1.666
2026-01-23,931152,CS创新药,002007,华兰生物,1.621
2026-01-23,931152,CS创新药,603127,昭衍新药,1.509
2026-01-23,931152,CS创新药,002262,恩华药业,1.437
2026-01-23,931152,CS创新药,688166,博瑞医药,1.42
2026-01-23,931152,CS创新药,002603,以岭药业,1.393
2026-01-23,931152,CS创新药,688331,荣昌生物,1.349
2026-01-23,931152,CS创新药,688278,特宝生物,1.335
2026-01-23,931152,CS创新药,600380,健康元,1.239
2026-01-23,931152,CS创新药,688382,益方生物,1.231
2026-01-23,931152,CS创新药,000513,丽珠集团,1.221
2026-01-23,931152,CS创新药,300558,贝达药业,1.151
2026-01-23,931152,CS创新药,002020,京新药业,1.118
2026-01-23,931152,CS创新药,600535,天士力,1.1
2026-01-23,931152,CS创新药,300009,安科生物,1.095
2026-01-23,931152,CS创新药,002773,康弘药业,1.079
2026-01-23,931152,CS创新药,300601,康泰生物,0.967
2026-01-23,931152,CS创新药,600566,济川药业,0.947
2026-01-23,931152,CS创新药,600867,通化东宝,0.938
2026-01-23,931152,CS创新药,603456,九洲药业,0.933
2026-01-23,931152,CS创新药,600216,浙江医药,0.911
2026-01-23,931152,CS创新药,002019,亿帆医药,0.853
2026-01-23,931152,CS创新药,603858,步长制药,0.806
2026-01-23,931152,CS创新药,688192,迪哲医药,0.779
2026-01-23,931152,CS创新药,688336,三生国健,0.718
2026-01-23,931152,CS创新药,600211,西藏药业,0.67
2026-01-23,931152,CS创新药,688520,神州细胞,0.565
2026-01-23,931152,CS创新药,002755,奥赛康,0.444
2026-01-23,931440,创新药30,603259,药明康德,15.738
2026-01-23,931440,创新药30,600276,恒瑞医药,15.16
2026-01-23,931440,创新药30,000963,华东医药,5.649
2026-01-23,931440,创新药30,600196,复星医药,5.498
2026-01-23,931440,创新药30,002422,科伦药业,5.361
2026-01-23,931440,创新药30,688235,百济神州,5.046
2026-01-23,931440,创新药30,002294,信立泰,4.51
2026-01-23,931440,创新药30,688506,百利天恒,4.356
2026-01-23,931440,创新药30,603087,甘李药业,3.983
2026-01-23,931440,创新药30,600079,ST人福,3.379
2026-01-23,931440,创新药30,002821,凯莱英,3.032
2026-01-23,931440,创新药30,688180,君实生物,2.992
2026-01-23,931440,创新药30,600521,华海药业,2.904
2026-01-23,931440,创新药30,002653,海思科,2.815
2026-01-23,931440,创新药30,688266,泽璟制药,2.805
2026-01-23,931440,创新药30,688331,荣昌生物,2.255
2026-01-23,931440,创新药30,688382,益方生物,2.058
2026-01-23,931440,创新药30,000513,丽珠集团,2.04
2026-01-23,931440,创新药30,688062,迈威生物,1.506
2026-01-23,931440,创新药30,688321,微芯生物,1.362
2026-01-23,931440,创新药30,688192,迪哲医药,1.301
2026-01-23,931440,创新药30,688658,悦康药业,0.997
2026-01-23,931440,创新药30,688428,诺诚健华,0.899
2026-01-23,931440,创新药30,688176,亚虹医药,0.751
2026-01-23,931440,创新药30,688488,艾迪药业,0.673
2026-01-23,931440,创新药30,688221,前沿生物,0.662
2026-01-23,931440,创新药30,688443,智翔金泰,0.652
2026-01-23,931440,创新药30,688302,海创药业,0.636
2026-01-23,931440,创新药30,688185,康希诺,0.587
2026-01-23,931440,创新药30,688373,盟科药业,0.388
2026-01-23,931639,创新药优势成长50,603259,药明康德,10.285
2026-01-23,931639,创新药优势成长50,600276,恒瑞医药,9.908
2026-01-23,931639,创新药优势成长50,300759,康龙化成,3.777
2026-01-23,931639,创新药优势成长50,300347,泰格医药,3.765
2026-01-23,931639,创新药优势成长50,688235,百济神州,3.582
2026-01-23,931639,创新药优势成长50,002294,信立泰,3.493
2026-01-23,931639,创新药优势成长50,000661,长春高新,3.395
2026-01-23,931639,创新药优势成长50,688578,艾力斯,3.254
2026-01-23,931639,创新药优势成长50,603087,甘李药业,2.781
2026-01-23,931639,创新药优势成长50,000766,通化金马,2.48
2026-01-23,931639,创新药优势成长50,002821,凯莱英,2.387
2026-01-23,931639,创新药优势成长50,002653,海思科,2.246
2026-01-23,931639,创新药优势成长50,688180,君实生物,2.1
2026-01-23,931639,创新药优势成长50,603127,昭衍新药,1.986
2026-01-23,931639,创新药优势成长50,688266,泽璟制药,1.965
2026-01-23,931639,创新药优势成长50,600521,华海药业,1.896
2026-01-23,931639,创新药优势成长50,300142,沃森生物,1.839
2026-01-23,931639,创新药优势成长50,688166,博瑞医药,1.72
2026-01-23,931639,创新药优势成长50,688506,百利天恒,1.72
2026-01-23,931639,创新药优势成长50,002262,恩华药业,1.677
2026-01-23,931639,创新药优势成长50,688331,荣昌生物,1.602
2026-01-23,931639,创新药优势成长50,688278,特宝生物,1.569
2026-01-23,931639,创新药优势成长50,603392,万泰生物,1.553
2026-01-23,931639,创新药优势成长50,002007,华兰生物,1.494
2026-01-23,931639,创新药优势成长50,688131,皓元医药,1.376
2026-01-23,931639,创新药优势成长50,600380,健康元,1.344
2026-01-23,931639,创新药优势成长50,300558,贝达药业,1.329
2026-01-23,931639,创新药优势成长50,688382,益方生物,1.323
2026-01-23,931639,创新药优势成长50,002317,众生药业,1.322
2026-01-23,931639,创新药优势成长50,000513,丽珠集团,1.319
2026-01-23,931639,创新药优势成长50,300009,安科生物,1.259
2026-01-23,931639,创新药优势成长50,002773,康弘药业,1.257
2026-01-23,931639,创新药优势成长50,603456,九洲药业,1.228
2026-01-23,931639,创新药优势成长50,600535,天士力,1.214
2026-01-23,931639,创新药优势成长50,002020,京新药业,1.206
2026-01-23,931639,创新药优势成长50,300181,佐力药业,1.166
2026-01-23,931639,创新药优势成长50,002603,以岭药业,1.105
2026-01-23,931639,创新药优势成长50,600566,济川药业,1.077
2026-01-23,931639,创新药优势成长50,600285,羚锐制药,1.068
2026-01-23,931639,创新药优势成长50,300601,康泰生物,1.059
2026-01-23,931639,创新药优势成长50,300357,我武生物,1.011
2026-01-23,931639,创新药优势成长50,300363,博腾股份,0.974
2026-01-23,931639,创新药优势成长50,688192,迪哲医药,0.919
2026-01-23,931639,创新药优势成长50,688336,三生国健,0.834
2026-01-23,931639,创新药优势成长50,600867,通化东宝,0.822
2026-01-23,931639,创新药优势成长50,600211,西藏药业,0.771
2026-01-23,931639,创新药优势成长50,603858,步长制药,0.75
2026-01-23,931639,创新药优势成长50,688520,神州细胞,0.646
2026-01-23,931639,创新药优势成长50,688443,智翔金泰,0.63
2026-01-23,931639,创新药优势成长50,002755,奥赛康,0.516
2026-01-23,932545,科创创业创新药,688235,百济神州,6.954
2026-01-23,932545,科创创业创新药,688578,艾力斯,6.328
2026-01-23,932545,科创创业创新药,688506,百利天恒,6.003
2026-01-23,932545,科创创业创新药,300122,智飞生物,5.082
2026-01-23,932545,科创创业创新药,688180,君实生物,4.124
2026-01-23,932545,科创创业创新药,300142,沃森生物,3.926
2026-01-23,932545,科创创业创新药,688266,泽璟制药,3.865
2026-01-23,932545,科创创业创新药,688166,博瑞医药,3.27
2026-01-23,932545,科创创业创新药,688331,荣昌生物,3.108
2026-01-23,932545,科创创业创新药,688278,特宝生物,3.074
2026-01-23,932545,科创创业创新药,688382,益方生物,2.836
2026-01-23,932545,科创创业创新药,300558,贝达药业,2.652
2026-01-23,932545,科创创业创新药,300181,佐力药业,2.55
2026-01-23,932545,科创创业创新药,300009,安科生物,2.521
2026-01-23,932545,科创创业创新药,300347,泰格医药,2.394
2026-01-23,932545,科创创业创新药,300601,康泰生物,2.227
2026-01-23,932545,科创创业创新药,688062,迈威生物,2.075
2026-01-23,932545,科创创业创新药,300759,康龙化成,2.032
2026-01-23,932545,科创创业创新药,300725,药石科技,2.029
2026-01-23,932545,科创创业创新药,688131,皓元医药,2.019
2026-01-23,932545,科创创业创新药,300357,我武生物,2.004
2026-01-23,932545,科创创业创新药,688321,微芯生物,1.877
2026-01-23,932545,科创创业创新药,688192,迪哲医药,1.793
2026-01-23,932545,科创创业创新药,300363,博腾股份,1.705
2026-01-23,932545,科创创业创新药,688336,三生国健,1.654
2026-01-23,932545,科创创业创新药,688319,欧林生物,1.622
2026-01-23,932545,科创创业创新药,688658,悦康药业,1.374
2026-01-23,932545,科创创业创新药,688520,神州细胞,1.302
2026-01-23,932545,科创创业创新药,688222,成都先导,1.269
2026-01-23,932545,科创创业创新药,688428,诺诚健华,1.239
2026-01-23,932545,科创创业创新药,688513,苑东生物,1.222
2026-01-23,932545,科创创业创新药,688621,阳光诺和,1.096
2026-01-23,932545,科创创业创新药,688176,亚虹医药,1.036
2026-01-23,932545,科创创业创新药,688202,美迪西,1.023
2026-01-23,932545,科创创业创新药,688488,艾迪药业,0.928
2026-01-23,932545,科创创业创新药,688221,前沿生物,0.913
2026-01-23,932545,科创创业创新药,688443,智翔金泰,0.899
2026-01-23,932545,科创创业创新药,688302,海创药业,0.876
2026-01-23,932545,科创创业创新药,688185,康希诺,0.809
2026-01-23,932545,科创创业创新药,688687,凯因科技,0.767
2026-01-23,932545,科创创业创新药,301047,义翘神州,0.74
2026-01-23,932545,科创创业创新药,688136,科兴制药,0.717
2026-01-23,932545,科创创业创新药,688356,键凯科技,0.673
2026-01-23,932545,科创创业创新药,688505,复旦张江,0.664
2026-01-23,932545,科创创业创新药,688177,百奥泰,0.647
2026-01-23,932545,科创创业创新药,688373,盟科药业,0.535
2026-01-23,932545,科创创业创新药,688315,诺禾致源,0.497
2026-01-23,932545,科创创业创新药,688197,首药控股,0.465
2026-01-23,932545,科创创业创新药,688566,吉贝尔,0.402
2026-01-23,932545,科创创业创新药,688758,赛分科技,0.183
2026-01-23,980086,创新药,001093,石药集团,9.46
2026-01-23,980086,创新药,600276,恒瑞医药,8.94
2026-01-23,980086,创新药,006160,百济神州,5.88
2026-01-23,980086,创新药,009926,康方生物,5.87
2026-01-23,980086,创新药,001530,三生制药,5.61
2026-01-23,980086,创新药,001177,中国生物制药,5.36
2026-01-23,980086,创新药,003692,翰森制药,4.64
2026-01-23,980086,创新药,001801,信达生物,4.35
2026-01-23,980086,创新药,688180,君实生物,3.73
2026-01-23,980086,创新药,688578,艾力斯,2.98
2026-01-23,980086,创新药,300558,贝达药业,2.62
2026-01-23,980086,创新药,002096,先声药业,2.41
2026-01-23,980086,创新药,688336,三生国健,2.31
2026-01-23,980086,创新药,688506,百利天恒,2.28
2026-01-23,980086,创新药,600196,复星医药,2.04
2026-01-23,980086,创新药,600380,健康元,1.98
2026-01-23,980086,创新药,688192,迪哲医药,1.88
2026-01-23,980086,创新药,688331,荣昌生物,1.79
2026-01-23,980086,创新药,688266,泽璟制药,1.7
2026-01-23,980086,创新药,009995,荣昌生物,1.68
2026-01-23,980086,创新药,000513,丽珠集团,1.64
2026-01-23,980086,创新药,688235,百济神州,1.23
2026-01-23,980086,创新药,000867,康哲药业,0.99
2026-01-23,980086,创新药,002157,乐普生物-B,0.87
2026-01-23,980086,创新药,002410,同源康医药-Ｂ,0.86
2026-01-23,980086,创新药,006990,科伦博泰生物-B,0.83
2026-01-23,980086,创新药,001877,君实生物,0.82
2026-01-23,980086,创新药,300122,智飞生物,0.82
2026-01-23,980086,创新药,002755,奥赛康,0.81
2026-01-23,980086,创新药,000460,四环医药,0.78
2026-01-23,980086,创新药,002653,海思科,0.78
2026-01-23,980086,创新药,009688,再鼎医药,0.78
2026-01-23,980086,创新药,002019,亿帆医药,0.59
2026-01-23,980086,创新药,000013,和黄医药,0.58
2026-01-23,980086,创新药,002399,海普瑞,0.57
2026-01-23,980086,创新药,688321,微芯生物,0.56
2026-01-23,980086,创新药,688520,神州细胞,0.56
2026-01-23,980086,创新药,603087,甘李药业,0.55
2026-01-23,980086,创新药,002422,科伦药业,0.54
2026-01-23,980086,创新药,002196,复星医药,0.51
2026-01-23,980086,创新药,600079,ST人福,0.5
2026-01-23,980086,创新药,688278,特宝生物,0.5
2026-01-23,980086,创新药,300142,沃森生物,0.49
2026-01-23,980086,创新药,001513,丽珠医药,0.48
2026-01-23,980086,创新药,688185,康希诺,0.46
2026-01-23,980086,创新药,002294,信立泰,0.44
2026-01-23,980086,创新药,000661,长春高新,0.43
2026-01-23,980086,创新药,006185,康希诺生物,0.43
2026-01-23,980086,创新药,001276,恒瑞医药,0.39
2026-01-23,980086,创新药,002162,康诺亚-B,0.39
2026-01-23,980086,创新药,006855,亚盛医药-B,0.37
2026-01-23,980086,创新药,600062,华润双鹤,0.36
2026-01-23,980086,创新药,000512,远大医药,0.33
2026-01-23,980086,创新药,000963,华东医药,0.33
2026-01-23,980086,创新药,300436,广生堂,0.32
2026-01-23,980086,创新药,002186,绿叶制药,0.31
2026-01-23,980086,创新药,009969,诺诚健华,0.18
2026-01-23,980086,创新药,688428,诺诚健华,0.1
2026-01-23,980032,新能电池,002594,比亚迪,14.92
2026-01-23,980032,新能电池,300750,宁德时代,13.79
2026-01-23,980032,新能电池,002050,三花智控,7.87
2026-01-23,980032,新能电池,603799,华友钴业,7.04
2026-01-23,980032,新能电池,300014,亿纬锂能,5.83
2026-01-23,980032,新能电池,002460,赣锋锂业,4.7
2026-01-23,980032,新能电池,002709,天赐材料,4.08
2026-01-23,980032,新能电池,300450,先导智能,3.66
2026-01-23,980032,新能电池,002074,国轩高科,2.83
2026-01-23,980032,新能电池,600549,厦门钨业,2.77
2026-01-23,980032,新能电池,002340,格林美,2.69
2026-01-23,980032,新能电池,002407,多氟多,2.37
2026-01-23,980032,新能电池,300207,欣旺达,2.37
2026-01-23,980032,新能电池,002812,恩捷股份,2.21
2026-01-23,980032,新能电池,300390,天华新能,2.1
2026-01-23,980032,新能电池,603659,璞泰来,1.88
2026-01-23,980032,新能电池,002850,科达利,1.87
2026-01-23,980032,新能电池,002130,沃尔核材,1.8
2026-01-23,980032,新能电池,301358,湖南裕能,1.72
2026-01-23,980032,新能电池,002080,中材科技,1.67
2026-01-23,980032,新能电池,300037,新宙邦,1.67
2026-01-23,980032,新能电池,300073,当升科技,1.55
2026-01-23,980032,新能电池,600884,杉杉股份,1.55
2026-01-23,980032,新能电池,300919,中伟股份,1.3
2026-01-23,980032,新能电池,300001,特锐德,1.23
2026-01-23,980032,新能电池,000009,中国宝安,1.09
2026-01-23,980032,新能电池,002056,横店东磁,1.08
2026-01-23,980032,新能电池,688778,厦钨新能,0.93
2026-01-23,980032,新能电池,688567,孚能科技,0.77
2026-01-23,931746,储能产业,002594,比亚迪,15.035
2026-01-23,931746,储能产业,300750,宁德时代,14.424
2026-01-23,931746,储能产业,300274,阳光电源,14.057
2026-01-23,931746,储能产业,000100,TCL科技,5.207
2026-01-23,931746,储能产业,601012,隆基绿能,5.173
2026-01-23,931746,储能产业,600089,特变电工,5.152
2026-01-23,931746,储能产业,300014,亿纬锂能,4.634
2026-01-23,931746,储能产业,600905,三峡能源,3.311
2026-01-23,931746,储能产业,600438,通威股份,3.139
2026-01-23,931746,储能产业,300450,先导智能,3.103
2026-01-23,931746,储能产业,002074,国轩高科,2.399
2026-01-23,931746,储能产业,605117,德业股份,1.772
2026-01-23,931746,储能产业,601877,正泰电器,1.697
2026-01-23,931746,储能产业,300316,晶盛机电,1.363
2026-01-23,931746,储能产业,002459,晶澳科技,1.288
2026-01-23,931746,储能产业,688223,晶科能源,1.278
2026-01-23,931746,储能产业,688472,阿特斯,1.246
2026-01-23,931746,储能产业,002335,科华数据,1.135
2026-01-23,931746,储能产业,300438,鹏辉能源,1.062
2026-01-23,931746,储能产业,600930,华电新能,1.04
2026-01-23,931746,储能产业,688303,大全能源,0.977
2026-01-23,931746,储能产业,300763,锦浪科技,0.966
2026-01-23,931746,储能产业,603063,禾望电气,0.857
2026-01-23,931746,储能产业,300068,南都电源,0.79
2026-01-23,931746,储能产业,300827,上能电气,0.684
2026-01-23,931746,储能产业,600995,南网储能,0.683
2026-01-23,931746,储能产业,688567,孚能科技,0.65
2026-01-23,931746,储能产业,002518,科士达,0.64
2026-01-23,931746,储能产业,688390,固德威,0.598
2026-01-23,931746,储能产业,688063,派能科技,0.553
2026-01-23,931746,储能产业,300693,盛弘股份,0.542
2026-01-23,931746,储能产业,002121,科陆电子,0.507
2026-01-23,931746,储能产业,002239,奥特佳,0.449
2026-01-23,931746,储能产业,688248,南网科技,0.429
2026-01-23,931746,储能产业,002169,智光电气,0.41
2026-01-23,931746,储能产业,688717,艾罗能源,0.391
2026-01-23,931746,储能产业,002733,雄韬股份,0.299
2026-01-23,931746,储能产业,688032,禾迈股份,0.283
2026-01-23,931746,储能产业,300490,华自科技,0.217
2026-01-23,931746,储能产业,688663,新风光,0.217
2026-01-23,931746,储能产业,688348,昱能科技,0.178
2026-01-23,931746,储能产业,688611,杭州柯林,0.177
2026-01-23,931746,储能产业,301327,华宝新能,0.171
2026-01-23,931746,储能产业,300712,永福股份,0.168
2026-01-23,931746,储能产业,002184,海得控制,0.157
2026-01-23,931746,储能产业,600379,宝光股份,0.131
2026-01-23,931746,储能产业,001289,龙源电力,0.129
2026-01-23,931746,储能产业,301023,奕帆传动,0.096
2026-01-23,931746,储能产业,301157,华塑科技,0.071
2026-01-23,931746,储能产业,301658,首航新能,0.067
2026-01-23,931747,中证储能,002594,比亚迪,15.667
2026-01-23,931747,中证储能,300750,宁德时代,14.481
2026-01-23,931747,中证储能,300274,阳光电源,14.364
2026-01-23,931747,中证储能,300014,亿纬锂能,9.572
2026-01-23,931747,中证储能,002074,国轩高科,4.956
2026-01-23,931747,中证储能,605117,德业股份,4.672
2026-01-23,931747,中证储能,688472,阿特斯,3.284
2026-01-23,931747,中证储能,002335,科华数据,2.991
2026-01-23,931747,中证储能,300438,鹏辉能源,2.799
2026-01-23,931747,中证储能,300763,锦浪科技,2.546
2026-01-23,931747,中证储能,603063,禾望电气,2.26
2026-01-23,931747,中证储能,300068,南都电源,2.083
2026-01-23,931747,中证储能,300827,上能电气,1.803
2026-01-23,931747,中证储能,600995,南网储能,1.799
2026-01-23,931747,中证储能,688567,孚能科技,1.713
2026-01-23,931747,中证储能,002518,科士达,1.687
2026-01-23,931747,中证储能,688390,固德威,1.578
2026-01-23,931747,中证储能,688063,派能科技,1.457
2026-01-23,931747,中证储能,300693,盛弘股份,1.43
2026-01-23,931747,中证储能,002121,科陆电子,1.336
2026-01-23,931747,中证储能,002239,奥特佳,1.182
2026-01-23,931747,中证储能,688248,南网科技,1.131
2026-01-23,931747,中证储能,002169,智光电气,1.081
2026-01-23,931747,中证储能,688717,艾罗能源,1.03
2026-01-23,931747,中证储能,002733,雄韬股份,0.788
2026-01-23,931747,中证储能,688032,禾迈股份,0.747
2026-01-23,931747,中证储能,688348,昱能科技,0.47
2026-01-23,931747,中证储能,688611,杭州柯林,0.466
2026-01-23,931747,中证储能,301327,华宝新能,0.45
2026-01-23,931747,中证储能,301658,首航新能,0.176
2026-01-23,932090,储能设备,300750,宁德时代,14.067
2026-01-23,932090,储能设备,300014,亿纬锂能,6.866
2026-01-23,932090,储能设备,002709,天赐材料,5.534
2026-01-23,932090,储能设备,002340,格林美,3.588
2026-01-23,932090,储能设备,002074,国轩高科,3.555
2026-01-23,932090,储能设备,300207,欣旺达,3.243
2026-01-23,932090,储能设备,002812,恩捷股份,2.801
2026-01-23,932090,储能设备,300390,天华新能,2.664
2026-01-23,932090,储能设备,002850,科达利,2.538
2026-01-23,932090,储能设备,301358,湖南裕能,2.476
2026-01-23,932090,储能设备,603659,璞泰来,2.45
2026-01-23,932090,储能设备,300037,新宙邦,2.301
2026-01-23,932090,储能设备,300073,当升科技,2.112
2026-01-23,932090,储能设备,300919,中伟股份,1.823
2026-01-23,932090,储能设备,300568,星源材质,1.725
2026-01-23,932090,储能设备,002335,科华数据,1.681
2026-01-23,932090,储能设备,300438,鹏辉能源,1.573
2026-01-23,932090,储能设备,002759,天际股份,1.562
2026-01-23,932090,储能设备,000009,中国宝安,1.492
2026-01-23,932090,储能设备,688005,容百科技,1.486
2026-01-23,932090,储能设备,300409,道氏技术,1.476
2026-01-23,932090,储能设备,300953,震裕科技,1.467
2026-01-23,932090,储能设备,688778,厦钨新能,1.31
2026-01-23,932090,储能设备,688772,珠海冠宇,1.227
2026-01-23,932090,储能设备,300035,中科电气,1.224
2026-01-23,932090,储能设备,688388,嘉元科技,1.172
2026-01-23,932090,储能设备,300068,南都电源,1.171
2026-01-23,932090,储能设备,688116,天奈科技,1.16
2026-01-23,932090,储能设备,001301,尚太科技,1.127
2026-01-23,932090,储能设备,300593,新雷能,1.084
2026-01-23,932090,储能设备,688567,孚能科技,0.963
2026-01-23,932090,储能设备,002518,科士达,0.948
2026-01-23,932090,储能设备,301511,德福科技,0.946
2026-01-23,932090,储能设备,603026,石大胜华,0.876
2026-01-23,932090,储能设备,300769,德方纳米,0.828
2026-01-23,932090,储能设备,600110,诺德股份,0.826
2026-01-23,932090,储能设备,688063,派能科技,0.819
2026-01-23,932090,储能设备,300693,盛弘股份,0.804
2026-01-23,932090,储能设备,600478,科力远,0.77
2026-01-23,932090,储能设备,688353,华盛锂电,0.761
2026-01-23,932090,储能设备,002364,中恒电气,0.75
2026-01-23,932090,储能设备,688779,五矿新能,0.727
2026-01-23,932090,储能设备,601311,骆驼股份,0.632
2026-01-23,932090,储能设备,688717,艾罗能源,0.579
2026-01-23,932090,储能设备,603031,安孚科技,0.575
2026-01-23,932090,储能设备,603906,龙蟠科技,0.569
2026-01-23,932090,储能设备,000049,德赛电池,0.52
2026-01-23,932090,储能设备,301487,盟固利,0.507
2026-01-23,932090,储能设备,688275,万润新能,0.479
2026-01-23,932090,储能设备,600590,泰豪科技,0.471
2026-01-23,932090,储能设备,001283,豪鹏科技,0.47
2026-01-23,932090,储能设备,002125,湘潭电化,0.449
2026-01-23,932090,储能设备,002733,雄韬股份,0.443
2026-01-23,932090,储能设备,688339,亿华通,0.443
2026-01-23,932090,储能设备,688707,振华新材,0.414
2026-01-23,932090,储能设备,688733,壹石通,0.389
2026-01-23,932090,储能设备,002580,圣阳股份,0.379
2026-01-23,932090,储能设备,688819,天能股份,0.379
2026-01-23,932090,储能设备,301238,瑞泰新材,0.377
2026-01-23,932090,储能设备,300820,英杰电气,0.357
2026-01-23,932090,储能设备,600212,绿能慧充,0.333
2026-01-23,932090,储能设备,688155,先惠技术,0.321
2026-01-23,932090,储能设备,300890,翔丰华,0.298
2026-01-23,932090,储能设备,002805,丰元股份,0.292
2026-01-23,932090,储能设备,300491,通合科技,0.259
2026-01-23,932090,储能设备,301327,华宝新能,0.253
2026-01-23,932090,储能设备,301121,紫建电子,0.165
2026-01-23,932090,储能设备,301349,信德新材,0.161
2026-01-23,932090,储能设备,605378,野马电池,0.148
2026-01-23,932090,储能设备,301210,金杨精密,0.14
2026-01-23,932090,储能设备,301516,中远通,0.11
2026-01-23,932246,储能电池,300750,宁德时代,9.504
2026-01-23,932246,储能电池,300274,阳光电源,9.427
2026-01-23,932246,储能电池,300014,亿纬锂能,9.264
2026-01-23,932246,储能电池,002074,国轩高科,6.371
2026-01-23,932246,储能电池,605117,德业股份,4.707
2026-01-23,932246,储能电池,002335,科华数据,3.013
2026-01-23,932246,储能电池,300438,鹏辉能源,2.82
2026-01-23,932246,储能电池,002709,天赐材料,2.535
2026-01-23,932246,储能电池,002340,格林美,2.273
2026-01-23,932246,储能电池,002407,多氟多,2.199
2026-01-23,932246,储能电池,300068,南都电源,2.098
2026-01-23,932246,储能电池,002812,恩捷股份,2.097
2026-01-23,932246,储能电池,300450,先导智能,2.037
2026-01-23,932246,储能电池,002850,科达利,1.976
2026-01-23,932246,储能电池,603659,璞泰来,1.963
2026-01-23,932246,储能电池,301358,湖南裕能,1.901
2026-01-23,932246,储能电池,300037,新宙邦,1.843
2026-01-23,932246,储能电池,300827,上能电气,1.816
2026-01-23,932246,储能电池,688567,孚能科技,1.726
2026-01-23,932246,储能电池,002518,科士达,1.699
2026-01-23,932246,储能电池,300073,当升科技,1.691
2026-01-23,932246,储能电池,688390,固德威,1.589
2026-01-23,932246,储能电池,688063,派能科技,1.467
2026-01-23,932246,储能电池,300919,中伟股份,1.46
2026-01-23,932246,储能电池,300568,星源材质,1.382
2026-01-23,932246,储能电池,600478,科力远,1.38
2026-01-23,932246,储能电池,002121,科陆电子,1.346
2026-01-23,932246,储能电池,000009,中国宝安,1.195
2026-01-23,932246,储能电池,688005,容百科技,1.19
2026-01-23,932246,储能电池,300953,震裕科技,1.175
2026-01-23,932246,储能电池,002298,中电鑫龙,1.162
2026-01-23,932246,储能电池,300432,富临精工,1.151
2026-01-23,932246,储能电池,601311,骆驼股份,1.132
2026-01-23,932246,储能电池,688778,厦钨新能,1.05
2026-01-23,932246,储能电池,688717,艾罗能源,1.037
2026-01-23,932246,储能电池,688116,天奈科技,0.929
2026-01-23,932246,储能电池,001301,尚太科技,0.902
2026-01-23,932246,储能电池,002733,雄韬股份,0.794
2026-01-23,932246,储能电池,688032,禾迈股份,0.752
2026-01-23,932246,储能电池,688819,天能股份,0.68
2026-01-23,932246,储能电池,002580,圣阳股份,0.679
2026-01-23,932246,储能电池,300648,星云股份,0.676
2026-01-23,932246,储能电池,002150,通润装备,0.659
2026-01-23,932246,储能电池,301162,国能日新,0.613
2026-01-23,932246,储能电池,688663,新风光,0.577
2026-01-23,932246,储能电池,300490,华自科技,0.575
2026-01-23,932246,储能电池,688348,昱能科技,0.474
