symbol,name,market,date
000001,上证指数,sh,2025-12-31
000002,Ａ股指数,sh,2025-12-31
000003,Ｂ股指数,sh,2025-12-31
000004,工业指数,sh,2025-12-31
000005,商业指数,sh,2025-12-31
000006,地产指数,sh,2025-12-31
000007,公用指数,sh,2025-12-31
000008,综合指数,sh,2025-12-31
000009,上证380,sh,2025-12-31
000010,上证180,sh,2025-12-31
000011,基金指数,sh,2025-12-31
000012,国债指数,sh,2025-12-31
000013,企债指数,sh,2025-12-31
000015,红利指数,sh,2025-12-31
000016,上证50,sh,2025-12-31
000017,新综指,sh,2025-12-31
000018,180金融,sh,2025-12-31
000019,治理指数,sh,2025-12-31
000020,中型综指,sh,2025-12-31
000021,180治理,sh,2025-12-31
000022,沪公司债,sh,2025-12-31
000025,180基建,sh,2025-12-31
000026,180资源,sh,2025-12-31
000027,180运输,sh,2025-12-31
000028,180成长,sh,2025-12-31
000029,180价值,sh,2025-12-31
000030,180R成长,sh,2025-12-31
000031,180R价值,sh,2025-12-31
000032,上证能源,sh,2025-12-31
000033,上证材料,sh,2025-12-31
000034,上证工业,sh,2025-12-31
000035,上证可选,sh,2025-12-31
000036,上证消费,sh,2025-12-31
000037,上证医药,sh,2025-12-31
000038,上证金融,sh,2025-12-31
000039,上证信息,sh,2025-12-31
000040,上证电信,sh,2025-12-31
000041,上证公用,sh,2025-12-31
000042,上证央企,sh,2025-12-31
000043,超大盘,sh,2025-12-31
000044,上证中盘,sh,2025-12-31
000045,上证小盘,sh,2025-12-31
000046,上证中小,sh,2025-12-31
000047,上证全指,sh,2025-12-31
000048,责任指数,sh,2025-12-31
000049,上证民企,sh,2025-12-31
000050,50等权,sh,2025-12-31
000051,180等权,sh,2025-12-31
000052,50基本,sh,2025-12-31
000053,180基本,sh,2025-12-31
000054,上证海外,sh,2025-12-31
000055,上证地企,sh,2025-12-31
000056,上证国企,sh,2025-12-31
000057,全指成长,sh,2025-12-31
000058,全指价值,sh,2025-12-31
000059,全R成长,sh,2025-12-31
000060,全R价值,sh,2025-12-31
000061,沪企债30,sh,2025-12-31
000062,上证沪企,sh,2025-12-31
000063,上证周期,sh,2025-12-31
000064,非周期,sh,2025-12-31
000065,上证龙头,sh,2025-12-31
000066,上证商品,sh,2025-12-31
000067,上证新兴,sh,2025-12-31
000068,上证资源,sh,2025-12-31
000069,消费80,sh,2025-12-31
000070,能源等权,sh,2025-12-31
000071,材料等权,sh,2025-12-31
000072,工业等权,sh,2025-12-31
000073,可选等权,sh,2025-12-31
000074,消费等权,sh,2025-12-31
000075,医药等权,sh,2025-12-31
000076,金融等权,sh,2025-12-31
000077,信息等权,sh,2025-12-31
000078,电信等权,sh,2025-12-31
000079,公用等权,sh,2025-12-31
000090,上证流通,sh,2025-12-31
000091,沪财中小,sh,2025-12-31
000092,资源50,sh,2025-12-31
000093,180分层,sh,2025-12-31
000094,上证上游,sh,2025-12-31
000095,上证中游,sh,2025-12-31
000096,上证下游,sh,2025-12-31
000097,高端装备,sh,2025-12-31
000098,上证F200,sh,2025-12-31
000099,上证F300,sh,2025-12-31
000100,上证F500,sh,2025-12-31
000101,5年信用,sh,2025-12-31
000102,沪投资品,sh,2025-12-31
000103,沪消费品,sh,2025-12-31
000104,380能源,sh,2025-12-31
000105,380材料,sh,2025-12-31
000106,380工业,sh,2025-12-31
000107,380可选,sh,2025-12-31
000108,380消费,sh,2025-12-31
000109,380医药,sh,2025-12-31
000110,380金融,sh,2025-12-31
000111,380信息,sh,2025-12-31
000112,380电信,sh,2025-12-31
000113,380公用,sh,2025-12-31
000114,持续产业,sh,2025-12-31
000115,380等权,sh,2025-12-31
000116,信用100,sh,2025-12-31
000117,380成长,sh,2025-12-31
000118,380价值,sh,2025-12-31
000119,380R成长,sh,2025-12-31
000120,380R价值,sh,2025-12-31
000121,医药主题,sh,2025-12-31
000122,农业主题,sh,2025-12-31
000123,180动态,sh,2025-12-31
000125,180稳定,sh,2025-12-31
000126,消费50,sh,2025-12-31
000128,380基本,sh,2025-12-31
000129,180波动,sh,2025-12-31
000130,380波动,sh,2025-12-31
000131,上证高新,sh,2025-12-31
000132,上证100,sh,2025-12-31
000133,上证150,sh,2025-12-31
000134,上证银行,sh,2025-12-31
000135,180高贝,sh,2025-12-31
000136,180低贝,sh,2025-12-31
000137,380高贝,sh,2025-12-31
000138,380低贝,sh,2025-12-31
000139,上证转债,sh,2025-12-31
000141,380动态,sh,2025-12-31
000142,380稳定,sh,2025-12-31
000145,优势资源,sh,2025-12-31
000146,优势制造,sh,2025-12-31
000147,优势消费,sh,2025-12-31
000148,消费领先,sh,2025-12-31
000149,180红利,sh,2025-12-31
000150,380红利,sh,2025-12-31
000151,上国红利,sh,2025-12-31
000152,上央红利,sh,2025-12-31
000153,上民红利,sh,2025-12-31
000155,市值百强,sh,2025-12-31
000158,上证环保,sh,2025-12-31
000159,沪股通,sh,2025-12-31
000160,沪新丝路,sh,2025-12-31
000161,沪中国造,sh,2025-12-31
000162,沪互联+,sh,2025-12-31
000170,50AH优选,sh,2025-12-31
000171,新兴成指,sh,2025-12-31
000300,沪深300,sh,2025-12-31
000510,中证A500,sh,2025-12-31
000680,科创综指,sh,2025-12-31
000681,科创价格,sh,2025-12-31
000682,科创信息,sh,2025-12-31
000683,科创生物,sh,2025-12-31
000685,科创芯片,sh,2025-12-31
000687,科创高装,sh,2025-12-31
000688,科创50,sh,2025-12-31
000689,科创材料,sh,2025-12-31
000690,科创成长,sh,2025-12-31
000691,科创ESG,sh,2025-12-31
000692,科创新能,sh,2025-12-31
000693,科创机械,sh,2025-12-31
000695,科长三角,sh,2025-12-31
000697,科大湾区,sh,2025-12-31
000698,科创100,sh,2025-12-31
000699,科创200,sh,2025-12-31
000802,500沪市,sh,2025-12-31
000805,A股资源,sh,2025-12-31
000806,消费服务,sh,2025-12-31
000807,食品饮料,sh,2025-12-31
000808,医药生物,sh,2025-12-31
000811,细分有色,sh,2025-12-31
000812,细分机械,sh,2025-12-31
000813,细分化工,sh,2025-12-31
000814,细分医药,sh,2025-12-31
000815,细分食品,sh,2025-12-31
000819,有色金属,sh,2025-12-31
000820,煤炭指数,sh,2025-12-31
000821,300红利,sh,2025-12-31
000823,800有色,sh,2025-12-31
000824,国企红利,sh,2025-12-31
000825,央企红利,sh,2025-12-31
000827,中证环保,sh,2025-12-31
000828,300高贝,sh,2025-12-31
000832,中证转债,sh,2025-12-31
000841,800医药,sh,2025-12-31
000846,ESG 100,sh,2025-12-31
000847,腾讯济安,sh,2025-12-31
000849,300非银,sh,2025-12-31
000851,百发100,sh,2025-12-31
000852,中证1000,sh,2025-12-31
000853,CSSW丝路,sh,2025-12-31
000854,500原料,sh,2025-12-31
000855,央视500,sh,2025-12-31
000856,500工业,sh,2025-12-31
000857,500医药,sh,2025-12-31
000858,500信息,sh,2025-12-31
000859,国企一带一路,csi,2025-12-31
000860,结构调整,sh,2025-12-31
000861,央企创新,csi,2025-12-31
000863,CS精准医,sh,2025-12-31
000865,上海国企,sh,2025-12-31
000867,港中小企,sh,2025-12-31
000869,HK银行,sh,2025-12-31
000888,上证综合全收益,sh,2025-12-31
000891,新兴综指,sh,2025-12-31
000901,小康指数,sh,2025-12-31
000902,中证流通,sh,2025-12-31
000903,中证A100,sh,2025-12-31
000904,中证200,sh,2025-12-31
000905,中证500,sh,2025-12-31
000906,中证800,sh,2025-12-31
000907,中证700,sh,2025-12-31
000908,300能源,sh,2025-12-31
000909,300材料,sh,2025-12-31
000910,300工业,sh,2025-12-31
000911,300可选,sh,2025-12-31
000912,300消费,sh,2025-12-31
000913,300医药,sh,2025-12-31
000914,300金融,sh,2025-12-31
000915,300信息,sh,2025-12-31
000916,300通信,sh,2025-12-31
000917,300公用,sh,2025-12-31
000918,300成长,sh,2025-12-31
000919,300价值,sh,2025-12-31
000922,中证红利,sh,2025-12-31
000923,公司债指,sh,2025-12-31
000925,基本面50,sh,2025-12-31
000926,中证央企,sh,2025-12-31
000927,央企100,sh,2025-12-31
000928,中证能源,sh,2025-12-31
000929,800材料,sh,2025-12-31
000930,800工业,sh,2025-12-31
000931,800可选,sh,2025-12-31
000932,中证消费,sh,2025-12-31
000933,中证医药,sh,2025-12-31
000934,中证金融,sh,2025-12-31
000935,中证信息,sh,2025-12-31
000936,800通信,sh,2025-12-31
000937,800公用,sh,2025-12-31
000941,新能源,sh,2025-12-31
000942,内地消费,sh,2025-12-31
000944,内地资源,sh,2025-12-31
000945,内地运输,sh,2025-12-31
000948,内地地产,sh,2025-12-31
000949,中证农业,sh,2025-12-31
000952,300地产,sh,2025-12-31
000959,银河99,sh,2025-12-31
000961,中证上游,sh,2025-12-31
000964,中证新兴,sh,2025-12-31
000965,基本200,sh,2025-12-31
000966,基本400,sh,2025-12-31
000967,基本600,sh,2025-12-31
000969,300非周,sh,2025-12-31
000970,ESG 40,sh,2025-12-31
000971,等权90,sh,2025-12-31
000974,800金融,sh,2025-12-31
000977,内地低碳,sh,2025-12-31
000978,医药100,sh,2025-12-31
000979,大宗商品,sh,2025-12-31
000980,中证超大,sh,2025-12-31
000982,500等权,sh,2025-12-31
000984,300等权,sh,2025-12-31
000985,中证全指,sh,2025-12-31
000986,全指能源,sh,2025-12-31
000987,全指材料,sh,2025-12-31
000988,全指工业,sh,2025-12-31
000989,全指可选,sh,2025-12-31
000990,全指消费,sh,2025-12-31
000991,全指医药,sh,2025-12-31
000992,全指金融,sh,2025-12-31
000993,全指信息,sh,2025-12-31
000994,全指通信,sh,2025-12-31
000995,全指公用,sh,2025-12-31
000998,中证TMT,sh,2025-12-31
133333,MSCIA指数,csi,2025-12-31
395001,主板Ａ股,sz,2025-12-31
395002,主板Ｂ股,sz,2025-12-31
395004,创业板,sz,2025-12-31
395005,主板DR,sz,2025-12-31
395006,创业板DR,sz,2025-12-31
395011,封闭基金,sz,2025-12-31
395012,ＬＯＦｓ,sz,2025-12-31
395013,ＥＴＦｓ,sz,2025-12-31
395015,REITS,sz,2025-12-31
395032,债券回购,sz,2025-12-31
395033,债券现货,sz,2025-12-31
395034,ABS,sz,2025-12-31
395041,股票权证,sz,2025-12-31
395099,总 成 交,sz,2025-12-31
399001,深证成指,sz,2025-12-31
399002,深成指R,sz,2025-12-31
399003,成份Ｂ指,sz,2025-12-31
399004,深证100R,sz,2025-12-31
399005,中小100,sz,2025-12-31
399006,创业板指,sz,2025-12-31
399007,深证300,sz,2025-12-31
399008,中小300,sz,2025-12-31
399009,深证200,sz,2025-12-31
399010,深证700,sz,2025-12-31
399011,深证1000,sz,2025-12-31
399012,创业300,sz,2025-12-31
399013,深市精选,sz,2025-12-31
399015,中小创新,sz,2025-12-31
399016,深证创新,sz,2025-12-31
399017,SME创新,sz,2025-12-31
399018,创业创新,sz,2025-12-31
399019,创业200,sz,2025-12-31
399020,创业小盘,sz,2025-12-31
399030,碳科技30,sz,2025-12-31
399050,创新引擎,sz,2025-12-31
399060,碳科技60,sz,2025-12-31
399088,深创100,sz,2025-12-31
399100,新指数,sz,2025-12-31
399101,中小综指,sz,2025-12-31
399102,创业板综,sz,2025-12-31
399103,乐富指数,sz,2025-12-31
399106,深证综指,sz,2025-12-31
399107,深证Ａ指,sz,2025-12-31
399108,深证Ｂ指,sz,2025-12-31
399231,农林指数,sz,2025-12-31
399232,采矿指数,sz,2025-12-31
399233,制造指数,sz,2025-12-31
399234,水电指数,sz,2025-12-31
399235,建筑指数,sz,2025-12-31
399236,批零指数,sz,2025-12-31
399237,运输指数,sz,2025-12-31
399239,IT指数,sz,2025-12-31
399240,金融指数,sz,2025-12-31
399241,地产指数,sz,2025-12-31
399242,商务指数,sz,2025-12-31
399243,科研指数,sz,2025-12-31
399244,公共指数,sz,2025-12-31
399248,文化指数,sz,2025-12-31
399258,绿色低碳,sz,2025-12-31
399259,创业低碳,sz,2025-12-31
399260,先进制造,sz,2025-12-31
399261,创业制造,sz,2025-12-31
399262,数字经济,sz,2025-12-31
399263,创业数字,sz,2025-12-31
399264,创业软件,sz,2025-12-31
399265,创新药械,sz,2025-12-31
399266,创新能源,sz,2025-12-31
399267,专精特新,sz,2025-12-31
399268,深小巨人,sz,2025-12-31
399269,创质量,sz,2025-12-31
399274,深新基建,sz,2025-12-31
399275,创医药,sz,2025-12-31
399276,创科技,sz,2025-12-31
399277,公共健康,sz,2025-12-31
399278,长江100,sz,2025-12-31
399279,云科技50,sz,2025-12-31
399280,生物50,sz,2025-12-31
399281,电子50,sz,2025-12-31
399282,大数据50,sz,2025-12-31
399283,机器人50,sz,2025-12-31
399284,AI 50,sz,2025-12-31
399285,物联网50,sz,2025-12-31
399286,区块链50,sz,2025-12-31
399289,碳中和债,sz,2025-12-31
399290,深转交债,sz,2025-12-31
399291,创精选88,sz,2025-12-31
399292,民企发展,sz,2025-12-31
399293,创业大盘,sz,2025-12-31
399294,中小创Q,sz,2025-12-31
399295,创价值,sz,2025-12-31
399296,创成长,sz,2025-12-31
399297,新浪100,sz,2025-12-31
399298,深信中高,sz,2025-12-31
399299,深信中低,sz,2025-12-31
399300,沪深300,sz,2025-12-31
399301,深信用债,sz,2025-12-31
399302,深公司债,sz,2025-12-31
399303,国证2000,sz,2025-12-31
399306,深证ETF,sz,2025-12-31
399307,深证转债,sz,2025-12-31
399310,国证A50,sz,2025-12-31
399311,国证1000,sz,2025-12-31
399312,国证300,sz,2025-12-31
399313,巨潮100,sz,2025-12-31
399314,巨潮大盘,sz,2025-12-31
399315,巨潮中盘,sz,2025-12-31
399316,巨潮小盘,sz,2025-12-31
399317,国证Ａ指,sz,2025-12-31
399318,国证Ｂ指,sz,2025-12-31
399319,资源优势,sz,2025-12-31
399320,国证服务,sz,2025-12-31
399321,国证红利,sz,2025-12-31
399322,国证治理,sz,2025-12-31
399324,深证红利,sz,2025-12-31
399326,成长40,sz,2025-12-31
399328,深证治理,sz,2025-12-31
399330,深证100,sz,2025-12-31
399333,中小100R,sz,2025-12-31
399335,深证央企,sz,2025-12-31
399337,深证民营,sz,2025-12-31
399339,深证科技,sz,2025-12-31
399341,深证责任,sz,2025-12-31
399344,深证300R,sz,2025-12-31
399346,深证成长,sz,2025-12-31
399348,深证价值,sz,2025-12-31
399350,皖江30,sz,2025-12-31
399351,创新示范,sz,2025-12-31
399352,深企综指,sz,2025-12-31
399353,国证物流,sz,2025-12-31
399354,分析师指数,sz,2025-12-31
399355,长三角,sz,2025-12-31
399356,珠三角,sz,2025-12-31
399357,环渤海,sz,2025-12-31
399358,国证环保,sz,2025-12-31
399359,国证基建,sz,2025-12-31
399360,新硬件,sz,2025-12-31
399361,在线消费,sz,2025-12-31
399362,民企100,sz,2025-12-31
399363,国证算力,sz,2025-12-31
399364,消费100,sz,2025-12-31
399365,国证粮食,sz,2025-12-31
399366,能源金属,sz,2025-12-31
399367,1000地产,sz,2025-12-31
399368,国证军工,sz,2025-12-31
399369,国证责任,sz,2025-12-31
399370,国证成长,sz,2025-12-31
399371,国证价值,sz,2025-12-31
399372,大盘成长,sz,2025-12-31
399373,大盘价值,sz,2025-12-31
399374,中盘成长,sz,2025-12-31
399375,中盘价值,sz,2025-12-31
399376,小盘成长,sz,2025-12-31
399377,小盘价值,sz,2025-12-31
399378,ESG 300,sz,2025-12-31
399379,国证基金,sz,2025-12-31
399380,国证ETF,sz,2025-12-31
399381,1000能源,sz,2025-12-31
399382,1000材料,sz,2025-12-31
399383,1000工业,sz,2025-12-31
399384,1000可选,sz,2025-12-31
399385,1000消费,sz,2025-12-31
399386,1000医药,sz,2025-12-31
399387,1000金融,sz,2025-12-31
399388,1000信息,sz,2025-12-31
399389,国证通信,sz,2025-12-31
399390,1000公用,sz,2025-12-31
399391,投资时钟,sz,2025-12-31
399392,国证新兴,sz,2025-12-31
399393,国证地产,sz,2025-12-31
399394,国证医药,sz,2025-12-31
399395,国证有色,sz,2025-12-31
399396,国证食品,sz,2025-12-31
399397,国证文化,sz,2025-12-31
399398,绩效指数,sz,2025-12-31
399399,中经GDP,sz,2025-12-31
399400,大中盘,sz,2025-12-31
399401,中小盘,sz,2025-12-31
399402,周期100,sz,2025-12-31
399403,防御100,sz,2025-12-31
399405,大盘高贝,sz,2025-12-31
399406,中盘低波,sz,2025-12-31
399407,中盘高贝,sz,2025-12-31
399408,小盘低波,sz,2025-12-31
399409,小盘高贝,sz,2025-12-31
399410,苏州率先,sz,2025-12-31
399411,红利100,sz,2025-12-31
399412,国证新能,sz,2025-12-31
399413,国证转债,sz,2025-12-31
399415,I100,sz,2025-12-31
399416,I300,sz,2025-12-31
399417,新能源车,sz,2025-12-31
399418,数据要素,sz,2025-12-31
399419,国证高铁,sz,2025-12-31
399420,国证保证,sz,2025-12-31
399422,中关村A,sz,2025-12-31
399423,中关村50,sz,2025-12-31
399428,国证定增,sz,2025-12-31
399429,新丝路,sz,2025-12-31
399431,国证银行,sz,2025-12-31
399432,智能汽车,sz,2025-12-31
399433,国证交运,sz,2025-12-31
399434,数字传媒,sz,2025-12-31
399435,国证农牧,sz,2025-12-31
399436,绿色煤炭,sz,2025-12-31
399437,证券龙头,sz,2025-12-31
399438,绿色电力,sz,2025-12-31
399439,国证油气,sz,2025-12-31
399440,国证钢铁,sz,2025-12-31
399441,生物医药,sz,2025-12-31
399481,企债指数,sz,2025-12-31
399550,央视50,sz,2025-12-31
399551,央视创新,sz,2025-12-31
399552,央视成长,sz,2025-12-31
399553,央视回报,sz,2025-12-31
399554,央视治理,sz,2025-12-31
399555,央视责任,sz,2025-12-31
399556,央视生态,sz,2025-12-31
399557,央视文化,sz,2025-12-31
399602,中小成长,sz,2025-12-31
399604,中小价值,sz,2025-12-31
399606,创业板R,sz,2025-12-31
399608,科技100,sz,2025-12-31
399610,TMT50,sz,2025-12-31
399611,中创100R,sz,2025-12-31
399612,中创100,sz,2025-12-31
399613,深证能源,sz,2025-12-31
399614,深证材料,sz,2025-12-31
399615,深证工业,sz,2025-12-31
399616,深证可选,sz,2025-12-31
399617,深证消费,sz,2025-12-31
399618,深证医药,sz,2025-12-31
399619,深证金融,sz,2025-12-31
399620,深证信息,sz,2025-12-31
399621,深证电信,sz,2025-12-31
399622,深证公用,sz,2025-12-31
399623,中小基础,sz,2025-12-31
399624,中创400,sz,2025-12-31
399625,中创500,sz,2025-12-31
399626,中创成长,sz,2025-12-31
399627,中创价值,sz,2025-12-31
399628,700成长,sz,2025-12-31
399629,700价值,sz,2025-12-31
399630,1000成长,sz,2025-12-31
399631,1000价值,sz,2025-12-31
399632,深100EW,sz,2025-12-31
399633,深300EW,sz,2025-12-31
399634,中小等权,sz,2025-12-31
399635,创业板EW,sz,2025-12-31
399636,深证装备,sz,2025-12-31
399637,深证地产,sz,2025-12-31
399638,深证环保,sz,2025-12-31
399639,深证大宗,sz,2025-12-31
399640,创业基础,sz,2025-12-31
399641,深证新兴,sz,2025-12-31
399642,中小新兴,sz,2025-12-31
399643,创业新兴,sz,2025-12-31
399644,深证时钟,sz,2025-12-31
399645,100低波,sz,2025-12-31
399646,深消费50,sz,2025-12-31
399647,深医药50,sz,2025-12-31
399648,深证GDP,sz,2025-12-31
399649,中小红利,sz,2025-12-31
399650,中小治理,sz,2025-12-31
399651,中小责任,sz,2025-12-31
399652,中创高新,sz,2025-12-31
399653,深证龙头,sz,2025-12-31
399654,深证文化,sz,2025-12-31
399655,深证绩效,sz,2025-12-31
399656,100绩效,sz,2025-12-31
399657,300绩效,sz,2025-12-31
399658,中小绩效,sz,2025-12-31
399659,深成指EW,sz,2025-12-31
399660,中创EW,sz,2025-12-31
399661,深证低波,sz,2025-12-31
399662,深证高贝,sz,2025-12-31
399663,中小低波,sz,2025-12-31
399664,中小高贝,sz,2025-12-31
399665,中创低波,sz,2025-12-31
399666,中创高贝,sz,2025-12-31
399667,创业成长,sz,2025-12-31
399668,创业板V,sz,2025-12-31
399669,深证农业,sz,2025-12-31
399670,深周期50,sz,2025-12-31
399671,深防御50,sz,2025-12-31
399672,深红利50,sz,2025-12-31
399673,创业板50,sz,2025-12-31
399674,深A医药,sz,2025-12-31
399675,深互联网,sz,2025-12-31
399676,深医药EW,sz,2025-12-31
399677,深互联EW,sz,2025-12-31
399678,深次新股,sz,2025-12-31
399679,深证200R,sz,2025-12-31
399680,深成能源,sz,2025-12-31
399681,深成材料,sz,2025-12-31
399682,深成工业,sz,2025-12-31
399683,深成可选,sz,2025-12-31
399684,深成消费,sz,2025-12-31
399685,深成医药,sz,2025-12-31
399686,深成金融,sz,2025-12-31
399687,深成信息,sz,2025-12-31
399688,深成电信,sz,2025-12-31
399689,深成公用,sz,2025-12-31
399692,创业低波,sz,2025-12-31
399693,安防产业,sz,2025-12-31
399694,创业高贝,sz,2025-12-31
399695,深证节能,sz,2025-12-31
399696,深证创投,sz,2025-12-31
399697,中关村60,sz,2025-12-31
399698,优势成长,sz,2025-12-31
399699,金融科技,sz,2025-12-31
399701,深证F60,sz,2025-12-31
399702,深证F120,sz,2025-12-31
399703,深证F200,sz,2025-12-31
399704,深证上游,sz,2025-12-31
399705,深证中游,sz,2025-12-31
399706,深证下游,sz,2025-12-31
399707,CSSW证券,sz,2025-12-31
399750,深主板50,sz,2025-12-31
399802,500深市,sz,2025-12-31
399803,工业4.0,sz,2025-12-31
399804,中证体育,sz,2025-12-31
399805,互联金融,sz,2025-12-31
399806,环境治理,sz,2025-12-31
399807,高铁产业,sz,2025-12-31
399808,中证新能,sz,2025-12-31
399809,保险主题,sz,2025-12-31
399810,CSSW传媒,sz,2025-12-31
399811,CSSW电子,sz,2025-12-31
399812,养老产业,sz,2025-12-31
399813,中证国安,sz,2025-12-31
399814,大农业,sz,2025-12-31
399850,深证50,sz,2025-12-31
399852,中证1000,sz,2025-12-31
399901,小康指数,sz,2025-12-31
399903,中证100,sz,2025-12-31
399905,中证 500,sz,2025-12-31
399913,300 医药,sz,2025-12-31
399914,300 金融,sz,2025-12-31
399928,中证能源,sz,2025-12-31
399932,中证消费,sz,2025-12-31
399933,中证医药,sz,2025-12-31
399934,中证金融,sz,2025-12-31
399935,中证信息,sz,2025-12-31
399959,军工指数,sz,2025-12-31
399965,800地产,sz,2025-12-31
399966,800非银,sz,2025-12-31
399967,中证军工,sz,2025-12-31
399970,移动互联,sz,2025-12-31
399971,中证传媒,sz,2025-12-31
399972,300深市,sz,2025-12-31
399973,中证国防,sz,2025-12-31
399974,国企改革,sz,2025-12-31
399975,证券公司,sz,2025-12-31
399976,CS新能车,sz,2025-12-31
399982,500等权,sz,2025-12-31
399983,地产等权,sz,2025-12-31
399986,中证银行,sz,2025-12-31
399987,中证酒,sz,2025-12-31
399989,中证医疗,sz,2025-12-31
399990,煤炭等权,sz,2025-12-31
399991,一带一路,sz,2025-12-31
399992,CSWD并购,sz,2025-12-31
399993,CSWD生科,sz,2025-12-31
399994,信息安全,sz,2025-12-31
399995,基建工程,sz,2025-12-31
399996,智能家居,sz,2025-12-31
399997,中证白酒,sz,2025-12-31
399998,中证煤炭,sz,2025-12-31
470006,创业板R(港币)(CNH),sz,2025-12-31
470007,创业板R（美元）（CNH）,sz,2025-12-31
470026,深指ESGR,sz,2025-12-31
470027,100ESGR,sz,2025-12-31
470028,创指ESGR,sz,2025-12-31
470029,深指ESG领先R,sz,2025-12-31
470030,100ESG领先R,sz,2025-12-31
470031,创指ESG领先R,sz,2025-12-31
470032,深指ESG增强R,sz,2025-12-31
470033,100ESG增强R,sz,2025-12-31
470034,创指ESG增强R,sz,2025-12-31
470035,深证光伏R,sz,2025-12-31
470036,深证储能R,sz,2025-12-31
470037,深证高装R,sz,2025-12-31
470038,生物经济R,sz,2025-12-31
470039,创新材料R,sz,2025-12-31
470040,创业高装R,sz,2025-12-31
470041,创新消费R,sz,2025-12-31
470042,新材料50R,sz,2025-12-31
470043,新能装备R,sz,2025-12-31
470046,深证XR R,sz,2025-12-31
470047,数字文化R,sz,2025-12-31
470048,新型显示R,sz,2025-12-31
470049,深证数字交通R,sz,2025-12-31
470050,深证卫星导航R,sz,2025-12-31
470052,深证数字安全R,sz,2025-12-31
470053,深证数据要素R,sz,2025-12-31
470054,深证智能电网R,sz,2025-12-31
470055,深证国企ESGR,sz,2025-12-31
470056,深证民企ESGR,sz,2025-12-31
470057,深证民企50R,sz,2025-12-31
470058,深证民企治理R,sz,2025-12-31
470059,深证民企科技R,sz,2025-12-31
470060,深证ESG成长R,sz,2025-12-31
470061,深证ESG价值R,sz,2025-12-31
470062,深红利300R,sz,2025-12-31
470063,深证回购R,sz,2025-12-31
470064,深证国企股东回报R,sz,2025-12-31
470065,深证优质信披R,sz,2025-12-31
470067,深证专利R,sz,2025-12-31
470068,创业专利R,sz,2025-12-31
470069,深证绿色制造R,sz,2025-12-31
470071,深证民企成长R,sz,2025-12-31
470072,深证民企价值R,sz,2025-12-31
470074,深证智能穿戴R,sz,2025-12-31
470075,深证AIGCR,sz,2025-12-31
470076,深证绿色化工R,sz,2025-12-31
470077,深证绿色建材R,sz,2025-12-31
470080,科技50R,sz,2025-12-31
471001,深成地产R,sz,2025-12-31
471002,中小地产R,sz,2025-12-31
471004,创业板战略科技R,sz,2025-12-31
480001,湾创100R,sz,2025-12-31
480002,湾创100R(港币),sz,2025-12-31
480003,湾区综指R,sz,2025-12-31
480004,湾区综指R(港币),sz,2025-12-31
480007,湾区新兴R,sz,2025-12-31
480008,湾区新兴R(港币),sz,2025-12-31
480009,湾区制造R,sz,2025-12-31
480010,湾区制造R(港币),sz,2025-12-31
480011,湾区服务R,sz,2025-12-31
480012,湾区服务R(港币),sz,2025-12-31
480013,湾区医药R,sz,2025-12-31
480014,湾区医药R（港币）,sz,2025-12-31
480015,疫苗生科R,sz,2025-12-31
480016,医疗健康R,sz,2025-12-31
480017,国证芯片R,sz,2025-12-31
480019,湾区海洋R,sz,2025-12-31
480020,湾区海洋R(港币),sz,2025-12-31
480021,碳中和50R,sz,2025-12-31
480023,南山50R,sz,2025-12-31
480024,南山50R(港币),sz,2025-12-31
480026,风光装备 R,sz,2025-12-31
480027,新能源电池R,sz,2025-12-31
480028,龙头家电R,sz,2025-12-31
480030,消费电子R,sz,2025-12-31
480032,新能电池R,sz,2025-12-31
480033,自主科技R,sz,2025-12-31
480034,工业软件R,sz,2025-12-31
480035,化肥农药R,sz,2025-12-31
480036,创新龙头R,sz,2025-12-31
480037,创新龙头R（港币）,sz,2025-12-31
480038,深圳高新R,sz,2025-12-31
480039,深圳高新R（港币）,sz,2025-12-31
480043,工业金属R,sz,2025-12-31
480046,文化创意R,sz,2025-12-31
480047,文化创意R（港币）,sz,2025-12-31
480048,国证建材R,sz,2025-12-31
480052,绿色金融R,sz,2025-12-31
480053,绿色金融R（港币）,sz,2025-12-31
480055,规模因子R,sz,2025-12-31
480056,价值因子R,sz,2025-12-31
480057,动量因子R,sz,2025-12-31
480058,绿色治理R,sz,2025-12-31
480059,航空出行R,sz,2025-12-31
480063,国证回购R,sz,2025-12-31
480065,帮扶100R,sz,2025-12-31
480068,蓝色100R,sz,2025-12-31
480069,蓝色100R(港币),sz,2025-12-31
480070,国证专利R,sz,2025-12-31
480071,机器人龙头R,sz,2025-12-31
480072,生物农业R,sz,2025-12-31
480073,生猪指数R,sz,2025-12-31
480075,数字交通R,sz,2025-12-31
480076,通用航空R,sz,2025-12-31
480077,充电设施R,sz,2025-12-31
480150,单项冠军R,sz,2025-12-31
480532,国证青岛海洋R,sz,2025-12-31
483001,内地100R,sz,2025-12-31
483002,内地100R(港币),sz,2025-12-31
483003,内地科技50R,sz,2025-12-31
483004,内地科技50R(港币),sz,2025-12-31
483005,深港通综指R,sz,2025-12-31
483006,深港通综指R(港币),sz,2025-12-31
483007,深港通100R,sz,2025-12-31
483008,深港通100R(港币),sz,2025-12-31
483009,深港通手机产业链R,sz,2025-12-31
483010,深港通手机产业链R(港币),sz,2025-12-31
483011,深港通绿色优选R,sz,2025-12-31
483012,深港通绿色优选R(港币),sz,2025-12-31
483013,深港通能源R,sz,2025-12-31
483014,深港通能源R（港币）,sz,2025-12-31
483015,深港通材料R,sz,2025-12-31
483016,深港通材料R（港币）,sz,2025-12-31
483017,深港通工业R,sz,2025-12-31
483018,深港通工业R（港币）,sz,2025-12-31
483019,深港通可选消费R,sz,2025-12-31
483020,深港通可选消费R（港币）,sz,2025-12-31
483021,深港通主要消费R,sz,2025-12-31
483022,深港通主要消费R（港币）,sz,2025-12-31
483023,深港通医药卫生R,sz,2025-12-31
483024,深港通医药卫生R（港币）,sz,2025-12-31
483025,深港通金融R,sz,2025-12-31
483026,深港通金融R（港币）,sz,2025-12-31
483027,深港通信息技术R,sz,2025-12-31
483028,深港通信息技术R（港币）,sz,2025-12-31
483029,深港通电信业务R,sz,2025-12-31
483030,深港通电信业务R（港币）,sz,2025-12-31
483031,深港通公用事业R,sz,2025-12-31
483032,深港通公用事业R（港币）,sz,2025-12-31
483033,深港通通信服务R,sz,2025-12-31
483034,深港通通信服务R（港币）,sz,2025-12-31
483035,深港通医疗R,sz,2025-12-31
483036,深港通医疗R（港币）,sz,2025-12-31
483037,深港通食品零售R,sz,2025-12-31
483038,深港通食品零售R（港币）,sz,2025-12-31
483039,深港通汽车R,sz,2025-12-31
483040,深港通汽车R（港币）,sz,2025-12-31
483041,深港通服装纺织R,sz,2025-12-31
483042,深港通服装纺织R（港币）,sz,2025-12-31
483043,深港通电脑硬件R,sz,2025-12-31
483044,深港通电脑硬件R（港币）,sz,2025-12-31
483045,深港通消费服务R,sz,2025-12-31
483046,深港通消费服务R（港币）,sz,2025-12-31
483047,深港通网络软件R,sz,2025-12-31
483048,深港通网络软件R（港币）,sz,2025-12-31
483049,深港通耐用消费R,sz,2025-12-31
483050,深港通耐用消费R（港币）,sz,2025-12-31
483051,深港通农牧渔R,sz,2025-12-31
483052,深港通农牧渔R（港币）,sz,2025-12-31
483053,深港通非银R,sz,2025-12-31
483054,深港通非银R（港币）,sz,2025-12-31
483055,深港通工业服务R,sz,2025-12-31
483056,深港通工业服务R（港币）,sz,2025-12-31
483057,深港通电信服务R,sz,2025-12-31
483058,深港通电信服务R（港币）,sz,2025-12-31
483059,深港通生科R,sz,2025-12-31
483060,深港通生科R（港币）,sz,2025-12-31
483061,深港通基材R,sz,2025-12-31
483062,深港通基材R（港币）,sz,2025-12-31
483063,深港通化工R,sz,2025-12-31
483064,深港通化工R（港币）,sz,2025-12-31
483065,深港通食品饮料R,sz,2025-12-31
483066,深港通食品饮料R（港币）,sz,2025-12-31
483067,深港通半导体R,sz,2025-12-31
483068,深港通半导体R（港币）,sz,2025-12-31
483069,深港通工业品R,sz,2025-12-31
483070,深港通工业品R（港币）,sz,2025-12-31
483071,深港通房地产R,sz,2025-12-31
483072,深港通房地产R（港币）,sz,2025-12-31
483073,深港通零售R,sz,2025-12-31
483074,深港通零售R（港币）,sz,2025-12-31
483075,深港通传媒R,sz,2025-12-31
483076,深港通传媒R（港币）,sz,2025-12-31
483077,深港通运输R,sz,2025-12-31
483078,深港通运输R（港币）,sz,2025-12-31
483079,深港通制药R,sz,2025-12-31
483080,深港通制药R（港币）,sz,2025-12-31
483081,深港通银行R,sz,2025-12-31
483082,深港通银行R（港币）,sz,2025-12-31
483083,深港通内房股R,sz,2025-12-31
483084,深港通内房股R(港币),sz,2025-12-31
483085,深港通节能R,sz,2025-12-31
483086,深港通节能R(港币),sz,2025-12-31
483087,深港通新能源车R,sz,2025-12-31
483088,深港通新能源车R(港币),sz,2025-12-31
483089,深港通大湾区R,sz,2025-12-31
483090,深港通大湾区R(港币),sz,2025-12-31
483091,深港通50R,sz,2025-12-31
483092,深港通50R（港币）,sz,2025-12-31
483101,内地生物科技R,sz,2025-12-31
483102,内地生物科技R(港币),sz,2025-12-31
483103,内地医疗器械R,sz,2025-12-31
483104,内地医疗器械R(港币),sz,2025-12-31
483105,内地消费电子R,sz,2025-12-31
483106,内地消费电子R(港币),sz,2025-12-31
483160,低碳科技R,sz,2025-12-31
483161,低碳科技R(港币),sz,2025-12-31
487001,港股50R,sz,2025-12-31
487002,港股50R（人民币）,sz,2025-12-31
487003,港股通50R,sz,2025-12-31
487004,港股通50R（人民币）,sz,2025-12-31
487006,港股科技R,sz,2025-12-31
487007,港股科技R（人民币）,sz,2025-12-31
487010,港股大中盘R,sz,2025-12-31
487011,港股大中盘R（人民币）,sz,2025-12-31
487012,港股大盘R,sz,2025-12-31
487013,港股大盘R（人民币）,sz,2025-12-31
487014,港股中盘R,sz,2025-12-31
487015,港股中盘R（人民币）,sz,2025-12-31
487016,港股通红利低波R,sz,2025-12-31
487017,港股通红利低波R（人民币）,sz,2025-12-31
487020,内房股R,sz,2025-12-31
487021,内房股R（人民币）,sz,2025-12-31
487026,港股通新能源R,sz,2025-12-31
487027,港股通新能源R（人民币）,sz,2025-12-31
489001,新华500R,sz,2025-12-31
489004,新华优选价值50R,sz,2025-12-31
489006,新华SHS新兴消费R,sz,2025-12-31
489007,新华SHS新兴消费R(港币),sz,2025-12-31
489011,青岛50R,sz,2025-12-31
489013,稀土产业链R,sz,2025-12-31
489015,智选策略100R,sz,2025-12-31
489016,红利价值R,sz,2025-12-31
489017,质量优势R,sz,2025-12-31
704843,MSCI中国A股国际,csi,2025-12-31
716567,MSCI中国A股国际通,csi,2025-12-31
930050,中证A50,csi,2025-12-31
930598,稀土产业,csi,2025-12-31
930599,中证高装,csi,2025-12-31
930601,中证软件,csi,2025-12-31
930604,中国互联网30,csi,2025-12-31
930606,中证钢铁,csi,2025-12-31
930608,中证基建,csi,2025-12-31
930614,环保50,csi,2025-12-31
930620,CSSW丝路,csi,2025-12-31
930621,CSSW高铁,csi,2025-12-31
930622,CSSW白酒,csi,2025-12-31
930625,SHS互联网,csi,2025-12-31
930629,CSSW健康,csi,2025-12-31
930632,CS稀金属,csi,2025-12-31
930633,中证旅游,csi,2025-12-31
930640,CSWD重组,csi,2025-12-31
930641,中证中药,csi,2025-12-31
930648,CS智消费,csi,2025-12-31
930651,CS计算机,csi,2025-12-31
930652,CS电子,csi,2025-12-31
930653,CS食品饮,csi,2025-12-31
930660,CSSW体育,csi,2025-12-31
930661,CSSW互金,csi,2025-12-31
930662,CS现代农,csi,2025-12-31
930697,家用电器,csi,2025-12-31
930701,CS京津冀,csi,2025-12-31
930707,中证畜牧,csi,2025-12-31
930708,中证有色,csi,2025-12-31
930709,香港证券,csi,2025-12-31
930712,CS物联网,csi,2025-12-31
930713,CS人工智,csi,2025-12-31
930715,CS朝阳88,csi,2025-12-31
930716,CS物流,csi,2025-12-31
930719,CS精准医,csi,2025-12-31
930720,CS互医疗,csi,2025-12-31
930721,CS智汽车,csi,2025-12-31
930723,沪港深F100,csi,2025-12-31
930725,CS车联网,csi,2025-12-31
930726,CS生医,csi,2025-12-31
930734,360互联+,csi,2025-12-31
930738,四川国改,csi,2025-12-31
930740,300红利低波,csi,2025-12-31
930743,中证生科,csi,2025-12-31
930746,港中小企,csi,2025-12-31
930748,沪深300USD,csi,2025-12-31
930749,沪深300USD(CNH),csi,2025-12-31
930758,凤凰50,csi,2025-12-31
930767,沪深300优选,csi,2025-12-31
930781,中证影视,csi,2025-12-31
930782,500SNLV,csi,2025-12-31
930790,CS娱乐TI,csi,2025-12-31
930791,CS医药TI,csi,2025-12-31
930792,HK银行,csi,2025-12-31
930796,全球中国互联网,csi,2025-12-31
930820,CS高端制,csi,2025-12-31
930821,中证VR,csi,2025-12-31
930838,CS高股息,csi,2025-12-31
930839,港股通高息精选,csi,2025-12-31
930850,智能制造,csi,2025-12-31
930851,云计算,csi,2025-12-31
930875,空天军工,csi,2025-12-31
930882,CS珠三角,csi,2025-12-31
930901,动漫游戏,csi,2025-12-31
930902,中证数据,csi,2025-12-31
930903,中证A股,csi,2025-12-31
930910,农牧渔,csi,2025-12-31
930914,港股通高股息,csi,2025-12-31
930915,港股通高股息CNY,csi,2025-12-31
930917,SHS高股息,csi,2025-12-31
930927,CR基石,csi,2025-12-31
930928,CR新动能,csi,2025-12-31
930930,港股综合,csi,2025-12-31
930931,港股通50,csi,2025-12-31
930937,稳健成长,csi,2025-12-31
930938,500成长估值,csi,2025-12-31
930939,500质量成长,csi,2025-12-31
930955,红利低波100,csi,2025-12-31
930957,港股通中国100,csi,2025-12-31
930965,港股通医药C,csi,2025-12-31
930967,港股通信息C,csi,2025-12-31
930975,港股通医药CCNY,csi,2025-12-31
930986,金融科技,csi,2025-12-31
930997,新能源车,csi,2025-12-31
930999,SHS大湾区,csi,2025-12-31
931000,大湾区,csi,2025-12-31
931008,汽车指数,csi,2025-12-31
931009,建筑材料,csi,2025-12-31
931021,家电龙头,csi,2025-12-31
931023,北京50,csi,2025-12-31
931024,港股通非银,csi,2025-12-31
931027,港股通大消费,csi,2025-12-31
931028,港股通非银CNY,csi,2025-12-31
931033,杭州湾区,csi,2025-12-31
931039,银行AH,csi,2025-12-31
931052,国信价值,csi,2025-12-31
931053,高股息策略,csi,2025-12-31
931066,军工龙头,csi,2025-12-31
931067,绩优策略,csi,2025-12-31
931068,消费龙头,csi,2025-12-31
931069,中金300,csi,2025-12-31
931071,人工智能,csi,2025-12-31
931072,全球中国互联网HKD,csi,2025-12-31
931073,CSIHK1,csi,2025-12-31
931074,CSIHK2,csi,2025-12-31
931075,CSIHK3,csi,2025-12-31
931076,CSIHK4,csi,2025-12-31
931077,CSIHK5,csi,2025-12-31
931078,中证转债及可交换债,csi,2025-12-31
931079,5G通信,csi,2025-12-31
931087,科技龙头,csi,2025-12-31
931088,180 ESG,csi,2025-12-31
931132,诚通央企红利,csi,2025-12-31
931133,经济蓝筹,csi,2025-12-31
931134,AH经济蓝筹,csi,2025-12-31
931136,深圳科技,csi,2025-12-31
931139,CS消费50,csi,2025-12-31
931140,医药50,csi,2025-12-31
931141,CS长三角,csi,2025-12-31
931142,东证竞争,csi,2025-12-31
931144,通信技术,csi,2025-12-31
931151,光伏产业,csi,2025-12-31
931152,CS创新药,csi,2025-12-31
931157,SHS红利成长LV,csi,2025-12-31
931159,创新100,csi,2025-12-31
931160,通信设备,csi,2025-12-31
931163,浙江100,csi,2025-12-31
931165,新兴科技100,csi,2025-12-31
931166,医药健康100,csi,2025-12-31
931167,先进制造100,csi,2025-12-31
931186,中证科技,csi,2025-12-31
931187,科技100,csi,2025-12-31
931228,亚洲新兴市场科技,csi,2025-12-31
931230,汽车零部件,csi,2025-12-31
931231,央企红利50,csi,2025-12-31
931232,朝阳100,csi,2025-12-31
931233,港股通央企红利,csi,2025-12-31
931234,长三角示范区50,csi,2025-12-31
931235,中证电信,csi,2025-12-31
931238,SSH黄金股票,csi,2025-12-31
931239,港股通汽车,csi,2025-12-31
931241,家居家电,csi,2025-12-31
931243,诚通央企ESG,csi,2025-12-31
931247,中证信创,csi,2025-12-31
931248,油气资源,csi,2025-12-31
931250,港股通创新药,csi,2025-12-31
931258,东证价值,csi,2025-12-31
931259,转债流动性策略,csi,2025-12-31
931268,持续发展,csi,2025-12-31
931271,通信设备主题,csi,2025-12-31
931357,优选消费50,csi,2025-12-31
931359,沪深300AUD(CNH),csi,2025-12-31
931372,浙江国资,csi,2025-12-31
931375,300质量低波,csi,2025-12-31
931380,科技50,csi,2025-12-31
931381,中证长三角,csi,2025-12-31
931382,智选300 ESG领先,csi,2025-12-31
931393,湖北指数,csi,2025-12-31
931395,沪港深300,csi,2025-12-31
931402,证券先锋,csi,2025-12-31
931403,品牌工程,csi,2025-12-31
931404,SHS品牌消费50,csi,2025-12-31
931406,5G 50,csi,2025-12-31
931409,SHS创新药,csi,2025-12-31
931412,证券公司30,csi,2025-12-31
931440,创新药30,csi,2025-12-31
931442,SHS科技100,csi,2025-12-31
931446,东证红利低波,csi,2025-12-31
931447,科技先锋,csi,2025-12-31
931454,港股通消费,csi,2025-12-31
931455,港股通消费CNY,csi,2025-12-31
931456,中国教育,csi,2025-12-31
931461,电子50,csi,2025-12-31
931463,300 ESG,csi,2025-12-31
931465,300 ESG领先,csi,2025-12-31
931468,红利质量,csi,2025-12-31
931469,云计算50,csi,2025-12-31
931470,SHS云计算,csi,2025-12-31
931476,ESG 120策略,csi,2025-12-31
931477,华夏银行ESG,csi,2025-12-31
931479,证券保险,csi,2025-12-31
931480,线上消费,csi,2025-12-31
931481,SHS线上消费,csi,2025-12-31
931484,CS医药创新,csi,2025-12-31
931487,SHS人工智能50,csi,2025-12-31
931494,消费电子,csi,2025-12-31
931495,工业互联,csi,2025-12-31
931521,高装细分50,csi,2025-12-31
931522,央企新动能,csi,2025-12-31
931523,SHS动漫游戏,csi,2025-12-31
931524,SHS科技龙头,csi,2025-12-31
931526,企业核心竞争力50,csi,2025-12-31
931529,国企数字经济,csi,2025-12-31
931554,长江保护,csi,2025-12-31
931559,苏银理财长三角,csi,2025-12-31
931573,港股通科技,csi,2025-12-31
931574,港股科技,csi,2025-12-31
931575,SHS物联网,csi,2025-12-31
931579,东证优势成长,csi,2025-12-31
931580,SHS游戏传媒,csi,2025-12-31
931581,周期稳健成长50,csi,2025-12-31
931582,数字经济,csi,2025-12-31
931583,SHS数字经济,csi,2025-12-31
931585,卫星导航,csi,2025-12-31
931586,300价值稳健,csi,2025-12-31
931587,500价值稳健,csi,2025-12-31
931588,1000价值稳健,csi,2025-12-31
931589,300成长创新,csi,2025-12-31
931590,500成长创新,csi,2025-12-31
931591,1000成长创新,csi,2025-12-31
931593,科技领先,csi,2025-12-31
931594,卫星产业,csi,2025-12-31
931596,SHS张江50,csi,2025-12-31
931598,中银证券300 ESG,csi,2025-12-31
931599,湖南50,csi,2025-12-31
931637,港股通互联网,csi,2025-12-31
931643,科创创业50,csi,2025-12-31
931646,SHS新消费,csi,2025-12-31
931647,兴银理财均衡300,csi,2025-12-31
931648,500 ESG,csi,2025-12-31
931652,厦门指数,csi,2025-12-31
931663,SHS消费龙头,csi,2025-12-31
931672,风电产业,csi,2025-12-31
931687,证券时报价值100,csi,2025-12-31
931695,成渝经济圈,csi,2025-12-31
931696,科技50策略,csi,2025-12-31
931697,消费50策略,csi,2025-12-31
931698,医药50策略,csi,2025-12-31
931718,高端造质量成长50,csi,2025-12-31
931719,CS电池,csi,2025-12-31
931722,国新港股通央企红利,csi,2025-12-31
931725,中华联合优质成长,csi,2025-12-31
931733,绿色能源,csi,2025-12-31
931743,半导体材料设备,csi,2025-12-31
931746,储能产业,csi,2025-12-31
931752,工程机械主题,csi,2025-12-31
931755,SEEE碳中和,csi,2025-12-31
931772,碳中和60,csi,2025-12-31
931775,房地产,csi,2025-12-31
931778,农牧主题,csi,2025-12-31
931785,智选沪深港科技50,csi,2025-12-31
931787,港股创新药,csi,2025-12-31
931788,中韩50,csi,2025-12-31
931789,中韩新能车,csi,2025-12-31
931790,中韩半导体,csi,2025-12-31
931791,大盘蓝筹25,csi,2025-12-31
931792,新能车15,csi,2025-12-31
931793,半导体15,csi,2025-12-31
931798,光伏龙头30,csi,2025-12-31
931799,国寿资产ESG绿色低碳1,csi,2025-12-31
931802,中证龙头,csi,2025-12-31
931823,国资央企50,csi,2025-12-31
931834,华福福建100,csi,2025-12-31
931837,央企现代产业,csi,2025-12-31
931840,大盘蓝筹25USD,csi,2025-12-31
931841,新能车15USD,csi,2025-12-31
931842,半导体15USD,csi,2025-12-31
931848,800红利低波,csi,2025-12-31
931852,每经品牌100,csi,2025-12-31
931855,通用航空,csi,2025-12-31
931865,中证半导,csi,2025-12-31
931866,中证机床,csi,2025-12-31
931877,科创创业50净收益,csi,2025-12-31
931892,有色矿业,csi,2025-12-31
931897,绿色电力,csi,2025-12-31
931992,疫苗生物,csi,2025-12-31
931994,电网设备主题,csi,2025-12-31
932000,中证2000,csi,2025-12-31
932004,国新央企综指,csi,2025-12-31
932021,中证红利SGD,csi,2025-12-31
932022,中证红利(全)SGD,csi,2025-12-31
932023,中证红利(净)SGD,csi,2025-12-31
932037,央企现代能源,csi,2025-12-31
932038,央企科技引领,csi,2025-12-31
932039,央企股东回报,csi,2025-12-31
932042,智选航空科技,csi,2025-12-31
932046,建行科技（长三角）,csi,2025-12-31
932047,中证REITs全收益,csi,2025-12-31
932049,国新港股通央企综指,csi,2025-12-31
932052,央企科技创新,csi,2025-12-31
932056,海洋经济,csi,2025-12-31
932066,半导体行业精选,csi,2025-12-31
932068,长寿经济,csi,2025-12-31
932069,港股通医疗主题,csi,2025-12-31
932075,全指金融,csi,2025-12-31
932076,全指地产,csi,2025-12-31
932077,全指能源行业,csi,2025-12-31
932078,全指材料行业,csi,2025-12-31
932079,全指工业行业,csi,2025-12-31
932080,全指可选行业,csi,2025-12-31
932081,全指消费行业,csi,2025-12-31
932082,全指医药行业,csi,2025-12-31
932083,全指金融行业,csi,2025-12-31
932084,全指信息行业,csi,2025-12-31
932085,全指通信行业,csi,2025-12-31
932086,全指公用行业,csi,2025-12-31
932087,集成电路,csi,2025-12-31
932088,全指航空,csi,2025-12-31
932094,软件开发,csi,2025-12-31
932152,港股通成长策略,csi,2025-12-31
932153,港股通价值策略,csi,2025-12-31
932216,香港100净收益,csi,2025-12-31
932217,制药指数,csi,2025-12-31
932222,中证2000净收益,csi,2025-12-31
932257,国新央企小盘,csi,2025-12-31
932258,亚洲新兴市场科技USD,csi,2025-12-31
932263,苏州园区,csi,2025-12-31
932266,国企战略新兴,csi,2025-12-31
932305,智选高股息,csi,2025-12-31
932306,战略新兴100,csi,2025-12-31
932307,中国互联网人民币中间,csi,2025-12-31
932308,红利200,csi,2025-12-31
932315,中证红利质量,csi,2025-12-31
932335,香港红利净收益,csi,2025-12-31
932357,专精特新100,csi,2025-12-31
932359,国新国企人工智能,csi,2025-12-31
932365,中证现金流,csi,2025-12-31
932366,300现金流,csi,2025-12-31
932367,500现金流,csi,2025-12-31
932368,800现金流,csi,2025-12-31
932419,国新国企航空航天,csi,2025-12-31
932420,智选船舶产业,csi,2025-12-31
932422,A500红利低波,csi,2025-12-31
932431,300质量,csi,2025-12-31
932444,互联互通中国50HKD,csi,2025-12-31
932447,中新亚洲100红利聚焦H,csi,2025-12-31
932456,科创创业AI,csi,2025-12-31
932462,互联互通中国50USD,csi,2025-12-31
932501,互联互通中国50人民币,csi,2025-12-31
932536,航运发展,csi,2025-12-31
932537,互联互通中国50SGD,csi,2025-12-31
932578,中新亚洲100红利聚焦S,csi,2025-12-31
932583,中新亚洲100红利聚焦U,csi,2025-12-31
932585,互联互通中国50红利聚,csi,2025-12-31
932589,互联互通中国50红利聚,csi,2025-12-31
932590,互联互通中国50红利聚,csi,2025-12-31
932592,互联互通中国50,csi,2025-12-31
932593,互联互通中国50红利聚,csi,2025-12-31
932597,中新亚洲100USD,csi,2025-12-31
932598,互联互通中国50红利聚,csi,2025-12-31
932600,中新亚洲100SGD,csi,2025-12-31
932601,中新亚洲100红利聚焦,csi,2025-12-31
932603,中新亚洲100HKD,csi,2025-12-31
932607,中新亚洲100,csi,2025-12-31
933000,沪深300(净)HKD(CNH),csi,2025-12-31
950049,G60成指,csi,2025-12-31
950081,180碳效,csi,2025-12-31
950082,上海改革,csi,2025-12-31
950090,50AH优选,csi,2025-12-31
950092,上证180优选,csi,2025-12-31
950096,上海国企,csi,2025-12-31
950105,上证证券,csi,2025-12-31
950106,上证创新,csi,2025-12-31
950107,380创新,csi,2025-12-31
950125,科创半导体材料设备,csi,2025-12-31
950161,科创新药,csi,2025-12-31
950162,科创芯片设计,csi,2025-12-31
950180,科创AI,csi,2025-12-31
950222,沪专精特新,csi,2025-12-31
950228,智选科创价值50,csi,2025-12-31
950253,国新科创国企,csi,2025-12-31
950333,智选创新价值,csi,2025-12-31
950357,科创专精特新,csi,2025-12-31
950580,上证580,csi,2025-12-31
970006,创业板指(港币)(CNH),sz,2025-12-31
970007,创业板指（美元）（CNH）,sz,2025-12-31
970026,深指ESG,sz,2025-12-31
970027,100ESG,sz,2025-12-31
970028,创指ESG,sz,2025-12-31
970029,深指ESG领先,sz,2025-12-31
970030,100ESG领先,sz,2025-12-31
970031,创指ESG领先,sz,2025-12-31
970032,深指ESG增强,sz,2025-12-31
970033,100ESG增强,sz,2025-12-31
970034,创指ESG增强,sz,2025-12-31
970035,深证光伏,sz,2025-12-31
970036,深证储能,sz,2025-12-31
970037,深证高装,sz,2025-12-31
970038,生物经济,sz,2025-12-31
970039,创新材料,sz,2025-12-31
970040,创业高装,sz,2025-12-31
970041,创新消费,sz,2025-12-31
970042,新材料50,sz,2025-12-31
970043,新能装备,sz,2025-12-31
970046,深证XR,sz,2025-12-31
970047,数字文化,sz,2025-12-31
970048,新型显示,sz,2025-12-31
970049,深证数字交通,sz,2025-12-31
970050,深证卫星导航,sz,2025-12-31
970052,深证数字安全,sz,2025-12-31
970053,深证数据要素,sz,2025-12-31
970054,深证智能电网,sz,2025-12-31
970055,深证国企ESG,sz,2025-12-31
970056,深证民企ESG,sz,2025-12-31
970057,深证民企50,sz,2025-12-31
970058,深证民企治理,sz,2025-12-31
970059,深证民企科技,sz,2025-12-31
970060,深证ESG成长,sz,2025-12-31
970061,深证ESG价值,sz,2025-12-31
970062,深红利300,sz,2025-12-31
970063,深证回购,sz,2025-12-31
970064,深证国企股东回报,sz,2025-12-31
970065,深证优质信披,sz,2025-12-31
970067,深证专利,sz,2025-12-31
970068,创业专利,sz,2025-12-31
970069,深证绿色制造,sz,2025-12-31
970070,创业板人工智能,sz,2025-12-31
970071,深证民企成长,sz,2025-12-31
970072,深证民企价值,sz,2025-12-31
970074,深证智能穿戴,sz,2025-12-31
970075,深证AIGC,sz,2025-12-31
970076,深证绿色化工,sz,2025-12-31
970077,深证绿色建材,sz,2025-12-31
970080,科技50,sz,2025-12-31
970081,创业板电池,sz,2025-12-31
970082,创业板医疗,sz,2025-12-31
970084,创业板传媒,sz,2025-12-31
970085,创业板金融科技,sz,2025-12-31
971001,深成地产,sz,2025-12-31
971002,中小地产,sz,2025-12-31
971004,创业板战略科技,sz,2025-12-31
980001,湾创100,sz,2025-12-31
980002,湾创100(港币),sz,2025-12-31
980003,湾区综指,sz,2025-12-31
980004,湾区综指(港币),sz,2025-12-31
980007,湾区新兴,sz,2025-12-31
980008,湾区新兴(港币),sz,2025-12-31
980009,湾区制造,sz,2025-12-31
980010,湾区制造(港币),sz,2025-12-31
980011,湾区服务,sz,2025-12-31
980012,湾区服务(港币),sz,2025-12-31
980013,湾区医药,sz,2025-12-31
980014,湾区医药（港币）,sz,2025-12-31
980015,疫苗生科,sz,2025-12-31
980016,医疗健康,sz,2025-12-31
980017,国证芯片,sz,2025-12-31
980018,卫星通信,sz,2025-12-31
980019,湾区海洋,sz,2025-12-31
980020,湾区海洋(港币),sz,2025-12-31
980021,碳中和50,sz,2025-12-31
980022,机器人产业,sz,2025-12-31
980023,南山50,sz,2025-12-31
980024,南山50(港币),sz,2025-12-31
980026,风光装备,sz,2025-12-31
980027,新能源电池,sz,2025-12-31
980028,龙头家电,sz,2025-12-31
980029,新基建,sz,2025-12-31
980030,消费电子,sz,2025-12-31
980031,国证白酒,sz,2025-12-31
980032,新能电池,sz,2025-12-31
980033,自主科技,sz,2025-12-31
980034,工业软件,sz,2025-12-31
980035,化肥农药,sz,2025-12-31
980036,创新龙头,sz,2025-12-31
980037,创新龙头（港币）,sz,2025-12-31
980038,深圳高新,sz,2025-12-31
980039,深圳高新（港币）,sz,2025-12-31
980043,工业金属,sz,2025-12-31
980046,文化创意,sz,2025-12-31
980047,文化创意（港币）,sz,2025-12-31
980048,国证建材,sz,2025-12-31
980049,国证酒指,sz,2025-12-31
980052,绿色金融,sz,2025-12-31
980053,绿色金融（港币）,sz,2025-12-31
980055,规模因子,sz,2025-12-31
980056,价值因子,sz,2025-12-31
980057,动量因子,sz,2025-12-31
980058,绿色治理,sz,2025-12-31
980059,航空出行,sz,2025-12-31
980063,国证回购,sz,2025-12-31
980065,帮扶100,sz,2025-12-31
980068,蓝色100,sz,2025-12-31
980069,蓝色100(港币),sz,2025-12-31
980070,国证专利,sz,2025-12-31
980071,机器人龙头,sz,2025-12-31
980072,生物农业,sz,2025-12-31
980073,生猪指数,sz,2025-12-31
980075,数字交通,sz,2025-12-31
980076,通用航空,sz,2025-12-31
980077,充电设施,sz,2025-12-31
980080,成长100,sz,2025-12-31
980081,价值100,sz,2025-12-31
980082,央国企低碳科技,sz,2025-12-31
980083,央国企自主科技,sz,2025-12-31
980086,创新药,sz,2025-12-31
980092,自由现金流,sz,2025-12-31
980103,红利价值,sz,2025-12-31
980107,AI应用软件,sz,2025-12-31
980112,AI应用,sz,2025-12-31
980113,数字支付,sz,2025-12-31
980115,国证PCB,sz,2025-12-31
98011501,国证PCB R,sz,2025-12-31
980120,国证CXO,sz,2025-12-31
98012001,国证CXO R,sz,2025-12-31
980150,单项冠军,sz,2025-12-31
980202,国证小盘,sz,2025-12-31
980532,国证青岛海洋,sz,2025-12-31
983001,内地100,sz,2025-12-31
983002,内地100(港币),sz,2025-12-31
983003,内地科技50,sz,2025-12-31
983004,内地科技50(港币),sz,2025-12-31
983005,深港通综指,sz,2025-12-31
983006,深港通综指(港币),sz,2025-12-31
983007,深港通100,sz,2025-12-31
983008,深港通100(港币),sz,2025-12-31
983009,深港通手机产业链,sz,2025-12-31
983010,深港通手机产业链(港币),sz,2025-12-31
983011,深港通绿色优选,sz,2025-12-31
983012,深港通绿色优选(港币),sz,2025-12-31
983013,深港通能源,sz,2025-12-31
983014,深港通能源（港币）,sz,2025-12-31
983015,深港通材料,sz,2025-12-31
983016,深港通材料（港币）,sz,2025-12-31
983017,深港通工业,sz,2025-12-31
983018,深港通工业（港币）,sz,2025-12-31
983019,深港通可选消费,sz,2025-12-31
983020,深港通可选消费（港币）,sz,2025-12-31
983021,深港通主要消费,sz,2025-12-31
983022,深港通主要消费（港币）,sz,2025-12-31
983023,深港通医药卫生,sz,2025-12-31
983024,深港通医药卫生（港币）,sz,2025-12-31
983025,深港通金融,sz,2025-12-31
983026,深港通金融（港币）,sz,2025-12-31
983027,深港通信息技术,sz,2025-12-31
983028,深港通信息技术（港币）,sz,2025-12-31
983029,深港通电信业务,sz,2025-12-31
983030,深港通电信业务（港币）,sz,2025-12-31
983031,深港通公用事业,sz,2025-12-31
983032,深港通公用事业（港币）,sz,2025-12-31
983033,深港通通信服务,sz,2025-12-31
983034,深港通通信服务（港币）,sz,2025-12-31
983035,深港通医疗,sz,2025-12-31
983036,深港通医疗（港币）,sz,2025-12-31
983037,深港通食品零售,sz,2025-12-31
983038,深港通食品零售（港币）,sz,2025-12-31
983039,深港通汽车,sz,2025-12-31
983040,深港通汽车（港币）,sz,2025-12-31
983041,深港通服装纺织,sz,2025-12-31
983042,深港通服装纺织（港币）,sz,2025-12-31
983043,深港通电脑硬件,sz,2025-12-31
983044,深港通电脑硬件（港币）,sz,2025-12-31
983045,深港通消费服务,sz,2025-12-31
983046,深港通消费服务（港币）,sz,2025-12-31
983047,深港通网络软件,sz,2025-12-31
983048,深港通网络软件（港币）,sz,2025-12-31
983049,深港通耐用消费,sz,2025-12-31
983050,深港通耐用消费（港币）,sz,2025-12-31
983051,深港通农牧渔,sz,2025-12-31
983052,深港通农牧渔（港币）,sz,2025-12-31
983053,深港通非银,sz,2025-12-31
983054,深港通非银（港币）,sz,2025-12-31
983055,深港通工业服务,sz,2025-12-31
983056,深港通工业服务（港币）,sz,2025-12-31
983057,深港通电信服务,sz,2025-12-31
983058,深港通电信服务（港币）,sz,2025-12-31
983059,深港通生科,sz,2025-12-31
983060,深港通生科（港币）,sz,2025-12-31
983061,深港通基材,sz,2025-12-31
983062,深港通基材（港币）,sz,2025-12-31
983063,深港通化工,sz,2025-12-31
983064,深港通化工（港币）,sz,2025-12-31
983065,深港通食品饮料,sz,2025-12-31
983066,深港通食品饮料（港币）,sz,2025-12-31
983067,深港通半导体,sz,2025-12-31
983068,深港通半导体（港币）,sz,2025-12-31
983069,深港通工业品,sz,2025-12-31
983070,深港通工业品（港币）,sz,2025-12-31
983071,深港通房地产,sz,2025-12-31
983072,深港通房地产（港币）,sz,2025-12-31
983073,深港通零售,sz,2025-12-31
983074,深港通零售（港币）,sz,2025-12-31
983075,深港通传媒,sz,2025-12-31
983076,深港通传媒（港币）,sz,2025-12-31
983077,深港通运输,sz,2025-12-31
983078,深港通运输（港币）,sz,2025-12-31
983079,深港通制药,sz,2025-12-31
983080,深港通制药（港币）,sz,2025-12-31
983081,深港通银行,sz,2025-12-31
983082,深港通银行（港币）,sz,2025-12-31
983083,深港通内房股,sz,2025-12-31
983084,深港通内房股(港币),sz,2025-12-31
983085,深港通节能,sz,2025-12-31
983086,深港通节能(港币),sz,2025-12-31
983087,深港通新能源车,sz,2025-12-31
983088,深港通新能源车(港币),sz,2025-12-31
983089,深港通大湾区,sz,2025-12-31
983090,深港通大湾区(港币),sz,2025-12-31
983091,深港通50,sz,2025-12-31
983092,深港通50（港币）,sz,2025-12-31
983101,内地生物科技,sz,2025-12-31
983102,内地生物科技(港币),sz,2025-12-31
983103,内地医疗器械,sz,2025-12-31
983104,内地医疗器械(港币),sz,2025-12-31
983105,内地消费电子,sz,2025-12-31
983106,内地消费电子(港币),sz,2025-12-31
983160,低碳科技,sz,2025-12-31
983161,低碳科技(港币),sz,2025-12-31
987001,港股50,sz,2025-12-31
987002,港股50（人民币）,sz,2025-12-31
987003,港股通50,sz,2025-12-31
987004,港股通50（人民币）,sz,2025-12-31
987006,港股科技,sz,2025-12-31
987007,港股科技（人民币）,sz,2025-12-31
987008,港股通科技,sz,2025-12-31
987010,港股大中盘,sz,2025-12-31
987011,港股大中盘（人民币）,sz,2025-12-31
987012,港股大盘,sz,2025-12-31
987013,港股大盘（人民币）,sz,2025-12-31
987014,港股中盘,sz,2025-12-31
987015,港股中盘（人民币）,sz,2025-12-31
987016,港股通红利低波,sz,2025-12-31
987017,港股通红利低波（人民币）,sz,2025-12-31
987018,港股通创新药,sz,2025-12-31
987020,内房股,sz,2025-12-31
987021,内房股（人民币）,sz,2025-12-31
987022,港股通互联网,sz,2025-12-31
987024,港股通消费,sz,2025-12-31
987026,港股通新能源,sz,2025-12-31
987027,港股通新能源（人民币）,sz,2025-12-31
988006,创业板指(港币)(CNH),sz,2025-12-31
988007,CNTUSD,sz,2025-12-31
988106,创业板R(港币)(CNH),sz,2025-12-31
988107,创业板R（美元）（CNH）,sz,2025-12-31
988201,湾创100R,sz,2025-12-31
989001,新华500,sz,2025-12-31
989004,新华优选价值50,sz,2025-12-31
989006,新华SHS新兴消费,sz,2025-12-31
989007,新华SHS新兴消费(港币),sz,2025-12-31
989011,青岛50,sz,2025-12-31
989013,稀土产业链,sz,2025-12-31
989015,智选策略100,sz,2025-12-31
989016,红利价值,sz,2025-12-31
989017,质量优势,sz,2025-12-31
990001,中华半导体芯片,csi,2025-12-31
CES100,中华港股通精选100,csi,2025-12-31
CES120,中华120,csi,2025-12-31
CES280,中华280,csi,2025-12-31
CES300,中华沪深港300,csi,2025-12-31
CESA80,中华 A80,csi,2025-12-31
CESCPD,中华内房股,csi,2025-12-31
CESG10,中华博彩指数,csi,2025-12-31
CESHKB,中华香港生物科技,csi,2025-12-31
CESHKM,中华香港内地指数,csi,2025-12-31
CESP50,中华港股通优选50,csi,2025-12-31
H00012,国债指数(净),csi,2025-12-31
H00013,企债指数(净),csi,2025-12-31
H11030,AMAC农林,csi,2025-12-31
H11031,AMAC采矿,csi,2025-12-31
H11041,AMAC公用,csi,2025-12-31
H11042,AMAC建筑,csi,2025-12-31
H11043,AMAC交运,csi,2025-12-31
H11044,AMAC信息,csi,2025-12-31
H11045,AMAC批零,csi,2025-12-31
H11046,AMAC金融,csi,2025-12-31
H11047,AMAC地产,csi,2025-12-31
H11049,AMAC文体,csi,2025-12-31
H11050,AMAC综企,csi,2025-12-31
H11052,智能电车,csi,2025-12-31
H11054,装备产业,csi,2025-12-31
H11057,石化产业,csi,2025-12-31
H11059,工业有色,csi,2025-12-31
H11080,HGSZ AAA,csi,2025-12-31
H11081,HGSZ AA+,csi,2025-12-31
H11082,HGSZ AA,csi,2025-12-31
H11083,HGSZ 1-3,csi,2025-12-31
H11084,HGSZ 3-5,csi,2025-12-31
H11085,HGSZ 5-7,csi,2025-12-31
H11086,HGSZ7-10,csi,2025-12-31
H11100,香港100,csi,2025-12-31
H11110,香港F50,csi,2025-12-31
H11120,香港中盘精选,csi,2025-12-31
H11121,富国多空,csi,2025-12-31
H11123,香港内地50,csi,2025-12-31
H11136,中国互联网,csi,2025-12-31
H11140,香港红利,csi,2025-12-31
H11143,港股通内地地产,csi,2025-12-31
H11144,HKT内地消费,csi,2025-12-31
H11146,港股通内地金融,csi,2025-12-31
H11152,内地民营,csi,2025-12-31
H11153,内地国有,csi,2025-12-31
H11164,香港300,csi,2025-12-31
H30007,芯片产业,csi,2025-12-31
H30015,800汽车,csi,2025-12-31
H30022,800银行,csi,2025-12-31
H30031,800有色,csi,2025-12-31
H30035,300非银,csi,2025-12-31
H30036,AMAC餐饮,csi,2025-12-31
H30037,AMAC商务,csi,2025-12-31
H30038,AMAC科技,csi,2025-12-31
H30039,AMAC公共,csi,2025-12-31
H30040,AMAC社会,csi,2025-12-31
H30041,AMAC农副,csi,2025-12-31
H30042,AMAC食品,csi,2025-12-31
H30043,AMAC饮料,csi,2025-12-31
H30044,AMAC纺织,csi,2025-12-31
H30045,AMAC服装,csi,2025-12-31
H30046,AMAC皮革,csi,2025-12-31
H30047,AMAC木材,csi,2025-12-31
H30048,AMAC家具,csi,2025-12-31
H30049,AMAC造纸,csi,2025-12-31
H30050,AMAC印刷,csi,2025-12-31
H30051,AMAC文教,csi,2025-12-31
H30052,AMAC石化,csi,2025-12-31
H30053,AMAC化学,csi,2025-12-31
H30054,AMAC医药,csi,2025-12-31
H30055,AMAC化纤,csi,2025-12-31
H30056,AMAC橡胶,csi,2025-12-31
H30057,AMAC矿物,csi,2025-12-31
H30058,AMAC钢铁,csi,2025-12-31
H30059,AMAC有色,csi,2025-12-31
H30060,AMAC金属,csi,2025-12-31
H30061,AMAC通用,csi,2025-12-31
H30062,AMAC专用,csi,2025-12-31
H30063,AMAC汽车,csi,2025-12-31
H30064,AMAC运输,csi,2025-12-31
H30065,AMAC电气,csi,2025-12-31
H30066,AMAC电子,csi,2025-12-31
H30067,AMAC仪表,csi,2025-12-31
H30082,300两倍,csi,2025-12-31
H30083,300反向,csi,2025-12-31
H30086,800金融,csi,2025-12-31
H30089,红利潜力,csi,2025-12-31
H30094,消费红利,csi,2025-12-31
H30106,H300金融服务,csi,2025-12-31
H30124,安中动态,csi,2025-12-31
H30171,运输指数,csi,2025-12-31
H30178,医疗保健,csi,2025-12-31
H30182,计算机,csi,2025-12-31
H30184,半导体,csi,2025-12-31
H30192,食品,csi,2025-12-31
H30198,油气产业,csi,2025-12-31
H30199,电力指数,csi,2025-12-31
H30202,软件指数,csi,2025-12-31
H30205,饮料指数,csi,2025-12-31
H30217,医疗器械,csi,2025-12-31
H30251,500原料,csi,2025-12-31
H30252,500工业,csi,2025-12-31
H30255,500医药,csi,2025-12-31
H30257,500信息,csi,2025-12-31
H30263,腾讯济安,csi,2025-12-31
H30269,红利低波,csi,2025-12-31
H30270,红利价值,csi,2025-12-31
H30318,科技传媒通信150,csi,2025-12-31
H30332,香港50,csi,2025-12-31
H30344,健康产业,csi,2025-12-31
H30352,500价值,csi,2025-12-31
H30356,800价值,csi,2025-12-31
H30359,转型成长,csi,2025-12-31
H30362,基本300,csi,2025-12-31
H30363,基本500,csi,2025-12-31
H30365,文娱传媒,csi,2025-12-31
H30366,高息策略,csi,2025-12-31
H30372,中证安全,csi,2025-12-31
H30373,百发100,csi,2025-12-31
H30403,300日报酬两倍,csi,2025-12-31
H30404,300日报酬反向,csi,2025-12-31
H30455,沪港深500,csi,2025-12-31
H30463,沪港深500医药,csi,2025-12-31
H30531,精工制造,csi,2025-12-31
H30533,中国互联网50,csi,2025-12-31
H30535,互联网,csi,2025-12-31
H30537,淘金100,csi,2025-12-31
H30552,沪港深通TMT,csi,2025-12-31
H30588,中证证保,csi,2025-12-31
H30590,机器人,csi,2025-12-31
H30597,新材料,csi,2025-12-31
H50001,180能源,csi,2025-12-31
H50002,180材料,csi,2025-12-31
H50003,180工业,csi,2025-12-31
H50004,180可选,csi,2025-12-31
H50005,180消费,csi,2025-12-31
H50006,180医药,csi,2025-12-31
H50007,180金融地产,csi,2025-12-31
H50008,180信息,csi,2025-12-31
H50009,180通信,csi,2025-12-31
H50010,180公用,csi,2025-12-31
H50011,沪环渤海,csi,2025-12-31
H50012,沪长三角,csi,2025-12-31
H50013,沪珠三角,csi,2025-12-31
H50014,沪中部,csi,2025-12-31
H50015,沪西部,csi,2025-12-31
H50016,沪东北,csi,2025-12-31
H50017,沪信息业,csi,2025-12-31
H50018,上证文化,csi,2025-12-31
H50019,上红回报,csi,2025-12-31
H50020,上红潜力,csi,2025-12-31
H50021,沪能源红,csi,2025-12-31
H50022,沪材料红,csi,2025-12-31
H50023,沪工业红,csi,2025-12-31
H50024,沪可选红,csi,2025-12-31
H50025,沪消费红,csi,2025-12-31
H50026,沪医药红,csi,2025-12-31
H50027,沪金融红,csi,2025-12-31
H50028,沪信息红,csi,2025-12-31
H50029,沪通信红,csi,2025-12-31
H50030,沪公用红,csi,2025-12-31
H50031,沪绿色城,csi,2025-12-31
H50032,沪城交通,csi,2025-12-31
H50033,沪城消费,csi,2025-12-31
H50034,沪城基建,csi,2025-12-31
H50035,沪智交通,csi,2025-12-31
H50036,上证军工,csi,2025-12-31
H50037,上证城镇,csi,2025-12-31
H50038,沪智慧城,csi,2025-12-31
H50039,上证TMT,csi,2025-12-31
H50040,上红低波,csi,2025-12-31
H50042,上红价值,csi,2025-12-31
H50045,180两倍,csi,2025-12-31
H50046,180反向,csi,2025-12-31
H50047,180反两,csi,2025-12-31
H50052,上国改革,csi,2025-12-31
H50053,上证移动,csi,2025-12-31
H50054,上证休闲,csi,2025-12-31
H50055,沪大农业,csi,2025-12-31
H50069,港股通,csi,2025-12-31
SHHKSI,沪港精明,csi,2025-12-31
