t_adx,t_cci,x_h,r_h,r_l,t_max,mean,sd
5,5,0.5,0.1,-0.5,105,0.0828173614876794,0.115532342264
10,5,0.5,0.1,-0.5,105,0.08501927448238,0.115405176561325
15,5,0.5,0.1,-0.5,105,0.0862352540539043,0.115253761248571
20,5,0.5,0.1,-0.5,105,0.0888828998244764,0.115838212359631
25,5,0.5,0.1,-0.5,105,0.0832236552214534,0.116026896329488
30,5,0.5,0.1,-0.5,105,0.0819694315361387,0.116786991140667
35,5,0.5,0.1,-0.5,105,0.0822584233971752,0.117129130776917
40,5,0.5,0.1,-0.5,105,0.0782509925755305,0.117098637125508
45,5,0.5,0.1,-0.5,105,0.0771989617133447,0.117295690466348
50,5,0.5,0.1,-0.5,105,0.0795411309758216,0.117224101096508
55,5,0.5,0.1,-0.5,105,0.0824385740691956,0.117789577809909
60,5,0.5,0.1,-0.5,105,0.0835101975136614,0.118492456807934
65,5,0.5,0.1,-0.5,105,0.082670271372418,0.118861206800289
70,5,0.5,0.1,-0.5,105,0.0839877450091659,0.118916183287808
75,5,0.5,0.1,-0.5,105,0.0842787990615436,0.118746187144104
80,5,0.5,0.1,-0.5,105,0.0859732782655147,0.11882031772927
85,5,0.5,0.1,-0.5,105,0.0886349497088485,0.118612479135333
90,5,0.5,0.1,-0.5,105,0.0874101127575726,0.11897153327139
95,5,0.5,0.1,-0.5,105,0.0876501366695526,0.119211651787279
100,5,0.5,0.1,-0.5,105,0.0843127305244424,0.119797856819345
5,10,0.5,0.1,-0.5,105,0.0815735350664432,0.115938193788111
10,10,0.5,0.1,-0.5,105,0.084774907814676,0.11564903990956
15,10,0.5,0.1,-0.5,105,0.0861324685201383,0.114210781677838
20,10,0.5,0.1,-0.5,105,0.0888037087562941,0.115235743889614
25,10,0.5,0.1,-0.5,105,0.082002184315367,0.115480680017242
30,10,0.5,0.1,-0.5,105,0.0810518637769426,0.116278987206048
35,10,0.5,0.1,-0.5,105,0.0816759109473532,0.116652546225444
40,10,0.5,0.1,-0.5,105,0.0796531948855012,0.117328396565354
45,10,0.5,0.1,-0.5,105,0.0788461243698906,0.117868859168387
50,10,0.5,0.1,-0.5,105,0.0796701877910778,0.118327911287741
55,10,0.5,0.1,-0.5,105,0.0825459326632568,0.118884081522313
60,10,0.5,0.1,-0.5,105,0.0843839093341255,0.119568739622145
65,10,0.5,0.1,-0.5,105,0.0837198878263869,0.120134269656391
70,10,0.5,0.1,-0.5,105,0.0838996098024393,0.120782451003475
75,10,0.5,0.1,-0.5,105,0.0846693901814747,0.120853776954174
80,10,0.5,0.1,-0.5,105,0.0855774912577295,0.120920468792793
85,10,0.5,0.1,-0.5,105,0.0867710637687058,0.120585431707405
90,10,0.5,0.1,-0.5,105,0.084042964874834,0.12013337309573
95,10,0.5,0.1,-0.5,105,0.084279754244273,0.120931974941445
100,10,0.5,0.1,-0.5,105,0.0817080517098427,0.121257557894201
5,15,0.5,0.1,-0.5,105,0.0813194999946514,0.114951773053811
10,15,0.5,0.1,-0.5,105,0.083185742497669,0.113855543995543
15,15,0.5,0.1,-0.5,105,0.0834872514317449,0.111878912840754
20,15,0.5,0.1,-0.5,105,0.0854273816104544,0.113122829006174
25,15,0.5,0.1,-0.5,105,0.0782162995869555,0.112953635520158
30,15,0.5,0.1,-0.5,105,0.0768155660043204,0.113151924137702
35,15,0.5,0.1,-0.5,105,0.076958841004439,0.11393676504112
40,15,0.5,0.1,-0.5,105,0.0766587883131798,0.114212095399833
45,15,0.5,0.1,-0.5,105,0.0762167842040772,0.114639739787487
50,15,0.5,0.1,-0.5,105,0.0770978831151962,0.114777014770624
55,15,0.5,0.1,-0.5,105,0.0807319334765277,0.115064322386959
60,15,0.5,0.1,-0.5,105,0.0819333426565678,0.11590594114503
65,15,0.5,0.1,-0.5,105,0.0816872755494031,0.11662901984987
70,15,0.5,0.1,-0.5,105,0.0818312093052427,0.116731346465856
75,15,0.5,0.1,-0.5,105,0.0824903764625921,0.117511634927219
80,15,0.5,0.1,-0.5,105,0.0830627325575795,0.117669460345293
85,15,0.5,0.1,-0.5,105,0.0837718062881741,0.11732082303212
90,15,0.5,0.1,-0.5,105,0.0801576124997324,0.117055723680562
95,15,0.5,0.1,-0.5,105,0.0799636678412382,0.117475348818659
100,15,0.5,0.1,-0.5,105,0.0779164615681823,0.118132773059467
5,20,0.5,0.1,-0.5,105,0.0811562765102907,0.112045625645777
10,20,0.5,0.1,-0.5,105,0.0806701236496626,0.111501511576755
15,20,0.5,0.1,-0.5,105,0.0816183271807744,0.111250878724997
20,20,0.5,0.1,-0.5,105,0.0842235344527226,0.111770305626868
25,20,0.5,0.1,-0.5,105,0.0773291728893434,0.111653302204758
30,20,0.5,0.1,-0.5,105,0.076075695678189,0.111811711936695
35,20,0.5,0.1,-0.5,105,0.0759567663549803,0.112374624892992
40,20,0.5,0.1,-0.5,105,0.0759774778778375,0.112817549037501
45,20,0.5,0.1,-0.5,105,0.0762855562998706,0.113276218482869
50,20,0.5,0.1,-0.5,105,0.077230735465386,0.114047815360343
55,20,0.5,0.1,-0.5,105,0.0804499546880692,0.11415224657051
60,20,0.5,0.1,-0.5,105,0.0818386992428609,0.11542074322539
65,20,0.5,0.1,-0.5,105,0.0813552492826697,0.11544490652043
70,20,0.5,0.1,-0.5,105,0.0817967128180558,0.11554633461619
75,20,0.5,0.1,-0.5,105,0.0824125879212563,0.116288444748583
80,20,0.5,0.1,-0.5,105,0.0820619585654429,0.115974367183834
85,20,0.5,0.1,-0.5,105,0.0821463778102237,0.115965460158214
90,20,0.5,0.1,-0.5,105,0.0770519088609172,0.116030791104375
95,20,0.5,0.1,-0.5,105,0.0771075590787911,0.11646887866583
100,20,0.5,0.1,-0.5,105,0.0752561256131411,0.116528570298868
5,25,0.5,0.1,-0.5,105,0.0869285520541237,0.109347049052592
10,25,0.5,0.1,-0.5,105,0.0848627463762078,0.109275007023125
15,25,0.5,0.1,-0.5,105,0.0852928767471829,0.109065652476145
20,25,0.5,0.1,-0.5,105,0.087130244233802,0.110055287383691
25,25,0.5,0.1,-0.5,105,0.080834434733618,0.109831213593032
30,25,0.5,0.1,-0.5,105,0.0795278514067929,0.110589762102251
35,25,0.5,0.1,-0.5,105,0.0790870353084522,0.110118740246634
40,25,0.5,0.1,-0.5,105,0.0787933599716609,0.110560813133829
45,25,0.5,0.1,-0.5,105,0.0790149831601524,0.110960079791987
50,25,0.5,0.1,-0.5,105,0.0797190989208395,0.111453047435734
55,25,0.5,0.1,-0.5,105,0.0816123246338483,0.112110668827198
60,25,0.5,0.1,-0.5,105,0.0820802231656268,0.113650200408233
65,25,0.5,0.1,-0.5,105,0.0814472460247273,0.113908075330959
70,25,0.5,0.1,-0.5,105,0.081510957228604,0.114030911449494
75,25,0.5,0.1,-0.5,105,0.0821585354483967,0.115004716480206
80,25,0.5,0.1,-0.5,105,0.0821975109561016,0.115293421144889
85,25,0.5,0.1,-0.5,105,0.0821010574409443,0.115428548870481
90,25,0.5,0.1,-0.5,105,0.0768331094248359,0.115572457553692
95,25,0.5,0.1,-0.5,105,0.0768100989825861,0.115943425349602
100,25,0.5,0.1,-0.5,105,0.0749620573461336,0.11638084469144
5,30,0.5,0.1,-0.5,105,0.0861456968281732,0.107300286639553
10,30,0.5,0.1,-0.5,105,0.0845818899646228,0.107040885523278
15,30,0.5,0.1,-0.5,105,0.0853825098825199,0.105769678368705
20,30,0.5,0.1,-0.5,105,0.08567610505646,0.107732112380274
25,30,0.5,0.1,-0.5,105,0.0846150042150454,0.107412719779072
30,30,0.5,0.1,-0.5,105,0.082965994406557,0.107711013767873
35,30,0.5,0.1,-0.5,105,0.0825264875748205,0.108210641611314
40,30,0.5,0.1,-0.5,105,0.0824132839220149,0.108402791438086
45,30,0.5,0.1,-0.5,105,0.082556179627608,0.108677726239535
50,30,0.5,0.1,-0.5,105,0.0834078775910229,0.109370886806759
55,30,0.5,0.1,-0.5,105,0.0842736885118227,0.110095173895792
60,30,0.5,0.1,-0.5,105,0.0838795572255732,0.111389603459893
65,30,0.5,0.1,-0.5,105,0.0828233547501516,0.111573240418778
70,30,0.5,0.1,-0.5,105,0.0828169507278322,0.111606255966863
75,30,0.5,0.1,-0.5,105,0.0835950213770768,0.112480471367231
80,30,0.5,0.1,-0.5,105,0.083487746507114,0.112809181506132
85,30,0.5,0.1,-0.5,105,0.083591013181739,0.112615643054497
90,30,0.5,0.1,-0.5,105,0.0783946425931375,0.112940326057798
95,30,0.5,0.1,-0.5,105,0.0782213611110784,0.113309407747155
100,30,0.5,0.1,-0.5,105,0.0767428747854823,0.113719795736337
5,35,0.5,0.1,-0.5,105,0.0820530881115407,0.104935772021083
10,35,0.5,0.1,-0.5,105,0.0815948926819152,0.104196625328345
15,35,0.5,0.1,-0.5,105,0.0822138093878496,0.104082570002834
20,35,0.5,0.1,-0.5,105,0.0825946119943515,0.104921497568425
25,35,0.5,0.1,-0.5,105,0.082718764262117,0.104526360668239
30,35,0.5,0.1,-0.5,105,0.0825864136904802,0.104731000895343
35,35,0.5,0.1,-0.5,105,0.0826040455806811,0.105332698633353
40,35,0.5,0.1,-0.5,105,0.0826908298645034,0.105549161054864
45,35,0.5,0.1,-0.5,105,0.0832784906177966,0.105589573711685
50,35,0.5,0.1,-0.5,105,0.0840536737957895,0.105829526831902
55,35,0.5,0.1,-0.5,105,0.0842919686999374,0.106589662607464
60,35,0.5,0.1,-0.5,105,0.0838519397817444,0.107616948892962
65,35,0.5,0.1,-0.5,105,0.0829621482210355,0.107981590667391
70,35,0.5,0.1,-0.5,105,0.0832121833410083,0.108184677487694
75,35,0.5,0.1,-0.5,105,0.083676880835268,0.109324497771204
80,35,0.5,0.1,-0.5,105,0.0837475540158802,0.109592042458242
85,35,0.5,0.1,-0.5,105,0.0838341233071034,0.109611410945223
90,35,0.5,0.1,-0.5,105,0.0790509894998171,0.109521991876304
95,35,0.5,0.1,-0.5,105,0.0789557603332468,0.110030752919155
100,35,0.5,0.1,-0.5,105,0.0771702973243577,0.110260712437329
5,40,0.5,0.1,-0.5,105,0.0802110443906278,0.104973372612526
10,40,0.5,0.1,-0.5,105,0.0794495419029528,0.102690922109051
15,40,0.5,0.1,-0.5,105,0.0801506815507981,0.103407280591979
20,40,0.5,0.1,-0.5,105,0.0807065799831959,0.103719847087972
25,40,0.5,0.1,-0.5,105,0.0811778015943897,0.103499860821142
30,40,0.5,0.1,-0.5,105,0.0810441352723998,0.103518442512809
35,40,0.5,0.1,-0.5,105,0.081259304696725,0.103885308118964
40,40,0.5,0.1,-0.5,105,0.0814236204742852,0.104272139796181
45,40,0.5,0.1,-0.5,105,0.0816544454159464,0.104501814846235
50,40,0.5,0.1,-0.5,105,0.0823597890657446,0.104977535651702
55,40,0.5,0.1,-0.5,105,0.0829051435947634,0.105430904196666
60,40,0.5,0.1,-0.5,105,0.0827959962168754,0.106458157359787
65,40,0.5,0.1,-0.5,105,0.0829471126896547,0.106268208062429
70,40,0.5,0.1,-0.5,105,0.0833195067251075,0.106363865048129
75,40,0.5,0.1,-0.5,105,0.0839171879315235,0.107243492228436
80,40,0.5,0.1,-0.5,105,0.0838026668742264,0.107656963558258
85,40,0.5,0.1,-0.5,105,0.0843994807292172,0.107590491072564
90,40,0.5,0.1,-0.5,105,0.0795046706889889,0.107399162347402
95,40,0.5,0.1,-0.5,105,0.0793233219524707,0.107838761175623
100,40,0.5,0.1,-0.5,105,0.0779365766200006,0.108097301617059
5,45,0.5,0.1,-0.5,105,0.0777116640223506,0.104723390750939
10,45,0.5,0.1,-0.5,105,0.0770127423947154,0.102003268147782
15,45,0.5,0.1,-0.5,105,0.0777217860862424,0.102457621475788
20,45,0.5,0.1,-0.5,105,0.078147834891432,0.10264797092781
25,45,0.5,0.1,-0.5,105,0.0784425868754431,0.102238124074459
30,45,0.5,0.1,-0.5,105,0.0786990716901506,0.102193513308542
35,45,0.5,0.1,-0.5,105,0.078248159926484,0.103139700041501
40,45,0.5,0.1,-0.5,105,0.0779526556256182,0.103230204180302
45,45,0.5,0.1,-0.5,105,0.0782379400964014,0.103723940591932
50,45,0.5,0.1,-0.5,105,0.0790146400198753,0.104141252246053
55,45,0.5,0.1,-0.5,105,0.0793550905925333,0.104437615733184
60,45,0.5,0.1,-0.5,105,0.0793120091267682,0.105187516512104
65,45,0.5,0.1,-0.5,105,0.0796352590471961,0.105001674722448
70,45,0.5,0.1,-0.5,105,0.0794496304425923,0.104905402116802
75,45,0.5,0.1,-0.5,105,0.08022352502988,0.10534112264939
80,45,0.5,0.1,-0.5,105,0.0804745463877482,0.105762247294433
85,45,0.5,0.1,-0.5,105,0.0811469520340033,0.105575625582035
90,45,0.5,0.1,-0.5,105,0.0761630802176154,0.105574125208423
95,45,0.5,0.1,-0.5,105,0.0759833617171839,0.106167311250592
100,45,0.5,0.1,-0.5,105,0.0745349210458272,0.106203114559164
5,50,0.5,0.1,-0.5,105,0.0781370480283634,0.104604991117516
10,50,0.5,0.1,-0.5,105,0.0772098066615037,0.102256823594351
15,50,0.5,0.1,-0.5,105,0.0777401723712624,0.102284701787645
20,50,0.5,0.1,-0.5,105,0.0779861892257272,0.102499830925296
25,50,0.5,0.1,-0.5,105,0.07840616457826,0.101805794930222
30,50,0.5,0.1,-0.5,105,0.0787869092124479,0.101271158897386
35,50,0.5,0.1,-0.5,105,0.0790826188041328,0.102179313954655
40,50,0.5,0.1,-0.5,105,0.078571820488937,0.101945590389741
45,50,0.5,0.1,-0.5,105,0.07897140186794,0.102484105173822
50,50,0.5,0.1,-0.5,105,0.0797432161632668,0.102800606328446
55,50,0.5,0.1,-0.5,105,0.0801389716792986,0.103416655742502
60,50,0.5,0.1,-0.5,105,0.0801686951261901,0.104064867082366
65,50,0.5,0.1,-0.5,105,0.0805236583188707,0.103572531835193
70,50,0.5,0.1,-0.5,105,0.0804893970724106,0.103911990656885
75,50,0.5,0.1,-0.5,105,0.0810973104378138,0.104313483040398
80,50,0.5,0.1,-0.5,105,0.0817408793120596,0.10472326211977
85,50,0.5,0.1,-0.5,105,0.0825068337907858,0.104407569663281
90,50,0.5,0.1,-0.5,105,0.0781764054863371,0.104623002703872
95,50,0.5,0.1,-0.5,105,0.0778854657047866,0.105265252688591
100,50,0.5,0.1,-0.5,105,0.0763622226006799,0.105649231147768
5,55,0.5,0.1,-0.5,105,0.0781732911860349,0.103823620530367
10,55,0.5,0.1,-0.5,105,0.0766541981962021,0.10216548322504
15,55,0.5,0.1,-0.5,105,0.0777679194283903,0.101557781213486
20,55,0.5,0.1,-0.5,105,0.0776400551524406,0.101431277307061
25,55,0.5,0.1,-0.5,105,0.0782492043712577,0.100956633502478
30,55,0.5,0.1,-0.5,105,0.0790242269316131,0.100596368480348
35,55,0.5,0.1,-0.5,105,0.078806613875786,0.101699196103166
40,55,0.5,0.1,-0.5,105,0.0783040967527013,0.101654761492934
45,55,0.5,0.1,-0.5,105,0.0787526901465697,0.101655250344224
50,55,0.5,0.1,-0.5,105,0.0793766481810192,0.101420805016282
55,55,0.5,0.1,-0.5,105,0.0800944732397925,0.101943554282176
60,55,0.5,0.1,-0.5,105,0.0802782809093314,0.102401873300572
65,55,0.5,0.1,-0.5,105,0.08054434430056,0.102148728418658
70,55,0.5,0.1,-0.5,105,0.0805690935569728,0.102599654974162
75,55,0.5,0.1,-0.5,105,0.0809987156375567,0.102705134465228
80,55,0.5,0.1,-0.5,105,0.0817305756998031,0.103091632186708
85,55,0.5,0.1,-0.5,105,0.0826089249963043,0.103014720937674
90,55,0.5,0.1,-0.5,105,0.078428507585112,0.103012740169392
95,55,0.5,0.1,-0.5,105,0.0781450269700312,0.103564904550677
100,55,0.5,0.1,-0.5,105,0.076637761258774,0.104028916881567
5,60,0.5,0.1,-0.5,105,0.0782406982821162,0.103279032515118
10,60,0.5,0.1,-0.5,105,0.0767910385298259,0.101485686181359
15,60,0.5,0.1,-0.5,105,0.0777002795353609,0.100781178065035
20,60,0.5,0.1,-0.5,105,0.077618448530357,0.10066701734641
25,60,0.5,0.1,-0.5,105,0.0780410709620233,0.100401058957417
30,60,0.5,0.1,-0.5,105,0.0787855424518031,0.1001548640215
35,60,0.5,0.1,-0.5,105,0.0785877577018748,0.101392320827959
40,60,0.5,0.1,-0.5,105,0.0784228521110515,0.101479747761842
45,60,0.5,0.1,-0.5,105,0.078571244644657,0.101050211784635
50,60,0.5,0.1,-0.5,105,0.0791449750384827,0.100917245520572
55,60,0.5,0.1,-0.5,105,0.0795186688689642,0.101084618265501
60,60,0.5,0.1,-0.5,105,0.0799084103816235,0.101549270261578
65,60,0.5,0.1,-0.5,105,0.0802400714885224,0.101193662014284
70,60,0.5,0.1,-0.5,105,0.0802691254984035,0.101520792016325
75,60,0.5,0.1,-0.5,105,0.0810478218041609,0.102006694756191
80,60,0.5,0.1,-0.5,105,0.0818466572472879,0.102344341699637
85,60,0.5,0.1,-0.5,105,0.0826833780834148,0.102137624715363
90,60,0.5,0.1,-0.5,105,0.0786551078140783,0.102161119094667
95,60,0.5,0.1,-0.5,105,0.0785103658802648,0.102687850278359
100,60,0.5,0.1,-0.5,105,0.0769561191272017,0.10323071629464
5,65,0.5,0.1,-0.5,105,0.0772511970272357,0.102451620009206
10,65,0.5,0.1,-0.5,105,0.0757768906932601,0.100895991590529
15,65,0.5,0.1,-0.5,105,0.0766121542230546,0.100510480108517
20,65,0.5,0.1,-0.5,105,0.0763630291956021,0.100972703719212
25,65,0.5,0.1,-0.5,105,0.0766679503582235,0.100639152073903
30,65,0.5,0.1,-0.5,105,0.0773805592145539,0.100307494493566
35,65,0.5,0.1,-0.5,105,0.0773903803669844,0.101425039187149
40,65,0.5,0.1,-0.5,105,0.0773832335130863,0.101460926771126
45,65,0.5,0.1,-0.5,105,0.0777319407758913,0.101185056453009
50,65,0.5,0.1,-0.5,105,0.0783673464021604,0.101156554770122
55,65,0.5,0.1,-0.5,105,0.07864913630339,0.101150402911206
60,65,0.5,0.1,-0.5,105,0.0787459216748916,0.100882518321259
65,65,0.5,0.1,-0.5,105,0.0790389426874992,0.100731927336424
70,65,0.5,0.1,-0.5,105,0.0789769033969989,0.100862286224475
75,65,0.5,0.1,-0.5,105,0.0798978619756293,0.101439244247699
80,65,0.5,0.1,-0.5,105,0.0806184118623543,0.101812666126393
85,65,0.5,0.1,-0.5,105,0.081268949423643,0.101716283959673
90,65,0.5,0.1,-0.5,105,0.0777652920452803,0.101776457619567
95,65,0.5,0.1,-0.5,105,0.077668656733678,0.102245706083452
100,65,0.5,0.1,-0.5,105,0.0761729781508094,0.102826471404835
5,70,0.5,0.1,-0.5,105,0.0753611059638588,0.102522190917021
10,70,0.5,0.1,-0.5,105,0.0743064016551185,0.100323407538288
15,70,0.5,0.1,-0.5,105,0.0740724994500085,0.10005642134605
20,70,0.5,0.1,-0.5,105,0.073969492639848,0.100033715934838
25,70,0.5,0.1,-0.5,105,0.0737584754289251,0.099796980620749
30,70,0.5,0.1,-0.5,105,0.0743512610302783,0.0994947820139473
35,70,0.5,0.1,-0.5,105,0.0746304596996114,0.100725481837584
40,70,0.5,0.1,-0.5,105,0.0746129553303329,0.100750239843657
45,70,0.5,0.1,-0.5,105,0.07482046604004,0.100488429116754
50,70,0.5,0.1,-0.5,105,0.0753073438661356,0.100412298099491
55,70,0.5,0.1,-0.5,105,0.0757676423385098,0.100296150503088
60,70,0.5,0.1,-0.5,105,0.0756971739308398,0.0999315369412446
65,70,0.5,0.1,-0.5,105,0.0757489290318895,0.0995708435434468
70,70,0.5,0.1,-0.5,105,0.0757607690887113,0.0998790030825071
75,70,0.5,0.1,-0.5,105,0.0764973618149963,0.100315288152819
80,70,0.5,0.1,-0.5,105,0.0770704950245348,0.100821917730507
85,70,0.5,0.1,-0.5,105,0.077486804885271,0.100653241160792
90,70,0.5,0.1,-0.5,105,0.0752309931580691,0.100924668707744
95,70,0.5,0.1,-0.5,105,0.0753069747506575,0.101338113885053
100,70,0.5,0.1,-0.5,105,0.0736682471400165,0.101898598591489
5,75,0.5,0.1,-0.5,105,0.0754069274326657,0.10242682911157
10,75,0.5,0.1,-0.5,105,0.0740911985936579,0.100390685634284
15,75,0.5,0.1,-0.5,105,0.0740420851431359,0.100598574744282
20,75,0.5,0.1,-0.5,105,0.0739462620459052,0.100890176644004
25,75,0.5,0.1,-0.5,105,0.0739490863112408,0.100771986155443
30,75,0.5,0.1,-0.5,105,0.0746710461974691,0.100304796698944
35,75,0.5,0.1,-0.5,105,0.0749732953403357,0.101138893757383
40,75,0.5,0.1,-0.5,105,0.0746405497897317,0.101168581103304
45,75,0.5,0.1,-0.5,105,0.0750965467671898,0.100922763104359
50,75,0.5,0.1,-0.5,105,0.0753957324371513,0.101071128426558
55,75,0.5,0.1,-0.5,105,0.0755356344952101,0.100844621645736
60,75,0.5,0.1,-0.5,105,0.075570917427229,0.100705198308843
65,75,0.5,0.1,-0.5,105,0.0755356569644217,0.100079443762667
70,75,0.5,0.1,-0.5,105,0.0749856034176651,0.100186378823262
75,75,0.5,0.1,-0.5,105,0.0757915073699911,0.100739193670797
80,75,0.5,0.1,-0.5,105,0.0762487160506728,0.100932948225272
85,75,0.5,0.1,-0.5,105,0.0765577947129704,0.100863288672062
90,75,0.5,0.1,-0.5,105,0.0742565286152561,0.101083497136946
95,75,0.5,0.1,-0.5,105,0.0742248541860037,0.101529412512955
100,75,0.5,0.1,-0.5,105,0.072942334947902,0.101860357118223
5,80,0.5,0.1,-0.5,105,0.0751722473429372,0.102535621193269
10,80,0.5,0.1,-0.5,105,0.0735353080037024,0.100822153249289
15,80,0.5,0.1,-0.5,105,0.0729693801747127,0.100843658313233
20,80,0.5,0.1,-0.5,105,0.0732298932914751,0.100440279617385
25,80,0.5,0.1,-0.5,105,0.0735939347734994,0.100278403789025
30,80,0.5,0.1,-0.5,105,0.0740216871716269,0.100054990822545
35,80,0.5,0.1,-0.5,105,0.0744775385083467,0.100779091963032
40,80,0.5,0.1,-0.5,105,0.0745322704085621,0.100692392449511
45,80,0.5,0.1,-0.5,105,0.0749229844052294,0.100616133978818
50,80,0.5,0.1,-0.5,105,0.0752266747377229,0.100723735955852
55,80,0.5,0.1,-0.5,105,0.0755562870261776,0.100637495384529
60,80,0.5,0.1,-0.5,105,0.0753967278685,0.100295893892282
65,80,0.5,0.1,-0.5,105,0.075327525036117,0.099736236321649
70,80,0.5,0.1,-0.5,105,0.0750262008598135,0.0997366480396697
75,80,0.5,0.1,-0.5,105,0.0750360252164848,0.0998837072911392
80,80,0.5,0.1,-0.5,105,0.0755387019518063,0.0999506667284168
85,80,0.5,0.1,-0.5,105,0.0760040956932395,0.0998745879072071
90,80,0.5,0.1,-0.5,105,0.0736943472648146,0.0998742244024462
95,80,0.5,0.1,-0.5,105,0.0737202138743725,0.100376678602863
100,80,0.5,0.1,-0.5,105,0.0729450408718655,0.100589744165057
5,85,0.5,0.1,-0.5,105,0.0756168823758633,0.102079421816697
10,85,0.5,0.1,-0.5,105,0.0737553604850434,0.100849009640033
15,85,0.5,0.1,-0.5,105,0.0730241955801579,0.100420684518005
20,85,0.5,0.1,-0.5,105,0.0733474387553494,0.100044192235555
25,85,0.5,0.1,-0.5,105,0.0740144358418098,0.100333720748846
30,85,0.5,0.1,-0.5,105,0.0745647879511451,0.100373104051061
35,85,0.5,0.1,-0.5,105,0.075011847009693,0.101093065955134
40,85,0.5,0.1,-0.5,105,0.0749310529410828,0.101301067255347
45,85,0.5,0.1,-0.5,105,0.075377976742073,0.101087475338005
50,85,0.5,0.1,-0.5,105,0.0754556796484611,0.100914487239545
55,85,0.5,0.1,-0.5,105,0.0756982024098809,0.100816619086119
60,85,0.5,0.1,-0.5,105,0.0755230814246974,0.100500411423201
65,85,0.5,0.1,-0.5,105,0.0753870443057624,0.100021048445448
70,85,0.5,0.1,-0.5,105,0.0753692544914369,0.0997084582508794
75,85,0.5,0.1,-0.5,105,0.0751385615181423,0.099850058747661
80,85,0.5,0.1,-0.5,105,0.0752794390345487,0.100041670452902
85,85,0.5,0.1,-0.5,105,0.0756608353746076,0.100159477723465
90,85,0.5,0.1,-0.5,105,0.0733062381409957,0.100155090156107
95,85,0.5,0.1,-0.5,105,0.0731970517156408,0.100730734449331
100,85,0.5,0.1,-0.5,105,0.0724199043001056,0.101118465769671
5,90,0.5,0.1,-0.5,105,0.0757371152426666,0.101315624350475
10,90,0.5,0.1,-0.5,105,0.0739925170718225,0.100200106064328
15,90,0.5,0.1,-0.5,105,0.0732301964933078,0.0997823659249176
20,90,0.5,0.1,-0.5,105,0.0738697897630641,0.0993361941931372
25,90,0.5,0.1,-0.5,105,0.0744139622113706,0.0994794938131109
30,90,0.5,0.1,-0.5,105,0.0751149648853091,0.099603667680913
35,90,0.5,0.1,-0.5,105,0.0752583189888053,0.100234772074253
40,90,0.5,0.1,-0.5,105,0.0752996829946141,0.100506812723886
45,90,0.5,0.1,-0.5,105,0.0756093081361022,0.100550663946073
50,90,0.5,0.1,-0.5,105,0.0756662157584622,0.100293300854307
55,90,0.5,0.1,-0.5,105,0.0756358436854043,0.100296905793881
60,90,0.5,0.1,-0.5,105,0.0756050125956791,0.100088436642124
65,90,0.5,0.1,-0.5,105,0.0755101572985981,0.0995785697817006
70,90,0.5,0.1,-0.5,105,0.0754121343954837,0.0992736665161581
75,90,0.5,0.1,-0.5,105,0.07514386513063,0.0994913037940484
80,90,0.5,0.1,-0.5,105,0.0752833712884936,0.0996072402668433
85,90,0.5,0.1,-0.5,105,0.0752176488042845,0.0995488094853797
90,90,0.5,0.1,-0.5,105,0.072982340462912,0.0995301566804239
95,90,0.5,0.1,-0.5,105,0.0729342741111566,0.100113560687199
100,90,0.5,0.1,-0.5,105,0.0721712490052564,0.100543658657698
5,95,0.5,0.1,-0.5,105,0.0735538072316093,0.101497434924885
10,95,0.5,0.1,-0.5,105,0.0717576053949576,0.100754687008581
15,95,0.5,0.1,-0.5,105,0.0714694723893704,0.0999442101700661
20,95,0.5,0.1,-0.5,105,0.072033223674928,0.0992545476199656
25,95,0.5,0.1,-0.5,105,0.072630280288015,0.0995972548632139
30,95,0.5,0.1,-0.5,105,0.0730895863284715,0.0997532188667692
35,95,0.5,0.1,-0.5,105,0.0731772471268043,0.100118517021913
40,95,0.5,0.1,-0.5,105,0.0733568856689514,0.100460982337973
45,95,0.5,0.1,-0.5,105,0.0737069857370135,0.100463037292561
50,95,0.5,0.1,-0.5,105,0.0738145738730068,0.100287599936246
55,95,0.5,0.1,-0.5,105,0.0738370258195076,0.100163526634178
60,95,0.5,0.1,-0.5,105,0.0738124626977978,0.0999753029658878
65,95,0.5,0.1,-0.5,105,0.073723218368797,0.0994487109431165
70,95,0.5,0.1,-0.5,105,0.0736169802267558,0.0992164014012998
75,95,0.5,0.1,-0.5,105,0.0734433854107946,0.0995629216653359
80,95,0.5,0.1,-0.5,105,0.0736063070758532,0.0996614923610715
85,95,0.5,0.1,-0.5,105,0.0737844889209832,0.0997451840698986
90,95,0.5,0.1,-0.5,105,0.0733654887800043,0.0997314177852086
95,95,0.5,0.1,-0.5,105,0.0733972175970035,0.100278523694109
100,95,0.5,0.1,-0.5,105,0.0727189139708274,0.100539810906468
5,100,0.5,0.1,-0.5,105,0.0717571503055367,0.101613748429081
10,100,0.5,0.1,-0.5,105,0.0700016521738545,0.10100745229772
15,100,0.5,0.1,-0.5,105,0.0693277751305358,0.100402557936674
20,100,0.5,0.1,-0.5,105,0.069712125239989,0.0998688096160449
25,100,0.5,0.1,-0.5,105,0.0702292008695848,0.100124083646214
30,100,0.5,0.1,-0.5,105,0.0708462713814849,0.100540833241087
35,100,0.5,0.1,-0.5,105,0.0707495326636598,0.100735893290544
40,100,0.5,0.1,-0.5,105,0.0710897225749329,0.101065363475298
45,100,0.5,0.1,-0.5,105,0.0713367757888268,0.101149328156502
50,100,0.5,0.1,-0.5,105,0.0713655304498771,0.100828719443783
55,100,0.5,0.1,-0.5,105,0.0713802707996371,0.100734452791064
60,100,0.5,0.1,-0.5,105,0.071277888569455,0.100623029918158
65,100,0.5,0.1,-0.5,105,0.071232328041984,0.100117176522652
70,100,0.5,0.1,-0.5,105,0.0711711990243407,0.0999738380393408
75,100,0.5,0.1,-0.5,105,0.0710821144414329,0.100252321308734
80,100,0.5,0.1,-0.5,105,0.0713638027712986,0.100425123779596
85,100,0.5,0.1,-0.5,105,0.0715563960240866,0.100409932070434
90,100,0.5,0.1,-0.5,105,0.0719681904715271,0.100404302463491
95,100,0.5,0.1,-0.5,105,0.0718703446868556,0.100599022010999
100,100,0.5,0.1,-0.5,105,0.0712101412144512,0.100935361334928
20,25,0.5,0.01,-0.5,105,0.0223238109795728,0.074552988195317
20,25,0.5,0.01,-0.45,105,0.01835961878996,0.0757822752421435
20,25,0.5,0.01,-0.4,105,0.0139206339569458,0.0760311039248013
20,25,0.5,0.01,-0.35,105,0.00905024815734728,0.0766006168046406
20,25,0.5,0.01,-0.3,105,0.00102766192287562,0.0781580579562345
20,25,0.5,0.01,-0.25,105,-0.00892714677993203,0.0791452920796386
20,25,0.5,0.01,-0.2,105,-0.0218409301714628,0.0768392618042876
20,25,0.5,0.01,-0.15,105,-0.0394195342365794,0.0753593047912258
20,25,0.5,0.01,-0.1,105,-0.0495667788529902,0.0682703492757563
20,25,0.5,0.01,-0.05,105,-0.0524099026043195,0.0527512300953289
20,25,0.5,0.02,-0.5,105,0.0399344915858422,0.0826024987749301
20,25,0.5,0.02,-0.45,105,0.0354851922137368,0.0839767006198903
20,25,0.5,0.02,-0.4,105,0.030161975903167,0.0839175321533962
20,25,0.5,0.02,-0.35,105,0.0256596772137116,0.084991404479454
20,25,0.5,0.02,-0.3,105,0.0178283193386583,0.0862243653859555
20,25,0.5,0.02,-0.25,105,0.00690857739564391,0.0875732885445443
20,25,0.5,0.02,-0.2,105,-0.00740490839293031,0.0852143580657426
20,25,0.5,0.02,-0.15,105,-0.0273231209217313,0.0822602617434343
20,25,0.5,0.02,-0.1,105,-0.0394833820921075,0.0764092362389659
20,25,0.5,0.02,-0.05,105,-0.047692561870745,0.060765216330636
20,25,0.5,0.03,-0.5,105,0.0524428116933096,0.0890547520526723
20,25,0.5,0.03,-0.45,105,0.0478136477823566,0.0899855928186526
20,25,0.5,0.03,-0.4,105,0.0420692819092354,0.0894759822095791
20,25,0.5,0.03,-0.35,105,0.0375027539823324,0.0904777561113611
20,25,0.5,0.03,-0.3,105,0.0302584231937374,0.0907300362927097
20,25,0.5,0.03,-0.25,105,0.0192673788576965,0.0921653278636098
20,25,0.5,0.03,-0.2,105,0.00422041538503404,0.0898460925622501
20,25,0.5,0.03,-0.15,105,-0.0144856882520328,0.086560473555346
20,25,0.5,0.03,-0.1,105,-0.0287971457124417,0.0820048907376836
20,25,0.5,0.03,-0.05,105,-0.0409311024711215,0.0672794147210028
20,25,0.5,0.04,-0.5,105,0.0609235631734393,0.0924816172892982
20,25,0.5,0.04,-0.45,105,0.0564381533658777,0.0939721571858996
20,25,0.5,0.04,-0.4,105,0.0507335318143473,0.0932091504555248
20,25,0.5,0.04,-0.35,105,0.0463861635339436,0.0941600376272531
20,25,0.5,0.04,-0.3,105,0.0401058857700654,0.0939045380960428
20,25,0.5,0.04,-0.25,105,0.0296460202495502,0.0950322335536131
20,25,0.5,0.04,-0.2,105,0.0143488633528127,0.0930138115403924
20,25,0.5,0.04,-0.15,105,-0.00438626587884504,0.0904232381076751
20,25,0.5,0.04,-0.1,105,-0.0182546619053815,0.0860015479754924
20,25,0.5,0.04,-0.05,105,-0.0328328028503871,0.0710501686047899
20,25,0.5,0.05,-0.5,105,0.0668964506820906,0.0963483977490236
20,25,0.5,0.05,-0.45,105,0.0618133746302214,0.0976089552375232
20,25,0.5,0.05,-0.4,105,0.0566344685575297,0.0965524834389411
20,25,0.5,0.05,-0.35,105,0.052201968554196,0.0982827969321974
20,25,0.5,0.05,-0.3,105,0.0464978818291715,0.0974639568266895
20,25,0.5,0.05,-0.25,105,0.0362273626165122,0.0984356344335345
20,25,0.5,0.05,-0.2,105,0.0220059145293,0.0963950981890318
20,25,0.5,0.05,-0.15,105,0.00498720936878754,0.0933058002769562
20,25,0.5,0.05,-0.1,105,-0.0102723599871904,0.0898001026531427
20,25,0.5,0.05,-0.05,105,-0.0267119888947467,0.0761264662562884
20,25,0.5,0.06,-0.5,105,0.073560554774804,0.0993466815455552
20,25,0.5,0.06,-0.45,105,0.0687601128350098,0.100178348880033
20,25,0.5,0.06,-0.4,105,0.0637368953420259,0.0999413000533113
20,25,0.5,0.06,-0.35,105,0.0597907279543595,0.101827612549576
20,25,0.5,0.06,-0.3,105,0.0542015049520136,0.100907387385161
20,25,0.5,0.06,-0.25,105,0.0449558004630236,0.101508646388938
20,25,0.5,0.06,-0.2,105,0.0319921762980414,0.099079031495298
20,25,0.5,0.06,-0.15,105,0.0155445827529049,0.0957780590939957
20,25,0.5,0.06,-0.1,105,-0.000467549358410808,0.0928668791583236
20,25,0.5,0.06,-0.05,105,-0.0189956122756799,0.0798292121695734
20,25,0.5,0.07,-0.5,105,0.0782308045088267,0.102477345491976
20,25,0.5,0.07,-0.45,105,0.0735520188476079,0.103087962684991
20,25,0.5,0.07,-0.4,105,0.0687557492023546,0.102884911540276
20,25,0.5,0.07,-0.35,105,0.064953356409022,0.104527237520519
20,25,0.5,0.07,-0.3,105,0.0598393638331039,0.103441796100506
20,25,0.5,0.07,-0.25,105,0.0507016520036387,0.104091839309392
20,25,0.5,0.07,-0.2,105,0.0384764364560527,0.100636560474535
20,25,0.5,0.07,-0.15,105,0.0221412018994526,0.0980681114191488
20,25,0.5,0.07,-0.1,105,0.00646613342374625,0.0949152112291662
20,25,0.5,0.07,-0.05,105,-0.0131072211817667,0.0827995578627005
20,25,0.5,0.08,-0.5,105,0.0821967825370883,0.105164981720456
20,25,0.5,0.08,-0.45,105,0.0780240906060763,0.105416181184053
20,25,0.5,0.08,-0.4,105,0.0735577454892302,0.10494833898836
20,25,0.5,0.08,-0.35,105,0.070477962174848,0.106330784986052
20,25,0.5,0.08,-0.3,105,0.0645774743554396,0.105740787955536
20,25,0.5,0.08,-0.25,105,0.0554178707255931,0.10621741254833
20,25,0.5,0.08,-0.2,105,0.0451074473263514,0.102410707686203
20,25,0.5,0.08,-0.15,105,0.0296112148926247,0.100605481375844
20,25,0.5,0.08,-0.1,105,0.0130206358572316,0.0976653369531902
20,25,0.5,0.08,-0.05,105,-0.00709499912300905,0.0858608682808726
20,25,0.5,0.09,-0.5,105,0.0856495035179461,0.107376599777984
20,25,0.5,0.09,-0.45,105,0.0814023605053923,0.107745386002992
20,25,0.5,0.09,-0.4,105,0.0773983754954753,0.106734657888464
20,25,0.5,0.09,-0.35,105,0.0741179371931469,0.107844029221791
20,25,0.5,0.09,-0.3,105,0.0690438423611467,0.107625150427012
20,25,0.5,0.09,-0.25,105,0.059610666368183,0.107904782203229
20,25,0.5,0.09,-0.2,105,0.0502623568734634,0.105358819349114
20,25,0.5,0.09,-0.15,105,0.0347577703239503,0.10334815321989
20,25,0.5,0.09,-0.1,105,0.0187306576371143,0.101097769949894
20,25,0.5,0.09,-0.05,105,-0.0021400443981995,0.089102863425351
20,25,0.5,0.1,-0.5,105,0.087130244233802,0.110055287383691
20,25,0.5,0.1,-0.45,105,0.0828986343412975,0.110149762831945
20,25,0.5,0.1,-0.4,105,0.0788529377390396,0.109353652139964
20,25,0.5,0.1,-0.35,105,0.0758210383802065,0.110652506113879
20,25,0.5,0.1,-0.3,105,0.071282433801553,0.110269098634751
20,25,0.5,0.1,-0.25,105,0.0620344988914539,0.111825004984597
20,25,0.5,0.1,-0.2,105,0.053187517526155,0.10866521663411
20,25,0.5,0.1,-0.15,105,0.0384468274006073,0.106337640036954
20,25,0.5,0.1,-0.1,105,0.0221764336249583,0.104125782404048
20,25,0.5,0.1,-0.05,105,0.00108124248221728,0.0932662779731103
20,25,0.5,0.11,-0.5,105,0.0875811176186587,0.110869016134735
20,25,0.5,0.11,-0.45,105,0.0832291299600823,0.111267931460931
20,25,0.5,0.11,-0.4,105,0.0791555208009598,0.110429269038391
20,25,0.5,0.11,-0.35,105,0.0770588614781104,0.111826979941211
20,25,0.5,0.11,-0.3,105,0.0726702562156273,0.111421332744037
20,25,0.5,0.11,-0.25,105,0.0633894214222128,0.11309426679597
20,25,0.5,0.11,-0.2,105,0.0549532938977465,0.110773331373526
20,25,0.5,0.11,-0.15,105,0.040451529018764,0.108168387514954
20,25,0.5,0.11,-0.1,105,0.0246570260722032,0.107555381964752
20,25,0.5,0.11,-0.05,105,0.00280741900206147,0.0963012530154155
20,25,0.5,0.12,-0.5,105,0.0902286634441698,0.112525807182031
20,25,0.5,0.12,-0.45,105,0.0859474980624389,0.112927233991873
20,25,0.5,0.12,-0.4,105,0.0819061504437079,0.112743764609974
20,25,0.5,0.12,-0.35,105,0.0799711470967754,0.113726329277908
20,25,0.5,0.12,-0.3,105,0.075803616113768,0.113437062104429
20,25,0.5,0.12,-0.25,105,0.0676647932450811,0.11514264758264
20,25,0.5,0.12,-0.2,105,0.0596046713406424,0.113221827523582
20,25,0.5,0.12,-0.15,105,0.0461201906687739,0.110078841087293
20,25,0.5,0.12,-0.1,105,0.0306338609544558,0.110031613138245
20,25,0.5,0.12,-0.05,105,0.00933191474060623,0.0984119196770162
20,25,0.5,0.13,-0.5,105,0.0917115806926743,0.114113726076718
20,25,0.5,0.13,-0.45,105,0.0877226735111967,0.114391257474564
20,25,0.5,0.13,-0.4,105,0.0840601070299098,0.114029700469115
20,25,0.5,0.13,-0.35,105,0.0825451052326199,0.114974273257548
20,25,0.5,0.13,-0.3,105,0.0780998582161404,0.115585835470999
20,25,0.5,0.13,-0.25,105,0.0705143298227861,0.117626091012267
20,25,0.5,0.13,-0.2,105,0.0633003296456121,0.11566233560213
20,25,0.5,0.13,-0.15,105,0.0506465839219514,0.110725878172575
20,25,0.5,0.13,-0.1,105,0.0349088378167185,0.112226658026905
20,25,0.5,0.13,-0.05,105,0.0147104204154895,0.100099118890798
20,25,0.5,0.14,-0.5,105,0.092514413888202,0.115897833050952
20,25,0.5,0.14,-0.45,105,0.0888754067710169,0.115979617631382
20,25,0.5,0.14,-0.4,105,0.0851077615798861,0.115618308172133
20,25,0.5,0.14,-0.35,105,0.0834254442496076,0.116496057032231
20,25,0.5,0.14,-0.3,105,0.0801324423847486,0.116404920475912
20,25,0.5,0.14,-0.25,105,0.0725646876552393,0.117802841372898
20,25,0.5,0.14,-0.2,105,0.0659951223387197,0.116235594083429
20,25,0.5,0.14,-0.15,105,0.0540556369118996,0.112657747025552
20,25,0.5,0.14,-0.1,105,0.0382452950260949,0.113501166427234
20,25,0.5,0.14,-0.05,105,0.0185569851534794,0.101485010774669
20,25,0.5,0.15,-0.5,105,0.0939903789643884,0.117506757159775
20,25,0.5,0.15,-0.45,105,0.0903273923112481,0.117822183718106
20,25,0.5,0.15,-0.4,105,0.0870614578560204,0.117606927935375
20,25,0.5,0.15,-0.35,105,0.0852839966079499,0.118373664011169
20,25,0.5,0.15,-0.3,105,0.0826378700422921,0.119216998136272
20,25,0.5,0.15,-0.25,105,0.0752975768739138,0.120433460295898
20,25,0.5,0.15,-0.2,105,0.0691872756089868,0.119092987011789
20,25,0.5,0.15,-0.15,105,0.057815529250718,0.115101966839356
20,25,0.5,0.15,-0.1,105,0.0420217012666087,0.115421622087053
20,25,0.5,0.15,-0.05,105,0.0219374053103395,0.103434258458034
20,25,0.5,0.16,-0.5,105,0.0952889191455671,0.1182078035667
20,25,0.5,0.16,-0.45,105,0.091845450869942,0.119090140501515
20,25,0.5,0.16,-0.4,105,0.0886265505540795,0.118400716284164
20,25,0.5,0.16,-0.35,105,0.0871829232745784,0.119395291452169
20,25,0.5,0.16,-0.3,105,0.0842258781333992,0.120590352899289
20,25,0.5,0.16,-0.25,105,0.0773092956920957,0.121791019416467
20,25,0.5,0.16,-0.2,105,0.0713546286700565,0.120239296978715
20,25,0.5,0.16,-0.15,105,0.0602130593452693,0.116483648785064
20,25,0.5,0.16,-0.1,105,0.0451575379305794,0.117153541702444
20,25,0.5,0.16,-0.05,105,0.0252011824993899,0.105305085379569
20,25,0.5,0.17,-0.5,105,0.0963398252467932,0.118935151406138
20,25,0.5,0.17,-0.45,105,0.0928613398858534,0.120499121232298
20,25,0.5,0.17,-0.4,105,0.0900181402095945,0.120045970431805
20,25,0.5,0.17,-0.35,105,0.0881878952365347,0.121816078752696
20,25,0.5,0.17,-0.3,105,0.0858719366008626,0.123061634291839
20,25,0.5,0.17,-0.25,105,0.0793317449347842,0.123310570456473
20,25,0.5,0.17,-0.2,105,0.0731382075643837,0.121565940696305
20,25,0.5,0.17,-0.15,105,0.0627692194885237,0.118757747760248
20,25,0.5,0.17,-0.1,105,0.0469953246420773,0.117808244517622
20,25,0.5,0.17,-0.05,105,0.027149492890528,0.10645274384523
20,25,0.5,0.18,-0.5,105,0.0969306962165119,0.120291660142736
20,25,0.5,0.18,-0.45,105,0.0930690417116771,0.121972913426016
20,25,0.5,0.18,-0.4,105,0.0908091749942463,0.122176380481393
20,25,0.5,0.18,-0.35,105,0.0892874982581388,0.123421616712145
20,25,0.5,0.18,-0.3,105,0.0869521834312528,0.124281963094465
20,25,0.5,0.18,-0.25,105,0.0803779622897742,0.12521482072278
20,25,0.5,0.18,-0.2,105,0.0744084154359257,0.123332808759821
20,25,0.5,0.18,-0.15,105,0.0630662254051477,0.119481439289124
20,25,0.5,0.18,-0.1,105,0.0478491851074586,0.118134667023887
20,25,0.5,0.18,-0.05,105,0.0288605048176551,0.107214741856275
20,25,0.5,0.19,-0.5,105,0.0975088729490411,0.121425168931199
20,25,0.5,0.19,-0.45,105,0.0941634191401983,0.12279179893447
20,25,0.5,0.19,-0.4,105,0.0919289279146568,0.123190233818312
20,25,0.5,0.19,-0.35,105,0.0910416396017313,0.124366957969098
20,25,0.5,0.19,-0.3,105,0.088277369328812,0.126000044130556
20,25,0.5,0.19,-0.25,105,0.0819206732805482,0.127448430235034
20,25,0.5,0.19,-0.2,105,0.0765480898627402,0.124808535363417
20,25,0.5,0.19,-0.15,105,0.0649559098777833,0.121459493877334
20,25,0.5,0.19,-0.1,105,0.0502593932852963,0.119572574638399
20,25,0.5,0.19,-0.05,105,0.0314677069763746,0.109040676103298
20,25,0.5,0.2,-0.5,105,0.0971901391943644,0.122148560848692
20,25,0.5,0.2,-0.45,105,0.0940439321947628,0.123409474183971
20,25,0.5,0.2,-0.4,105,0.0919757162101181,0.123812171238594
20,25,0.5,0.2,-0.35,105,0.091302035192111,0.12528411664688
20,25,0.5,0.2,-0.3,105,0.0886515898747674,0.126773978723943
20,25,0.5,0.2,-0.25,105,0.0824499475082209,0.127951788708782
20,25,0.5,0.2,-0.2,105,0.0780629943816885,0.126666703790874
20,25,0.5,0.2,-0.15,105,0.065948068613619,0.122571206044865
20,25,0.5,0.2,-0.1,105,0.0512811184482432,0.121050139782686
20,25,0.5,0.2,-0.05,105,0.0319684865367483,0.1100418611493
20,25,0.4,0.09,-0.5,60,0.0678931924558906,0.109561153969453
20,25,0.4,0.09,-0.5,65,0.0672498945014597,0.108867790435369
20,25,0.4,0.09,-0.5,70,0.0678791258067247,0.1086937113081
20,25,0.4,0.09,-0.5,75,0.0678969706445153,0.10843663392665
20,25,0.4,0.09,-0.5,80,0.0680206012996444,0.108866259762954
20,25,0.4,0.09,-0.5,85,0.067961961499589,0.109464352216016
20,25,0.4,0.09,-0.5,90,0.0709341103960024,0.10953670757151
20,25,0.4,0.09,-0.5,95,0.0768600074455547,0.109706261423883
20,25,0.4,0.09,-0.5,100,0.0820312260670353,0.109847051669633
20,25,0.4,0.09,-0.5,105,0.0856278295848608,0.108534548635497
20,25,0.4,0.09,-0.5,110,0.0870248505008166,0.109766023150716
20,25,0.4,0.09,-0.5,115,0.0896857803996403,0.111113880276543
20,25,0.4,0.09,-0.5,120,0.0847619893534823,0.11363872945234
20,25,0.41,0.09,-0.5,60,0.0678371730683285,0.109695566300556
20,25,0.41,0.09,-0.5,65,0.0674324441710558,0.109125084413384
20,25,0.41,0.09,-0.5,70,0.0679404829095112,0.109445603399904
20,25,0.41,0.09,-0.5,75,0.0680707626629044,0.108699949047214
20,25,0.41,0.09,-0.5,80,0.0677539451339915,0.109445205345173
20,25,0.41,0.09,-0.5,85,0.067806295174708,0.109867801104438
20,25,0.41,0.09,-0.5,90,0.0710986144323558,0.109680465959956
20,25,0.41,0.09,-0.5,95,0.0772573435718049,0.109819512990781
20,25,0.41,0.09,-0.5,100,0.0823808617145873,0.109899709781673
20,25,0.41,0.09,-0.5,105,0.0861014214504038,0.108817190929568
20,25,0.41,0.09,-0.5,110,0.0874329292095263,0.110329799598174
20,25,0.41,0.09,-0.5,115,0.0900142835473865,0.111432612030722
20,25,0.41,0.09,-0.5,120,0.0846585766842792,0.113818006757643
20,25,0.42,0.09,-0.5,60,0.0675707197714061,0.109409410610326
20,25,0.42,0.09,-0.5,65,0.0670320284069915,0.108993139563916
20,25,0.42,0.09,-0.5,70,0.0671813655132919,0.109364804464474
20,25,0.42,0.09,-0.5,75,0.0675668319397165,0.108597760958648
20,25,0.42,0.09,-0.5,80,0.0673189203741369,0.108990519493693
20,25,0.42,0.09,-0.5,85,0.0674873347025796,0.109829192794338
20,25,0.42,0.09,-0.5,90,0.0711208611128267,0.109349677660286
20,25,0.42,0.09,-0.5,95,0.0772993901646609,0.10923754624315
20,25,0.42,0.09,-0.5,100,0.0823393074409203,0.109257958227671
20,25,0.42,0.09,-0.5,105,0.0860374552442257,0.108642683574684
20,25,0.42,0.09,-0.5,110,0.0873042349043546,0.110018306478362
20,25,0.42,0.09,-0.5,115,0.0896359688302054,0.111310872673748
20,25,0.42,0.09,-0.5,120,0.0846539642746925,0.113632878435354
20,25,0.43,0.09,-0.5,60,0.0666745590556381,0.109972472523282
20,25,0.43,0.09,-0.5,65,0.0663477944985376,0.109266163933466
20,25,0.43,0.09,-0.5,70,0.066484045031001,0.109253167200082
20,25,0.43,0.09,-0.5,75,0.0671299618511749,0.108675480215706
20,25,0.43,0.09,-0.5,80,0.0665244599964449,0.109327043226188
20,25,0.43,0.09,-0.5,85,0.0669424079538993,0.109762633031705
20,25,0.43,0.09,-0.5,90,0.070779652793423,0.109105130549664
20,25,0.43,0.09,-0.5,95,0.0772234309090569,0.108854517350759
20,25,0.43,0.09,-0.5,100,0.0820003355767157,0.108716822669579
20,25,0.43,0.09,-0.5,105,0.0856819842379567,0.108352500446896
20,25,0.43,0.09,-0.5,110,0.0867831871126779,0.110083738341599
20,25,0.43,0.09,-0.5,115,0.0889492372937493,0.111479244941887
20,25,0.43,0.09,-0.5,120,0.0839972447683734,0.113437954145591
20,25,0.44,0.09,-0.5,60,0.0665655703715596,0.109800448330016
20,25,0.44,0.09,-0.5,65,0.0663655145766603,0.108943858787685
20,25,0.44,0.09,-0.5,70,0.0662315028596149,0.109043098555913
20,25,0.44,0.09,-0.5,75,0.0669446995894443,0.108318683730463
20,25,0.44,0.09,-0.5,80,0.066397499453771,0.109030641421446
20,25,0.44,0.09,-0.5,85,0.0667447715745143,0.109756623386267
20,25,0.44,0.09,-0.5,90,0.0711045035377676,0.109120976989044
20,25,0.44,0.09,-0.5,95,0.0768154902404247,0.109178935778737
20,25,0.44,0.09,-0.5,100,0.0818197133746102,0.108961033289207
20,25,0.44,0.09,-0.5,105,0.0853581225362125,0.10874361911954
20,25,0.44,0.09,-0.5,110,0.086496557449246,0.110629406834085
20,25,0.44,0.09,-0.5,115,0.0886792129157294,0.111661487469596
20,25,0.44,0.09,-0.5,120,0.083905501854479,0.11338377835994
20,25,0.45,0.09,-0.5,60,0.0664093715886832,0.109382538894351
20,25,0.45,0.09,-0.5,65,0.0665348771902963,0.10851697138772
20,25,0.45,0.09,-0.5,70,0.0661226387766943,0.108548578457196
20,25,0.45,0.09,-0.5,75,0.0670271749298583,0.107995978041297
20,25,0.45,0.09,-0.5,80,0.0662739279546324,0.108584180713807
20,25,0.45,0.09,-0.5,85,0.0667309819106653,0.109380586208186
20,25,0.45,0.09,-0.5,90,0.0709246631456252,0.108907801072729
20,25,0.45,0.09,-0.5,95,0.0767899144527217,0.108947866638037
20,25,0.45,0.09,-0.5,100,0.0821108257493765,0.108580959789462
20,25,0.45,0.09,-0.5,105,0.0856316043704964,0.108032758270661
20,25,0.45,0.09,-0.5,110,0.0867236411638798,0.11001669849039
20,25,0.45,0.09,-0.5,115,0.0889043809358372,0.110936784113181
20,25,0.45,0.09,-0.5,120,0.0838350447557286,0.11273218525265
20,25,0.46,0.09,-0.5,60,0.066486823395298,0.109613693465357
20,25,0.46,0.09,-0.5,65,0.0668135940848418,0.1087193864588
20,25,0.46,0.09,-0.5,70,0.0665274034864921,0.10862883993074
20,25,0.46,0.09,-0.5,75,0.0675010140076936,0.108130784511835
20,25,0.46,0.09,-0.5,80,0.0668136572261287,0.108597466326509
20,25,0.46,0.09,-0.5,85,0.0673823612948344,0.10913523580971
20,25,0.46,0.09,-0.5,90,0.0713675089512796,0.108961047108558
20,25,0.46,0.09,-0.5,95,0.0773953250458789,0.108890614942088
20,25,0.46,0.09,-0.5,100,0.0824014397433424,0.108689628193946
20,25,0.46,0.09,-0.5,105,0.0861624644895138,0.108055631838305
20,25,0.46,0.09,-0.5,110,0.087115777044399,0.109942933807424
20,25,0.46,0.09,-0.5,115,0.0889564093225749,0.110951654931445
20,25,0.46,0.09,-0.5,120,0.0839124190458943,0.11261903583389
20,25,0.47,0.09,-0.5,60,0.0661745320995409,0.109418522101573
20,25,0.47,0.09,-0.5,65,0.0668651922466138,0.108707559476694
20,25,0.47,0.09,-0.5,70,0.0668324194389074,0.108407419977199
20,25,0.47,0.09,-0.5,75,0.0673325715521756,0.107897278794896
20,25,0.47,0.09,-0.5,80,0.0664408966969967,0.1084542786384
20,25,0.47,0.09,-0.5,85,0.0670488258277763,0.108853492705817
20,25,0.47,0.09,-0.5,90,0.0710069286998445,0.108775655294161
20,25,0.47,0.09,-0.5,95,0.0770748143041806,0.108920176562547
20,25,0.47,0.09,-0.5,100,0.0820869197139707,0.108658013985115
20,25,0.47,0.09,-0.5,105,0.085749662732681,0.108024234745868
20,25,0.47,0.09,-0.5,110,0.0866728905767371,0.110058400537436
20,25,0.47,0.09,-0.5,115,0.0886437867036002,0.111179874967441
20,25,0.47,0.09,-0.5,120,0.0837184901482193,0.112833378299427
20,25,0.48,0.09,-0.5,60,0.0651413702702085,0.109113295829777
20,25,0.48,0.09,-0.5,65,0.0659934188870533,0.108346059292529
20,25,0.48,0.09,-0.5,70,0.0660894153431687,0.107845914730378
20,25,0.48,0.09,-0.5,75,0.0665446704872933,0.107679107394135
20,25,0.48,0.09,-0.5,80,0.0656228306332739,0.10831624314484
20,25,0.48,0.09,-0.5,85,0.0665782187890313,0.108283102852884
20,25,0.48,0.09,-0.5,90,0.0707969747431042,0.1083808863635
20,25,0.48,0.09,-0.5,95,0.0767673017846822,0.108515978746942
20,25,0.48,0.09,-0.5,100,0.0819228502921874,0.108189416951184
20,25,0.48,0.09,-0.5,105,0.0856640891025659,0.107439045095936
20,25,0.48,0.09,-0.5,110,0.0863507554242941,0.109568920243687
20,25,0.48,0.09,-0.5,115,0.0881848476681832,0.111102923126559
20,25,0.48,0.09,-0.5,120,0.0830419478884022,0.11286577822648
20,25,0.49,0.09,-0.5,60,0.0647808306391084,0.108464603438642
20,25,0.49,0.09,-0.5,65,0.0656967719093973,0.107615896783769
20,25,0.49,0.09,-0.5,70,0.0658776061279813,0.107520316821527
20,25,0.49,0.09,-0.5,75,0.0661412701149434,0.107376158212197
20,25,0.49,0.09,-0.5,80,0.0652459260520765,0.108205492423739
20,25,0.49,0.09,-0.5,85,0.0666977716336199,0.108118056491901
20,25,0.49,0.09,-0.5,90,0.0711260309248849,0.108293246272423
20,25,0.49,0.09,-0.5,95,0.0771926122665922,0.108371434610037
20,25,0.49,0.09,-0.5,100,0.082072789500467,0.107991173086152
20,25,0.49,0.09,-0.5,105,0.0857311541021367,0.107541146326295
20,25,0.49,0.09,-0.5,110,0.0863378174546751,0.109552303528413
20,25,0.49,0.09,-0.5,115,0.0880654862942157,0.110903947632448
20,25,0.49,0.09,-0.5,120,0.0829788475941369,0.112789206805588
20,25,0.5,0.09,-0.5,60,0.0644450434485863,0.108417188232666
20,25,0.5,0.09,-0.5,65,0.0653538563877546,0.107344320296179
20,25,0.5,0.09,-0.5,70,0.0655429316459702,0.107656526164245
20,25,0.5,0.09,-0.5,75,0.066126406841862,0.107324401606608
20,25,0.5,0.09,-0.5,80,0.0650916139597941,0.108245754034951
20,25,0.5,0.09,-0.5,85,0.0665062473149727,0.108234949648073
20,25,0.5,0.09,-0.5,90,0.070990009707062,0.107886050875396
20,25,0.5,0.09,-0.5,95,0.077180334219077,0.107848547786575
20,25,0.5,0.09,-0.5,100,0.0820929365394705,0.107526441662796
20,25,0.5,0.09,-0.5,105,0.0856495035179461,0.107376599777984
20,25,0.5,0.09,-0.5,110,0.0862426396705572,0.109176243507663
20,25,0.5,0.09,-0.5,115,0.0878889449553028,0.11123626212174
20,25,0.5,0.09,-0.5,120,0.0831076996791736,0.113203056537262
20,25,0.51,0.09,-0.5,60,0.064051870766628,0.108322602641944
20,25,0.51,0.09,-0.5,65,0.0652423443888394,0.107151057017932
20,25,0.51,0.09,-0.5,70,0.0654279611772372,0.107667190561506
20,25,0.51,0.09,-0.5,75,0.0662412044695411,0.107286822319155
20,25,0.51,0.09,-0.5,80,0.0650519217801828,0.108404342465134
20,25,0.51,0.09,-0.5,85,0.0663507446517475,0.108366614779374
20,25,0.51,0.09,-0.5,90,0.070840866199113,0.107882123234709
20,25,0.51,0.09,-0.5,95,0.0769551346456796,0.107871549480752
20,25,0.51,0.09,-0.5,100,0.081860341322378,0.10745262581069
20,25,0.51,0.09,-0.5,105,0.085250025992962,0.107275533085054
20,25,0.51,0.09,-0.5,110,0.0861536476884398,0.108822825451825
20,25,0.51,0.09,-0.5,115,0.087400938422016,0.11152079776726
20,25,0.51,0.09,-0.5,120,0.0829472547263944,0.113514231147477
20,25,0.52,0.09,-0.5,60,0.0640981619331552,0.107826356205653
20,25,0.52,0.09,-0.5,65,0.0652463847110453,0.106472274835386
20,25,0.52,0.09,-0.5,70,0.0653363673679131,0.107266173647737
20,25,0.52,0.09,-0.5,75,0.0663802662656109,0.107038550114277
20,25,0.52,0.09,-0.5,80,0.0647501984764731,0.10833171958207
20,25,0.52,0.09,-0.5,85,0.0661889167540993,0.108092311501201
20,25,0.52,0.09,-0.5,90,0.0706313825111115,0.107510487450143
20,25,0.52,0.09,-0.5,95,0.0770673263546141,0.107426280755542
20,25,0.52,0.09,-0.5,100,0.0818756380092742,0.107070411522766
20,25,0.52,0.09,-0.5,105,0.0853686507473466,0.106918468355398
20,25,0.52,0.09,-0.5,110,0.086269462501385,0.108138894620836
20,25,0.52,0.09,-0.5,115,0.0872637692072084,0.110967167002564
20,25,0.52,0.09,-0.5,120,0.0827011292159656,0.112964448677549
20,25,0.53,0.09,-0.5,60,0.0645571809791212,0.107045927450185
20,25,0.53,0.09,-0.5,65,0.0656133422663657,0.105917699891405
20,25,0.53,0.09,-0.5,70,0.0656849714572673,0.107002810536272
20,25,0.53,0.09,-0.5,75,0.0664135744657355,0.106901348482138
20,25,0.53,0.09,-0.5,80,0.0647746817846585,0.107925857527629
20,25,0.53,0.09,-0.5,85,0.0661923722197778,0.107818955105503
20,25,0.53,0.09,-0.5,90,0.0706319262071142,0.106958839098569
20,25,0.53,0.09,-0.5,95,0.0772014401833779,0.106853371248546
20,25,0.53,0.09,-0.5,100,0.0819896121194692,0.106328994721583
20,25,0.53,0.09,-0.5,105,0.0854978542291105,0.1060566570514
20,25,0.53,0.09,-0.5,110,0.0864051115534869,0.107418611702343
20,25,0.53,0.09,-0.5,115,0.0873013998409621,0.110332195793674
20,25,0.53,0.09,-0.5,120,0.0830912444716974,0.112123649305692
20,25,0.54,0.09,-0.5,60,0.0643148553347391,0.106989151262502
20,25,0.54,0.09,-0.5,65,0.0652010319197572,0.106265419747006
20,25,0.54,0.09,-0.5,70,0.065249930475624,0.107161979535982
20,25,0.54,0.09,-0.5,75,0.0661430526824151,0.107090509217208
20,25,0.54,0.09,-0.5,80,0.064651318926044,0.107992119948753
20,25,0.54,0.09,-0.5,85,0.0659153032122313,0.108003225233397
20,25,0.54,0.09,-0.5,90,0.0702337801856989,0.107235763530845
20,25,0.54,0.09,-0.5,95,0.0767003044922717,0.107011375546503
20,25,0.54,0.09,-0.5,100,0.0818123561408503,0.106477269986493
20,25,0.54,0.09,-0.5,105,0.0852157623999934,0.106233698590837
20,25,0.54,0.09,-0.5,110,0.0860370872759922,0.107844280057743
20,25,0.54,0.09,-0.5,115,0.0868961858910688,0.11046615703479
20,25,0.54,0.09,-0.5,120,0.0827606590650213,0.111719884500052
20,25,0.55,0.09,-0.5,60,0.0639044436789399,0.107186514928973
20,25,0.55,0.09,-0.5,65,0.0648071086244263,0.106031583156828
20,25,0.55,0.09,-0.5,70,0.065176084782196,0.107233264740952
20,25,0.55,0.09,-0.5,75,0.0655731807350009,0.107340472698505
20,25,0.55,0.09,-0.5,80,0.0640359276141144,0.108520164797052
20,25,0.55,0.09,-0.5,85,0.0652719540425392,0.108544231889867
20,25,0.55,0.09,-0.5,90,0.0695390256800847,0.107564690045592
20,25,0.55,0.09,-0.5,95,0.0759661731140123,0.107286635336524
20,25,0.55,0.09,-0.5,100,0.0813651272746294,0.106855802574805
20,25,0.55,0.09,-0.5,105,0.0844687926133648,0.106846294460152
20,25,0.55,0.09,-0.5,110,0.0855100409494719,0.10899300919856
20,25,0.55,0.09,-0.5,115,0.0861447275642458,0.111285308459332
20,25,0.55,0.09,-0.5,120,0.0822606248491274,0.112675244136433
20,25,0.56,0.09,-0.5,60,0.0637417642462561,0.107011672437869
20,25,0.56,0.09,-0.5,65,0.0646599418084939,0.105889659941941
20,25,0.56,0.09,-0.5,70,0.0650523924092458,0.106963701294035
20,25,0.56,0.09,-0.5,75,0.0654044831713018,0.107082171856832
20,25,0.56,0.09,-0.5,80,0.063837613706316,0.108354423208388
20,25,0.56,0.09,-0.5,85,0.0649812542946187,0.108176208445756
20,25,0.56,0.09,-0.5,90,0.0696793947562644,0.107051216975442
20,25,0.56,0.09,-0.5,95,0.0762080017705726,0.106808608032599
20,25,0.56,0.09,-0.5,100,0.0811609794402775,0.106630258263975
20,25,0.56,0.09,-0.5,105,0.0845895257025067,0.106712395526687
20,25,0.56,0.09,-0.5,110,0.085726790509234,0.108498484072281
20,25,0.56,0.09,-0.5,115,0.0861221543935597,0.111237192179385
20,25,0.56,0.09,-0.5,120,0.08242529132496,0.11252352332731
20,25,0.57,0.09,-0.5,60,0.063654822537243,0.106418870799464
20,25,0.57,0.09,-0.5,65,0.0641928788484996,0.105635950522389
20,25,0.57,0.09,-0.5,70,0.0647511823510055,0.106636634032412
20,25,0.57,0.09,-0.5,75,0.0651932823946491,0.106449519633061
20,25,0.57,0.09,-0.5,80,0.0639894523191834,0.107917508454836
20,25,0.57,0.09,-0.5,85,0.0650737257378851,0.107840104042714
20,25,0.57,0.09,-0.5,90,0.0698768142285217,0.10671360341116
20,25,0.57,0.09,-0.5,95,0.0761218115709034,0.106614802032777
20,25,0.57,0.09,-0.5,100,0.0811900559590646,0.106147120208463
20,25,0.57,0.09,-0.5,105,0.0845955468431145,0.106042201208223
20,25,0.57,0.09,-0.5,110,0.0857508378378915,0.10773726845361
20,25,0.57,0.09,-0.5,115,0.0862004135710209,0.110456545169889
20,25,0.57,0.09,-0.5,120,0.0824885894485895,0.111826497386635
20,25,0.58,0.09,-0.5,60,0.0635673958165056,0.106184225478648
20,25,0.58,0.09,-0.5,65,0.0638816495365659,0.105467392504228
20,25,0.58,0.09,-0.5,70,0.0642376972267113,0.106104658365015
20,25,0.58,0.09,-0.5,75,0.0647190610672964,0.106588656719047
20,25,0.58,0.09,-0.5,80,0.063543421286293,0.108025915602507
20,25,0.58,0.09,-0.5,85,0.0644281086629276,0.107988361403892
20,25,0.58,0.09,-0.5,90,0.0690187715806974,0.106795242653295
20,25,0.58,0.09,-0.5,95,0.0751357741333962,0.107121822271841
20,25,0.58,0.09,-0.5,100,0.0804488460120482,0.106481740298973
20,25,0.58,0.09,-0.5,105,0.083565469117741,0.106406603408274
20,25,0.58,0.09,-0.5,110,0.0848639568225213,0.107970629456737
20,25,0.58,0.09,-0.5,115,0.085590438661704,0.110647208341659
20,25,0.58,0.09,-0.5,120,0.0821635166526773,0.111939824744814
20,25,0.59,0.09,-0.5,60,0.0632185875544031,0.105833831485234
20,25,0.59,0.09,-0.5,65,0.0635219498260483,0.105117088647093
20,25,0.59,0.09,-0.5,70,0.063897059871613,0.105780329633877
20,25,0.59,0.09,-0.5,75,0.0643115190454833,0.106610214794247
20,25,0.59,0.09,-0.5,80,0.0630985394303477,0.108056895959249
20,25,0.59,0.09,-0.5,85,0.0638362796645583,0.107922167948939
20,25,0.59,0.09,-0.5,90,0.0686400374507253,0.106426560109628
20,25,0.59,0.09,-0.5,95,0.0748075248405213,0.106516922730378
20,25,0.59,0.09,-0.5,100,0.0799946291923175,0.106264172672782
20,25,0.59,0.09,-0.5,105,0.0828522942532298,0.106155921790454
20,25,0.59,0.09,-0.5,110,0.0842406619241292,0.107760645084008
20,25,0.59,0.09,-0.5,115,0.0847712272824582,0.110156692608307
20,25,0.59,0.09,-0.5,120,0.0815783954740936,0.111495629472747
20,25,0.6,0.09,-0.5,60,0.0631028061937926,0.10472102644545
20,25,0.6,0.09,-0.5,65,0.063405631252788,0.104338125494558
20,25,0.6,0.09,-0.5,70,0.0637838210771217,0.104925782917088
20,25,0.6,0.09,-0.5,75,0.0644318948724012,0.105595552676369
20,25,0.6,0.09,-0.5,80,0.0631309512079499,0.107128120372553
20,25,0.6,0.09,-0.5,85,0.063682659694694,0.107020201337322
20,25,0.6,0.09,-0.5,90,0.0685763112280462,0.105596755845439
20,25,0.6,0.09,-0.5,95,0.0745672990226721,0.105611186043382
20,25,0.6,0.09,-0.5,100,0.0798023894153049,0.105303288412014
20,25,0.6,0.09,-0.5,105,0.082717876915892,0.105363028862015
20,25,0.6,0.09,-0.5,110,0.0838697501767724,0.10707118091592
20,25,0.6,0.09,-0.5,115,0.0848116611611967,0.109007449000491
20,25,0.6,0.09,-0.5,120,0.0814584952567312,0.110146569106349
20,25,0.61,0.09,-0.5,60,0.0627714012789335,0.104704570046921
20,25,0.61,0.09,-0.5,65,0.0630661707117154,0.10455150199695
20,25,0.61,0.09,-0.5,70,0.0636657505078939,0.104684133739051
20,25,0.61,0.09,-0.5,75,0.0645438642301579,0.104608483370034
20,25,0.61,0.09,-0.5,80,0.0633525060326768,0.106189399905544
20,25,0.61,0.09,-0.5,85,0.0634238617688135,0.106656970029964
20,25,0.61,0.09,-0.5,90,0.068261265269856,0.105166625380061
20,25,0.61,0.09,-0.5,95,0.0743409308528524,0.105143908607022
20,25,0.61,0.09,-0.5,100,0.0794412779545498,0.104818372881893
20,25,0.61,0.09,-0.5,105,0.0818122674293204,0.104922438922164
20,25,0.61,0.09,-0.5,110,0.0826522285166544,0.10697171162483
20,25,0.61,0.09,-0.5,115,0.0839553077063549,0.108571070847591
20,25,0.61,0.09,-0.5,120,0.0804597439917036,0.109843578098007
20,25,0.62,0.09,-0.5,60,0.0624319443701076,0.104313936627752
20,25,0.62,0.09,-0.5,65,0.0625101482875555,0.104333407188777
20,25,0.62,0.09,-0.5,70,0.0629079384572464,0.10454094814884
20,25,0.62,0.09,-0.5,75,0.0637694157795701,0.104500233038761
20,25,0.62,0.09,-0.5,80,0.0628359499843873,0.105793762949175
20,25,0.62,0.09,-0.5,85,0.0628653825416146,0.10628566227795
20,25,0.62,0.09,-0.5,90,0.0675316747853291,0.104832890595066
20,25,0.62,0.09,-0.5,95,0.0736295505663126,0.104917297186522
20,25,0.62,0.09,-0.5,100,0.0785623921851158,0.104562433886403
20,25,0.62,0.09,-0.5,105,0.0811621895229297,0.10477680403759
20,25,0.62,0.09,-0.5,110,0.0820926111594394,0.106843517909023
20,25,0.62,0.09,-0.5,115,0.0832019444702874,0.108490663156305
20,25,0.62,0.09,-0.5,120,0.0798903604464361,0.10965985741613
20,25,0.63,0.09,-0.5,60,0.0617219192806621,0.103850880054597
20,25,0.63,0.09,-0.5,65,0.0618878260382894,0.103670420879952
20,25,0.63,0.09,-0.5,70,0.062022909021808,0.104063280933898
20,25,0.63,0.09,-0.5,75,0.0628827289328717,0.10434276900139
20,25,0.63,0.09,-0.5,80,0.061945335285557,0.105514155102367
20,25,0.63,0.09,-0.5,85,0.0620864382028512,0.105642472637253
20,25,0.63,0.09,-0.5,90,0.0667394658433831,0.104146914296579
20,25,0.63,0.09,-0.5,95,0.0727591007002828,0.104101456392008
20,25,0.63,0.09,-0.5,100,0.0776118671240277,0.103810046227909
20,25,0.63,0.09,-0.5,105,0.0799833551435304,0.104271077714433
20,25,0.63,0.09,-0.5,110,0.0806604471662944,0.106463614372773
20,25,0.63,0.09,-0.5,115,0.0818858408497052,0.107655412912203
20,25,0.63,0.09,-0.5,120,0.0789348389283121,0.108670730145863
20,25,0.64,0.09,-0.5,60,0.0609882351054955,0.103694019635607
20,25,0.64,0.09,-0.5,65,0.0611631097554236,0.10367482648133
20,25,0.64,0.09,-0.5,70,0.0612178917898246,0.104031479506761
20,25,0.64,0.09,-0.5,75,0.0620368204327745,0.104217856492751
20,25,0.64,0.09,-0.5,80,0.0614096592915597,0.10501975229888
20,25,0.64,0.09,-0.5,85,0.0618378589788811,0.104966093032781
20,25,0.64,0.09,-0.5,90,0.0663908243763354,0.103777289237262
20,25,0.64,0.09,-0.5,95,0.0722336509259729,0.103593284155345
20,25,0.64,0.09,-0.5,100,0.077233724873185,0.103355403755425
20,25,0.64,0.09,-0.5,105,0.0796173853747903,0.104035998529205
20,25,0.64,0.09,-0.5,110,0.0802013795038275,0.106274665538114
20,25,0.64,0.09,-0.5,115,0.0810396462342967,0.107547120522441
20,25,0.64,0.09,-0.5,120,0.078344834325713,0.108722823033188
20,25,0.65,0.09,-0.5,60,0.0601787469889346,0.103410976241232
20,25,0.65,0.09,-0.5,65,0.0605891629959158,0.103431097826326
20,25,0.65,0.09,-0.5,70,0.0608218409030243,0.104041489188818
20,25,0.65,0.09,-0.5,75,0.0615215427724779,0.104262755539296
20,25,0.65,0.09,-0.5,80,0.0611169528912417,0.105066724088216
20,25,0.65,0.09,-0.5,85,0.061533400531892,0.104836521130859
20,25,0.65,0.09,-0.5,90,0.0662665311709318,0.103514934611369
20,25,0.65,0.09,-0.5,95,0.07189778093744,0.103442519137158
20,25,0.65,0.09,-0.5,100,0.0766775520691201,0.103261207862932
20,25,0.65,0.09,-0.5,105,0.0791764558371802,0.103677463111003
20,25,0.65,0.09,-0.5,110,0.0797848026352307,0.10592015065713
20,25,0.65,0.09,-0.5,115,0.0803961028136044,0.107298521153537
20,25,0.65,0.09,-0.5,120,0.0779152922897631,0.108196544008555
20,25,0.66,0.09,-0.5,60,0.059941631629703,0.102702769823234
20,25,0.66,0.09,-0.5,65,0.0601477204292888,0.102779058930341
20,25,0.66,0.09,-0.5,70,0.0602349041116001,0.103336464113327
20,25,0.66,0.09,-0.5,75,0.0613516431458658,0.103720222268651
20,25,0.66,0.09,-0.5,80,0.0605494816642829,0.104566907692029
20,25,0.66,0.09,-0.5,85,0.0612287472222777,0.104254885704613
20,25,0.66,0.09,-0.5,90,0.0658248733311428,0.103185030327224
20,25,0.66,0.09,-0.5,95,0.0715133411257937,0.103186385699327
20,25,0.66,0.09,-0.5,100,0.0759944361281964,0.102919135224051
20,25,0.66,0.09,-0.5,105,0.0785483938518452,0.103137829693858
20,25,0.66,0.09,-0.5,110,0.0789946808673242,0.105516215868988
20,25,0.66,0.09,-0.5,115,0.0798415340595543,0.106641062568414
20,25,0.66,0.09,-0.5,120,0.0774463257111001,0.107835456362138
20,25,0.67,0.09,-0.5,60,0.0598376201827061,0.102134296708486
20,25,0.67,0.09,-0.5,65,0.0602045305085815,0.102537235270423
20,25,0.67,0.09,-0.5,70,0.0603509393639388,0.102849329321661
20,25,0.67,0.09,-0.5,75,0.0612494937405238,0.103120614900629
20,25,0.67,0.09,-0.5,80,0.0601819594338245,0.104018249144295
20,25,0.67,0.09,-0.5,85,0.0612575497732951,0.103497490569138
20,25,0.67,0.09,-0.5,90,0.065918325005315,0.102776115750356
20,25,0.67,0.09,-0.5,95,0.0715879677159462,0.102535802879655
20,25,0.67,0.09,-0.5,100,0.0761064070692062,0.102328279521682
20,25,0.67,0.09,-0.5,105,0.0783533494237724,0.102693116498801
20,25,0.67,0.09,-0.5,110,0.0786090117427438,0.105015492418524
20,25,0.67,0.09,-0.5,115,0.0795552173574074,0.106090589986758
20,25,0.67,0.09,-0.5,120,0.0771446764064677,0.107148088828641
20,25,0.68,0.09,-0.5,60,0.0589842770051803,0.101718079353153
20,25,0.68,0.09,-0.5,65,0.0596320488192058,0.102074796132977
20,25,0.68,0.09,-0.5,70,0.0599046353745473,0.102116848461656
20,25,0.68,0.09,-0.5,75,0.0605481728488689,0.102619223284655
20,25,0.68,0.09,-0.5,80,0.0596762441316874,0.103749864555593
20,25,0.68,0.09,-0.5,85,0.0607994078938755,0.103093568528229
20,25,0.68,0.09,-0.5,90,0.0654951396068671,0.102557573497881
20,25,0.68,0.09,-0.5,95,0.0712299301691318,0.102310614562977
20,25,0.68,0.09,-0.5,100,0.0753972290904244,0.102182585386568
20,25,0.68,0.09,-0.5,105,0.0775911752118643,0.102501056404165
20,25,0.68,0.09,-0.5,110,0.07832943563492,0.104512289652836
20,25,0.68,0.09,-0.5,115,0.0791055056977286,0.105726864500406
20,25,0.68,0.09,-0.5,120,0.0766402999716985,0.106618531280051
20,25,0.69,0.09,-0.5,60,0.0591814913905841,0.101272940132205
20,25,0.69,0.09,-0.5,65,0.0597463459002484,0.102026473674325
20,25,0.69,0.09,-0.5,70,0.0596827415206581,0.102079065091406
20,25,0.69,0.09,-0.5,75,0.0603569340867308,0.102531340018394
20,25,0.69,0.09,-0.5,80,0.0596187084010164,0.103845959568948
20,25,0.69,0.09,-0.5,85,0.060935908340925,0.103475388424899
20,25,0.69,0.09,-0.5,90,0.0655149650653518,0.103070749341853
20,25,0.69,0.09,-0.5,95,0.0709766193120512,0.10262820781184
20,25,0.69,0.09,-0.5,100,0.07530724655493,0.102261799587792
20,25,0.69,0.09,-0.5,105,0.0775257265612307,0.102603199297387
20,25,0.69,0.09,-0.5,110,0.0781015095600325,0.104709994078469
20,25,0.69,0.09,-0.5,115,0.0791507249048623,0.10590321322645
20,25,0.69,0.09,-0.5,120,0.0766249772764937,0.107127725616717
20,25,0.7,0.09,-0.5,60,0.0581879442958362,0.100325388286414
20,25,0.7,0.09,-0.5,65,0.0588488803792132,0.10064088806977
20,25,0.7,0.09,-0.5,70,0.0591510836350334,0.100831573566771
20,25,0.7,0.09,-0.5,75,0.0595791533505074,0.101259429527888
20,25,0.7,0.09,-0.5,80,0.0587812836487954,0.102597119247634
20,25,0.7,0.09,-0.5,85,0.0602230341907223,0.101957758339018
20,25,0.7,0.09,-0.5,90,0.0645753228152336,0.101884305902792
20,25,0.7,0.09,-0.5,95,0.069987745813254,0.10147837252895
20,25,0.7,0.09,-0.5,100,0.0743028400968156,0.101052729596478
20,25,0.7,0.09,-0.5,105,0.0766951173760681,0.101349426105502
20,25,0.7,0.09,-0.5,110,0.0772557623814765,0.103296180188098
20,25,0.7,0.09,-0.5,115,0.0784203920795978,0.104504872670578
20,25,0.7,0.09,-0.5,120,0.0759685595751784,0.105881325487195
20,25,0.71,0.09,-0.5,60,0.0573452063104671,0.100017221279523
20,25,0.71,0.09,-0.5,65,0.0580768841537224,0.100346866230506
20,25,0.71,0.09,-0.5,70,0.0585126861293372,0.100324041336326
20,25,0.71,0.09,-0.5,75,0.0586309459602899,0.100597895403115
20,25,0.71,0.09,-0.5,80,0.0576210481954075,0.101893163360404
20,25,0.71,0.09,-0.5,85,0.0590183047922952,0.101062760824925
20,25,0.71,0.09,-0.5,90,0.0635861106127339,0.100909080254655
20,25,0.71,0.09,-0.5,95,0.0690381421916865,0.100666628960598
20,25,0.71,0.09,-0.5,100,0.0732568882651202,0.100369344978457
20,25,0.71,0.09,-0.5,105,0.0761033500024379,0.100783799341556
20,25,0.71,0.09,-0.5,110,0.0763915381464232,0.102500886445981
20,25,0.71,0.09,-0.5,115,0.0774710617550741,0.103812566045541
20,25,0.71,0.09,-0.5,120,0.0751442057442514,0.105011647769844
20,25,0.72,0.09,-0.5,60,0.0566108271287306,0.0995640766405371
20,25,0.72,0.09,-0.5,65,0.0574923849666107,0.0999229867034144
20,25,0.72,0.09,-0.5,70,0.0577839913833043,0.100195891544952
20,25,0.72,0.09,-0.5,75,0.0577974623162587,0.100102950649459
20,25,0.72,0.09,-0.5,80,0.05711280757644,0.101594406962878
20,25,0.72,0.09,-0.5,85,0.0583822197250973,0.100983444780866
20,25,0.72,0.09,-0.5,90,0.0628222661536428,0.101001432336975
20,25,0.72,0.09,-0.5,95,0.0686488574259779,0.100541499807957
20,25,0.72,0.09,-0.5,100,0.0724863871600238,0.100314543405261
20,25,0.72,0.09,-0.5,105,0.0753139346540763,0.100880662354651
20,25,0.72,0.09,-0.5,110,0.0754934313517328,0.102601763295737
20,25,0.72,0.09,-0.5,115,0.0766206225125277,0.103498825348497
20,25,0.72,0.09,-0.5,120,0.0745084027664602,0.104845813170291
20,25,0.73,0.09,-0.5,60,0.0561620768816858,0.0992263772105441
20,25,0.73,0.09,-0.5,65,0.0570857348762572,0.099486387543587
20,25,0.73,0.09,-0.5,70,0.0573881506849979,0.0996402957256761
20,25,0.73,0.09,-0.5,75,0.0573861724179128,0.099608476132809
20,25,0.73,0.09,-0.5,80,0.0566129930402195,0.10138250495332
20,25,0.73,0.09,-0.5,85,0.0578873432761068,0.100703950627055
20,25,0.73,0.09,-0.5,90,0.0623141981286732,0.100665692910017
20,25,0.73,0.09,-0.5,95,0.0679481872742871,0.100446817152636
20,25,0.73,0.09,-0.5,100,0.0718378488146617,0.10014564935337
20,25,0.73,0.09,-0.5,105,0.0748670902617191,0.100377656340224
20,25,0.73,0.09,-0.5,110,0.0749518677883871,0.102265789126648
20,25,0.73,0.09,-0.5,115,0.0762829207324886,0.102922601894359
20,25,0.73,0.09,-0.5,120,0.0740724901768859,0.104358457988453
20,25,0.74,0.09,-0.5,60,0.0555094854235094,0.0980764174071737
20,25,0.74,0.09,-0.5,65,0.0564033283453506,0.0982178914994974
20,25,0.74,0.09,-0.5,70,0.05694044151474,0.098311231169365
20,25,0.74,0.09,-0.5,75,0.0570859156057394,0.0982170073301943
20,25,0.74,0.09,-0.5,80,0.0561857454749955,0.0996867274625118
20,25,0.74,0.09,-0.5,85,0.0576043271255923,0.099350288276107
20,25,0.74,0.09,-0.5,90,0.0617732460156475,0.0997529932071938
20,25,0.74,0.09,-0.5,95,0.0675173446533731,0.0992651075050768
20,25,0.74,0.09,-0.5,100,0.0713498672599295,0.0990360203159787
20,25,0.74,0.09,-0.5,105,0.0743256999355425,0.0994915691137893
20,25,0.74,0.09,-0.5,110,0.0742799925599603,0.101247818682154
20,25,0.74,0.09,-0.5,115,0.0752766753218093,0.102057798995585
20,25,0.74,0.09,-0.5,120,0.0734406625717443,0.103106288816057
20,25,0.75,0.09,-0.5,60,0.0547879871498119,0.0968712060448248
20,25,0.75,0.09,-0.5,65,0.0556231137967628,0.096992648218559
20,25,0.75,0.09,-0.5,70,0.0562399386990149,0.0974276708521226
20,25,0.75,0.09,-0.5,75,0.0565587329058638,0.097487759773658
20,25,0.75,0.09,-0.5,80,0.0556289583987794,0.0990173139622575
20,25,0.75,0.09,-0.5,85,0.0570882116868667,0.09876875636076
20,25,0.75,0.09,-0.5,90,0.0613027739011235,0.0988829555150801
20,25,0.75,0.09,-0.5,95,0.0668289364229968,0.0983400315905341
20,25,0.75,0.09,-0.5,100,0.0706823658287729,0.0983363474503824
20,25,0.75,0.09,-0.5,105,0.0739753153933452,0.0986587947182046
20,25,0.75,0.09,-0.5,110,0.0738957511512052,0.100614137320163
20,25,0.75,0.09,-0.5,115,0.0750991781732737,0.101362387141007
20,25,0.75,0.09,-0.5,120,0.0730402033893907,0.102348500000922
20,25,0.76,0.09,-0.5,60,0.0539897597014487,0.0960807722446063
20,25,0.76,0.09,-0.5,65,0.0548443042234488,0.0963775078032858
20,25,0.76,0.09,-0.5,70,0.0555823056458259,0.0967987458388282
20,25,0.76,0.09,-0.5,75,0.0558817344629746,0.0967934252225718
20,25,0.76,0.09,-0.5,80,0.0550305460391932,0.0978341401503369
20,25,0.76,0.09,-0.5,85,0.0565955538163221,0.0977457073727441
20,25,0.76,0.09,-0.5,90,0.0606236658371817,0.098098424077927
20,25,0.76,0.09,-0.5,95,0.0661895925945013,0.0978450943959975
20,25,0.76,0.09,-0.5,100,0.0701003569584245,0.0977964761339227
20,25,0.76,0.09,-0.5,105,0.0734439019547679,0.0983506836218563
20,25,0.76,0.09,-0.5,110,0.0733704906330045,0.100051648249531
20,25,0.76,0.09,-0.5,115,0.074624763310141,0.100852063159395
20,25,0.76,0.09,-0.5,120,0.0724825293430833,0.102227368216345
20,25,0.77,0.09,-0.5,60,0.0527886613384195,0.0954869040901892
20,25,0.77,0.09,-0.5,65,0.0536509123599728,0.0958902283227209
20,25,0.77,0.09,-0.5,70,0.054529157751533,0.0961288051501923
20,25,0.77,0.09,-0.5,75,0.0547697483617704,0.0962957964163501
20,25,0.77,0.09,-0.5,80,0.0538869210425217,0.0974283574023173
20,25,0.77,0.09,-0.5,85,0.0556154569811919,0.0972846979426161
20,25,0.77,0.09,-0.5,90,0.0596331684238695,0.0975558898968449
20,25,0.77,0.09,-0.5,95,0.0651370389557976,0.0971789609284042
20,25,0.77,0.09,-0.5,100,0.0689371181407585,0.0971330439366122
20,25,0.77,0.09,-0.5,105,0.0724644240188315,0.0976257367039635
20,25,0.77,0.09,-0.5,110,0.0720236533442014,0.0994178213788794
20,25,0.77,0.09,-0.5,115,0.0736275167634971,0.100012713803137
20,25,0.77,0.09,-0.5,120,0.07137798715012,0.101173077877029
20,25,0.78,0.09,-0.5,60,0.051530703037857,0.0950746965843133
20,25,0.78,0.09,-0.5,65,0.0526151475925369,0.095279960601888
20,25,0.78,0.09,-0.5,70,0.0536394382579426,0.0953957111768922
20,25,0.78,0.09,-0.5,75,0.0539609244368826,0.0958103038849969
20,25,0.78,0.09,-0.5,80,0.0530516679243109,0.0967844707628843
20,25,0.78,0.09,-0.5,85,0.054758218963122,0.0970789954427896
20,25,0.78,0.09,-0.5,90,0.0587730139460722,0.0972284391345144
20,25,0.78,0.09,-0.5,95,0.064235339706513,0.096902929598482
20,25,0.78,0.09,-0.5,100,0.0678171256186648,0.0967694835466265
20,25,0.78,0.09,-0.5,105,0.0712262154650286,0.0975419778692181
20,25,0.78,0.09,-0.5,110,0.070831078074313,0.0991771156171856
20,25,0.78,0.09,-0.5,115,0.072758282201582,0.0995500135661024
20,25,0.78,0.09,-0.5,120,0.0705607784956324,0.100716062978973
20,25,0.79,0.09,-0.5,60,0.0505477735187528,0.0944411467544553
20,25,0.79,0.09,-0.5,65,0.0517448942263117,0.0945185237598425
20,25,0.79,0.09,-0.5,70,0.0528574218483174,0.0947385673769199
20,25,0.79,0.09,-0.5,75,0.0532089750798568,0.0949681206402199
20,25,0.79,0.09,-0.5,80,0.0522063437800891,0.0959128779786201
20,25,0.79,0.09,-0.5,85,0.0537148972045171,0.0962544024238405
20,25,0.79,0.09,-0.5,90,0.057900183337296,0.0961924123432515
20,25,0.79,0.09,-0.5,95,0.0629191466285645,0.0959805326414186
20,25,0.79,0.09,-0.5,100,0.0664940415810392,0.0959679994778391
20,25,0.79,0.09,-0.5,105,0.0698797696628829,0.0968282569393744
20,25,0.79,0.09,-0.5,110,0.0695866168453619,0.0985869243998821
20,25,0.79,0.09,-0.5,115,0.071238249114429,0.099191516481556
20,25,0.79,0.09,-0.5,120,0.0692696594320085,0.100245938713674
20,25,0.8,0.09,-0.5,60,0.0498687600405844,0.0936178400753147
20,25,0.8,0.09,-0.5,65,0.0509904278576717,0.0936386758517344
20,25,0.8,0.09,-0.5,70,0.0519412260007181,0.0938571032968927
20,25,0.8,0.09,-0.5,75,0.052345303069128,0.0939287681094654
20,25,0.8,0.09,-0.5,80,0.0514187191856852,0.0953575843075043
20,25,0.8,0.09,-0.5,85,0.0529202034448737,0.0956197622073272
20,25,0.8,0.09,-0.5,90,0.0570174059757867,0.0956180032980693
20,25,0.8,0.09,-0.5,95,0.0622310897606013,0.0950767454569502
20,25,0.8,0.09,-0.5,100,0.0654034101102391,0.0956075475585454
20,25,0.8,0.09,-0.5,105,0.0687708303644145,0.0963714847469758
20,25,0.8,0.09,-0.5,110,0.0683304406988171,0.0981836411750164
20,25,0.8,0.09,-0.5,115,0.069718311494354,0.0987161747864878
20,25,0.8,0.09,-0.5,120,0.0680097814953995,0.0998408577147906
20,25,0.81,0.09,-0.5,60,0.0490740916873748,0.0923778009622308
20,25,0.81,0.09,-0.5,65,0.0502492661670677,0.0929099139735119
20,25,0.81,0.09,-0.5,70,0.051271471179072,0.0930788177984733
20,25,0.81,0.09,-0.5,75,0.0520706809117562,0.0930098544087354
20,25,0.81,0.09,-0.5,80,0.051240053818865,0.0946221502876184
20,25,0.81,0.09,-0.5,85,0.0525915816667732,0.0947525971789081
20,25,0.81,0.09,-0.5,90,0.056667978468343,0.0947457067071453
20,25,0.81,0.09,-0.5,95,0.061635227462638,0.0942043245428346
20,25,0.81,0.09,-0.5,100,0.0647338752615604,0.0950626513233278
20,25,0.81,0.09,-0.5,105,0.0681554849445691,0.0957993645289365
20,25,0.81,0.09,-0.5,110,0.0677681255850365,0.0978250672502957
20,25,0.81,0.09,-0.5,115,0.0691816051354987,0.0982221139445634
20,25,0.81,0.09,-0.5,120,0.0676868047858008,0.0992508718382055
20,25,0.82,0.09,-0.5,60,0.0485471212099896,0.0914018208024257
20,25,0.82,0.09,-0.5,65,0.0494516284383634,0.091933861306785
20,25,0.82,0.09,-0.5,70,0.050365052950078,0.092349831860172
20,25,0.82,0.09,-0.5,75,0.0516320290853237,0.0921906538308
20,25,0.82,0.09,-0.5,80,0.0508194026120118,0.0938181372068424
20,25,0.82,0.09,-0.5,85,0.0518887532859923,0.0940646256065215
20,25,0.82,0.09,-0.5,90,0.0557276239493419,0.0941044713377643
20,25,0.82,0.09,-0.5,95,0.0606776534299667,0.0934921529191392
20,25,0.82,0.09,-0.5,100,0.0638603197956802,0.0942888788058659
20,25,0.82,0.09,-0.5,105,0.0674151844629896,0.0949988415341219
20,25,0.82,0.09,-0.5,110,0.0668512977452411,0.097054372959084
20,25,0.82,0.09,-0.5,115,0.0683835042708963,0.0974744475321322
20,25,0.82,0.09,-0.5,120,0.0672058188318781,0.0984199132231214
20,25,0.83,0.09,-0.5,60,0.0469996766785387,0.0902490005695334
20,25,0.83,0.09,-0.5,65,0.0479259248983898,0.0909673667513952
20,25,0.83,0.09,-0.5,70,0.0486457832077365,0.0915402697508674
20,25,0.83,0.09,-0.5,75,0.0501050854546404,0.0914037057529016
20,25,0.83,0.09,-0.5,80,0.0493022441256704,0.0935096201503028
20,25,0.83,0.09,-0.5,85,0.0505743951295652,0.0934282576993897
20,25,0.83,0.09,-0.5,90,0.0543047490429357,0.0935511092774894
20,25,0.83,0.09,-0.5,95,0.0589736027820152,0.0931935815541027
20,25,0.83,0.09,-0.5,100,0.0621101296255722,0.0942428277483859
20,25,0.83,0.09,-0.5,105,0.0656677933151322,0.0949202666229734
20,25,0.83,0.09,-0.5,110,0.0652131609795884,0.0969385103163893
20,25,0.83,0.09,-0.5,115,0.0664510280506041,0.097479404179791
20,25,0.83,0.09,-0.5,120,0.0653199676091804,0.0987008116598852
20,25,0.84,0.09,-0.5,60,0.0454533246272463,0.089800580236292
20,25,0.84,0.09,-0.5,65,0.0462091191397338,0.0904663152299977
20,25,0.84,0.09,-0.5,70,0.047147200448631,0.0909125052018342
20,25,0.84,0.09,-0.5,75,0.0486845203695646,0.0908897617957127
20,25,0.84,0.09,-0.5,80,0.0478304593024029,0.0930781968876025
20,25,0.84,0.09,-0.5,85,0.048887439871129,0.0931282603041436
20,25,0.84,0.09,-0.5,90,0.0525692915670378,0.0933924446227689
20,25,0.84,0.09,-0.5,95,0.0570266909944396,0.0931569981423423
20,25,0.84,0.09,-0.5,100,0.0601545798020622,0.0941077967619585
20,25,0.84,0.09,-0.5,105,0.063613423139349,0.0947310934498802
20,25,0.84,0.09,-0.5,110,0.0633999336716089,0.0967686391289892
20,25,0.84,0.09,-0.5,115,0.0647640744767266,0.0972166457676766
20,25,0.84,0.09,-0.5,120,0.0637559398721645,0.0986231836695528
20,25,0.85,0.09,-0.5,60,0.0443964015940463,0.0887143528024814
20,25,0.85,0.09,-0.5,65,0.045338308163034,0.089322922976416
20,25,0.85,0.09,-0.5,70,0.0459946275593858,0.0895972282232188
20,25,0.85,0.09,-0.5,75,0.0475936490495756,0.0900665275411717
20,25,0.85,0.09,-0.5,80,0.0468873808489754,0.0919447762304129
20,25,0.85,0.09,-0.5,85,0.04810832658138,0.0919336591199247
20,25,0.85,0.09,-0.5,90,0.051411890661612,0.0922327909584825
20,25,0.85,0.09,-0.5,95,0.055785028157967,0.092009090055951
20,25,0.85,0.09,-0.5,100,0.0587436535873187,0.0929956216921479
20,25,0.85,0.09,-0.5,105,0.062553590787264,0.093095463648567
20,25,0.85,0.09,-0.5,110,0.0625574824538212,0.0951574706115654
20,25,0.85,0.09,-0.5,115,0.0638526948189949,0.0959992675308263
20,25,0.85,0.09,-0.5,120,0.0628799756389497,0.0972544637843152
20,25,0.86,0.09,-0.5,60,0.043198648884152,0.0874408135421877
20,25,0.86,0.09,-0.5,65,0.0442407435888682,0.0880374491636746
20,25,0.86,0.09,-0.5,70,0.0450376677604222,0.0883748837424678
20,25,0.86,0.09,-0.5,75,0.0467310235030984,0.0888139573461568
20,25,0.86,0.09,-0.5,80,0.0461280839361824,0.0908717226485491
20,25,0.86,0.09,-0.5,85,0.0472934260108145,0.0908769124573645
20,25,0.86,0.09,-0.5,90,0.0505561026217349,0.0909727472274971
20,25,0.86,0.09,-0.5,95,0.0545965518547337,0.0908312456884151
20,25,0.86,0.09,-0.5,100,0.0573857322565923,0.0916439990143373
20,25,0.86,0.09,-0.5,105,0.0610732224776962,0.0918315357984588
20,25,0.86,0.09,-0.5,110,0.0611946483183925,0.094029434461724
20,25,0.86,0.09,-0.5,115,0.0623432611126804,0.0948050387730385
20,25,0.86,0.09,-0.5,120,0.0613574698285064,0.0958918300709492
20,25,0.87,0.09,-0.5,60,0.0417404901426701,0.085621268451037
20,25,0.87,0.09,-0.5,65,0.0427457121065615,0.0862243058333563
20,25,0.87,0.09,-0.5,70,0.0434204615441712,0.0863062253335708
20,25,0.87,0.09,-0.5,75,0.0449333385693641,0.0868222332742679
20,25,0.87,0.09,-0.5,80,0.0444861888544098,0.0886066005713434
20,25,0.87,0.09,-0.5,85,0.0455964394148206,0.0888170884806558
20,25,0.87,0.09,-0.5,90,0.0489408945405286,0.0892012218952631
20,25,0.87,0.09,-0.5,95,0.0529302264252533,0.0891277854030984
20,25,0.87,0.09,-0.5,100,0.0558191888361264,0.0897660443966979
20,25,0.87,0.09,-0.5,105,0.0594740363787532,0.0895389650162399
20,25,0.87,0.09,-0.5,110,0.0598021674004542,0.0916656438303935
20,25,0.87,0.09,-0.5,115,0.0606945769297007,0.0927569050274534
20,25,0.87,0.09,-0.5,120,0.0597730381083711,0.094149945532855
20,25,0.88,0.09,-0.5,60,0.0408341368468059,0.0833545709352799
20,25,0.88,0.09,-0.5,65,0.0416008452804844,0.0839715400148928
20,25,0.88,0.09,-0.5,70,0.042369497891068,0.0842572544893422
20,25,0.88,0.09,-0.5,75,0.0437413901995634,0.0846393904192714
20,25,0.88,0.09,-0.5,80,0.0435645052827782,0.0864623830310846
20,25,0.88,0.09,-0.5,85,0.0446256483211502,0.08687262616789
20,25,0.88,0.09,-0.5,90,0.0478953924680671,0.0873577622496874
20,25,0.88,0.09,-0.5,95,0.0519250742320057,0.0872970338651313
20,25,0.88,0.09,-0.5,100,0.0545481964053992,0.0882273380014028
20,25,0.88,0.09,-0.5,105,0.0581631839809212,0.0880525553808117
20,25,0.88,0.09,-0.5,110,0.0586903564315803,0.089958174686516
20,25,0.88,0.09,-0.5,115,0.0596285977115034,0.0906959535636602
20,25,0.88,0.09,-0.5,120,0.0586127881672037,0.0918796231129826
20,25,0.89,0.09,-0.5,60,0.0395920910835797,0.0815240612257258
20,25,0.89,0.09,-0.5,65,0.040465098152787,0.082367334707688
20,25,0.89,0.09,-0.5,70,0.0409391851704817,0.0829245075135992
20,25,0.89,0.09,-0.5,75,0.0423588257066959,0.083126924072585
20,25,0.89,0.09,-0.5,80,0.0424155444056107,0.08494064967599
20,25,0.89,0.09,-0.5,85,0.0433816611925345,0.08520691724306
20,25,0.89,0.09,-0.5,90,0.0467967405700639,0.0855592560558424
20,25,0.89,0.09,-0.5,95,0.0505243126072657,0.0854045543415061
20,25,0.89,0.09,-0.5,100,0.0530795261203261,0.0861424239197847
20,25,0.89,0.09,-0.5,105,0.0564383619033375,0.0862227258125048
20,25,0.89,0.09,-0.5,110,0.0571574537503916,0.0880158245936982
20,25,0.89,0.09,-0.5,115,0.0582962161871557,0.0888090605951839
20,25,0.89,0.09,-0.5,120,0.0573162539995642,0.0901227411394625
20,25,0.9,0.09,-0.5,60,0.0381560323275126,0.0793888074816256
20,25,0.9,0.09,-0.5,65,0.0392030916991755,0.0798479871019335
20,25,0.9,0.09,-0.5,70,0.0393085787383869,0.0808070226257951
20,25,0.9,0.09,-0.5,75,0.0408661084400542,0.0809692698977946
20,25,0.9,0.09,-0.5,80,0.0409233405526238,0.0826483336683513
20,25,0.9,0.09,-0.5,85,0.041803835094732,0.0829517741818328
20,25,0.9,0.09,-0.5,90,0.0451736503172573,0.0831943489335123
20,25,0.9,0.09,-0.5,95,0.0486399527772071,0.0832953824925603
20,25,0.9,0.09,-0.5,100,0.0510044014399552,0.0843763115440142
20,25,0.9,0.09,-0.5,105,0.054116356608852,0.084403620165453
20,25,0.9,0.09,-0.5,110,0.0551327591098626,0.085860733764546
20,25,0.9,0.09,-0.5,115,0.0561890148537516,0.0870014946772047
20,25,0.9,0.09,-0.5,120,0.0553448615157864,0.0882632766438197
20,25,0.91,0.09,-0.5,60,0.0364867394923054,0.0781847241693926
20,25,0.91,0.09,-0.5,65,0.0377761102470753,0.0786133592207123
20,25,0.91,0.09,-0.5,70,0.037952158142136,0.0793866757863533
20,25,0.91,0.09,-0.5,75,0.03957493787656,0.0795537040952176
20,25,0.91,0.09,-0.5,80,0.0394692394696438,0.0811596476403305
20,25,0.91,0.09,-0.5,85,0.0403399493005013,0.0817027430060719
20,25,0.91,0.09,-0.5,90,0.0435958966281261,0.0818395750338422
20,25,0.91,0.09,-0.5,95,0.0471057382006479,0.0815340521759024
20,25,0.91,0.09,-0.5,100,0.0496213039703514,0.0826047462811258
20,25,0.91,0.09,-0.5,105,0.0526055039660355,0.0827018829402854
20,25,0.91,0.09,-0.5,110,0.053528890280276,0.0842510256941621
20,25,0.91,0.09,-0.5,115,0.0545556512311602,0.0852105119633602
20,25,0.91,0.09,-0.5,120,0.0538842321905675,0.0865275357694009
20,25,0.92,0.09,-0.5,60,0.03509025101814,0.0765642229526803
20,25,0.92,0.09,-0.5,65,0.0364659451211193,0.0771776697942945
20,25,0.92,0.09,-0.5,70,0.0366458372418321,0.0778839954357819
20,25,0.92,0.09,-0.5,75,0.0382150154477132,0.0779903845155889
20,25,0.92,0.09,-0.5,80,0.0382027108392319,0.079717214709352
20,25,0.92,0.09,-0.5,85,0.0389766899253651,0.0803751737256292
20,25,0.92,0.09,-0.5,90,0.0420534666432989,0.080285651889699
20,25,0.92,0.09,-0.5,95,0.0453342109577193,0.0801256512693276
20,25,0.92,0.09,-0.5,100,0.0478644828384118,0.0806794383444122
20,25,0.92,0.09,-0.5,105,0.050532084180762,0.0808098837367178
20,25,0.92,0.09,-0.5,110,0.051429481806411,0.0820427881660959
20,25,0.92,0.09,-0.5,115,0.0522244891799131,0.0830176761676154
20,25,0.92,0.09,-0.5,120,0.0517294853978642,0.0840053251052979
20,25,0.93,0.09,-0.5,60,0.0336350478904255,0.0737864736164987
20,25,0.93,0.09,-0.5,65,0.0349584299291435,0.0742071394005367
20,25,0.93,0.09,-0.5,70,0.0351610632940748,0.0752391151716518
20,25,0.93,0.09,-0.5,75,0.0368942050695062,0.0754079341510073
20,25,0.93,0.09,-0.5,80,0.0370367435680766,0.0771165882704209
20,25,0.93,0.09,-0.5,85,0.0376989450316427,0.0779357418560526
20,25,0.93,0.09,-0.5,90,0.0407329062636373,0.0779238241818074
20,25,0.93,0.09,-0.5,95,0.0437835014289409,0.07764192488606
20,25,0.93,0.09,-0.5,100,0.0463545077937762,0.078143761170367
20,25,0.93,0.09,-0.5,105,0.0488086660302211,0.0784145438276523
20,25,0.93,0.09,-0.5,110,0.0498013142627561,0.0795583766685753
20,25,0.93,0.09,-0.5,115,0.0504200662443061,0.0802424566645268
20,25,0.93,0.09,-0.5,120,0.0500755515237986,0.0809561835600229
20,25,0.94,0.09,-0.5,60,0.0313517085617693,0.0714949811467666
20,25,0.94,0.09,-0.5,65,0.0327682313617334,0.0717777213602252
20,25,0.94,0.09,-0.5,70,0.032871121443211,0.073076275931161
20,25,0.94,0.09,-0.5,75,0.0345899419785665,0.0735437246382954
20,25,0.94,0.09,-0.5,80,0.0343305137504072,0.0748216909766522
20,25,0.94,0.09,-0.5,85,0.0349125624494763,0.0754915166215854
20,25,0.94,0.09,-0.5,90,0.0378283844634291,0.075476519431726
20,25,0.94,0.09,-0.5,95,0.040938474932432,0.0752205827582891
20,25,0.94,0.09,-0.5,100,0.0431753385227018,0.075936731285466
20,25,0.94,0.09,-0.5,105,0.045848653062729,0.0763544227592898
20,25,0.94,0.09,-0.5,110,0.0468787402127315,0.0776229023996004
20,25,0.94,0.09,-0.5,115,0.0472459405856191,0.0784714446460025
20,25,0.94,0.09,-0.5,120,0.0468661605694587,0.0790642120108655
20,25,0.95,0.09,-0.5,60,0.0286679039664735,0.0686807937943788
20,25,0.95,0.09,-0.5,65,0.0298441680392237,0.0688452915617879
20,25,0.95,0.09,-0.5,70,0.0301721144621531,0.0702831547471205
20,25,0.95,0.09,-0.5,75,0.032001053703503,0.0705797851814448
20,25,0.95,0.09,-0.5,80,0.0318516919584964,0.0719218350110377
20,25,0.95,0.09,-0.5,85,0.0323329925585345,0.072780028881801
20,25,0.95,0.09,-0.5,90,0.0351093591088458,0.0728197421681549
20,25,0.95,0.09,-0.5,95,0.0380061749004417,0.0727990923296779
20,25,0.95,0.09,-0.5,100,0.0400745486986233,0.0732501206980703
20,25,0.95,0.09,-0.5,105,0.0426407890688479,0.0736275832084859
20,25,0.95,0.09,-0.5,110,0.0436081735316261,0.0746467379937172
20,25,0.95,0.09,-0.5,115,0.0443520315895012,0.0752550718082302
20,25,0.95,0.09,-0.5,120,0.0439037936639739,0.0756852162822702
20,25,0.96,0.09,-0.5,60,0.0265411123011605,0.0655377981448717
20,25,0.96,0.09,-0.5,65,0.0275758044899175,0.0660687120824597
20,25,0.96,0.09,-0.5,70,0.0277189614633368,0.0672473774804775
20,25,0.96,0.09,-0.5,75,0.0293200542544482,0.0677306926046985
20,25,0.96,0.09,-0.5,80,0.0293001124823302,0.0690569253033225
20,25,0.96,0.09,-0.5,85,0.0301440900993996,0.0697441345947694
20,25,0.96,0.09,-0.5,90,0.0326844648802841,0.069598499332403
20,25,0.96,0.09,-0.5,95,0.0353629310231601,0.0695203659797872
20,25,0.96,0.09,-0.5,100,0.0376516983772102,0.0698436213761458
20,25,0.96,0.09,-0.5,105,0.039989873205037,0.0702029542149644
20,25,0.96,0.09,-0.5,110,0.0410711349033467,0.0710496985334056
20,25,0.96,0.09,-0.5,115,0.0418273407528916,0.0715700300627569
20,25,0.96,0.09,-0.5,120,0.0412705100016343,0.072193149637158
