date,apy
2015-02-10,0.372684254228073
2015-02-25,0.527725432877719
2015-02-27,0.386814591919147
2015-03-03,0.286833596665897
2015-03-06,0.355056084266611
2015-03-09,0.454511377831553
2015-03-10,0.401916145896189
2015-03-11,0.36812738254393
2015-03-11,0.263912467370339
2015-03-12,0.480833658969309
2015-03-12,0.263647212090896
2015-03-17,0.25896609747029
2015-03-20,0.135828771645143
2015-03-23,0.339549643761468
2015-03-24,0.374961439344197
2015-03-24,0.258494921079126
2015-04-03,0.136361565266207
2015-04-03,0.314394105934617
2015-04-07,0.191646978213721
2015-04-09,0.213972632580069
2015-04-13,0.0699748770064448
2015-04-15,0.395770555409082
2015-04-15,0.240316066636823
2015-04-22,0.156095765476993
2015-04-24,0.25792826052709
2015-04-24,0.232886932097837
2015-04-29,0.152266732910393
2015-05-04,0.177823909706984
2015-05-12,-0.0148538235528058
2015-05-13,0.17630427034353
2015-05-14,0.0503415338135173
2015-05-21,-0.0913676119679335
2015-05-21,-0.00263908508226775
2015-05-22,0.125927984194272
2015-05-25,-0.0180895166792275
2015-05-26,-0.0882454916982968
2015-05-27,-0.249493275129206
2015-05-27,-0.149251281040567
2015-05-27,-0.225256159264917
2015-05-29,-0.0454757918477952
2015-05-29,-0.152947316378
2015-06-09,-0.285173252928453
2015-06-12,-0.442938802406531
2015-06-12,-0.415735212094305
2015-06-12,-0.272659069489702
2015-06-16,-0.372023531577076
2015-06-19,-0.226632063408751
2015-06-23,-0.0892302966312353
2015-06-29,0.122791680174698
2015-07-03,0.239048740846697
2015-07-03,0.216436175493441
2015-07-13,0.0511121824170263
2015-07-16,0.147351793169718
2015-07-27,0.249885887666904
2015-07-28,0.370562332091152
2015-08-04,0.269103072817945
2015-08-04,0.365694965524133
2015-08-05,0.422294682103375
2015-08-05,0.349610126742445
2015-08-06,0.382617879059534
2015-08-10,0.252797815085857
2015-08-17,0.254723890241319
2015-08-18,0.185004378715934
2015-08-18,0.260265039246005
2015-08-20,0.290596184537004
2015-08-20,0.311041439576198
2015-08-25,0.369576054321678
2015-08-26,0.394542312553181
2015-08-26,0.398967022641082
2015-09-01,0.39808302368359
2015-09-07,0.415572902343075
2015-09-10,0.353519763067415
2015-09-11,0.354921407598337
2015-09-15,0.474349511442318
2015-09-18,0.424197947004177
2015-09-22,0.328838511588554
2015-09-25,0.244338519658199
2015-09-29,0.217042549046615
2015-10-08,0.371462170392299
2015-10-08,0.277651172903019
2015-10-08,0.300831106996781
2015-10-15,0.315533225979892
2015-10-16,0.36248862267527
2015-10-16,0.323152282683909
2015-10-19,0.415716691670599
2015-10-22,0.33939392481958
2015-10-22,0.420787849696968
2015-10-23,0.367506872688629
2015-10-27,0.332258848194616
2015-10-29,0.368984721920718
2015-11-02,0.429413553326326
2015-11-02,0.359155001181502
2015-11-03,0.397924068499246
2015-11-05,0.327893388944401
2015-11-09,0.434988310840909
2015-11-11,0.227246961166122
2015-11-12,0.193562226884194
2015-11-16,0.199393602354251
2015-11-16,0.325821804443282
2015-11-16,0.289484369870814
2015-11-25,0.361435943751816
2015-11-25,0.286457820173458
2015-12-02,0.381346933216116
2015-12-02,0.394224548288043
2015-12-03,0.294104776778681
2015-12-03,0.277444252389732
2015-12-10,0.459337010649546
2015-12-10,0.355602654516707
2015-12-11,0.517096879134208
2015-12-11,0.350208813706833
2015-12-11,0.373498186208776
2015-12-15,0.200534312972311
2015-12-15,0.357690837182265
2015-12-24,0.156289586487524
2015-12-29,0.27140189781674
2016-01-04,0.352817254621203
2016-01-05,0.412582338941962
2016-01-11,0.434229861995363
2016-01-12,0.479209411245119
2016-01-12,0.500367001078584
2016-01-20,0.486842722910714
2016-01-25,0.528900646449491
2016-01-29,0.526540658247803
2016-02-01,0.49669745415806
2016-02-02,0.605886197060748
2016-02-15,0.411080117977249
2016-02-22,0.37731414954152
2016-02-22,0.526830389544865
2016-02-24,0.485296185982815
2016-02-24,0.46406951329477
2016-03-11,0.475737001340313
2016-03-17,0.524870269682999
2016-03-18,0.490871266390063
2016-03-21,0.366953425670782
2016-03-21,0.472332642057885
2016-04-01,0.52863198923127
2016-04-01,0.568927025316226
2016-04-05,0.426439677338343
2016-04-07,0.415808261479043
2016-04-11,0.442474270791783
2016-04-13,0.418369674052493
2016-04-13,0.408222421923749
2016-04-18,0.403985381463812
2016-04-22,0.460845309542789
2016-04-28,0.384447530657877
2016-05-09,0.406524442217122
2016-05-13,0.463329653521187
2016-05-19,0.464895408152616
2016-05-20,0.424160184577511
2016-05-25,0.230308288294436
2016-05-30,0.357637950218565
2016-05-31,0.250617774116711
2016-05-31,0.152524549646058
2016-05-31,0.260960901570419
2016-06-07,0.238749193359075
2016-06-08,0.338157929231264
2016-06-16,0.372677577115936
2016-06-24,0.304603039789731
2016-06-28,0.395321407861385
2016-07-01,0.283203481920611
2016-07-04,0.274802586895157
2016-07-04,0.190941268358714
2016-07-05,0.296587426143488
2016-07-08,0.280353739898784
2016-07-08,0.229795716807781
2016-07-11,0.29959970743744
2016-07-14,0.305293341115036
2016-07-18,0.361847333170603
2016-07-19,0.357357986962417
2016-07-21,0.220096590207095
2016-07-21,0.253816598480043
2016-07-27,0.323782875806517
2016-08-08,0.26136423307806
2016-08-24,0.327201272250943
2016-08-25,0.245546068538344
2016-08-26,0.292381388672112
2016-08-31,0.221693597366816
2016-09-01,0.250760480572551
2016-09-01,0.321659175397156
2016-09-01,0.199480847482189
2016-09-07,0.284201617446662
2016-09-07,0.315444140932173
2016-09-08,0.271773937312283
2016-09-13,0.222700862055802
2016-09-13,0.257706017902535
2016-09-14,0.287261760504828
2016-09-14,0.273087681004556
2016-09-19,0.309998422085583
2016-09-20,0.180259868024848
2016-09-26,0.240466904875061
2016-09-27,0.210272353679927
2016-09-28,0.283864257685591
2016-09-30,0.310106322530521
2016-09-30,0.333509371144443
2016-10-11,0.303373195595654
2016-10-14,0.184032538604696
2016-10-18,0.157525121507267
2016-10-21,0.250155428972879
2016-10-28,0.206171011945676
2016-10-31,0.194544282685545
2016-11-11,0.183198583709794
2016-11-11,0.217792236499386
2016-11-18,0.26123700824982
2016-11-18,0.177441835053804
2016-11-21,0.274036652041952
2016-11-21,0.172702894685027
2016-11-22,0.346739654446315
2016-11-24,0.239981951349185
2016-11-25,0.43314784743099
2016-11-25,0.235122052419305
2016-11-30,0.342307952686606
2016-12-05,0.241435648089098
2016-12-12,0.411659943451056
2016-12-12,0.283551088351574
2016-12-12,0.342550645864549
2016-12-13,0.274399645186958
2016-12-21,0.146629361353574
2016-12-22,0.295550647181804
2016-12-27,0.253057773128756
2016-12-27,0.383400363944497
2016-12-30,0.323845494162832
2016-12-30,0.300190856875494
2016-12-30,0.404642661286813
2017-01-09,0.287203599088155
2017-01-09,0.210289979696832
2017-01-10,0.209020419777697
2017-01-13,0.357202213676093
2017-01-18,0.430243726897064
2017-01-19,0.442802349622902
2017-01-19,0.418337389056699
2017-01-23,0.306471789118805
2017-01-24,0.415452586049324
2017-01-25,0.326160652261997
2017-02-03,0.53575873182227
2017-02-22,0.311555470811548
2017-02-28,0.197442833037953
2017-03-02,0.0887757788890889
2017-03-07,0.241799412346755
2017-03-07,0.115603010384799
2017-03-07,0.108568225452701
2017-03-08,-0.0648489412288107
2017-03-08,0.014300411654545
2017-03-08,0.143791896471959
2017-03-22,0.105900605708865
2017-03-24,0.183654577778365
2017-03-24,0.0894845446994791
2017-03-27,0.152536364341499
2017-03-27,0.157080867839681
2017-03-27,0.175087182357155
2017-03-29,0.0526937531187715
2017-04-05,0.131701802455814
2017-04-11,0.155452504076467
2017-04-14,0.135284546761617
2017-04-14,0.0664736956060011
2017-04-17,0.143747258372067
2017-04-24,0.200161683059839
2017-04-28,0.210156272711014
2017-05-02,0.264319438363893
2017-05-02,0.302246719238572
2017-05-08,0.120806102886632
2017-05-08,0.200265739910019
2017-05-12,0.223199585931444
2017-05-15,0.241721454534673
2017-05-16,0.223259769430484
2017-05-16,0.125354956282288
2017-05-18,0.238973293131146
2017-05-19,0.218376758471763
2017-05-22,0.178071583214973
2017-05-31,0.319260241089114
2017-06-01,0.349163522954959
2017-06-02,0.433749344261325
2017-06-06,0.306082509552533
2017-06-09,0.269500775316581
2017-06-15,0.316311465342815
2017-06-20,0.25774252881208
2017-06-21,0.144457928540405
2017-06-21,0.376735631509948
2017-06-22,0.264321494286235
2017-06-23,0.321273794903833
2017-06-28,0.284816560072032
2017-06-29,0.136775409929609
2017-06-30,0.271244251876027
2017-06-30,0.22498863337098
2017-07-05,0.15140671262486
2017-07-10,0.0964574063273871
2017-07-13,0.177874429734094
2017-07-14,0.0159397417435901
2017-07-21,0.134390970838123
2017-07-26,0.203030608783175
2017-07-27,0.199941925346502
2017-08-08,0.293595426565702
2017-08-15,0.0529775015847948
2017-08-17,0.00999253873953029
2017-08-18,0.0626980553580915
2017-08-18,0.116159162796715
2017-08-23,0.141593691947434
2017-08-24,0.20140764911907
2017-08-29,0.277927781692735
2017-08-29,0.137677276740057
2017-08-29,0.180650214996819
2017-09-05,0.0213983772504461
2017-09-14,-0.0861450465737681
2017-09-15,-0.00560002804982499
2017-09-15,0.000520392224700317
2017-09-18,0.04243154142621
2017-09-21,-0.0269451690433358
2017-09-26,-0.0583890273538624
2017-09-27,0.167873221628982
2017-09-29,-0.0323169304498949
2017-10-11,-0.08734981964614
2017-10-16,-0.115969290982206
2017-10-16,-0.0593490074549567
2017-10-19,0.0263509534271976
2017-10-24,-0.0968199719928523
2017-10-26,-0.178650613749513
2017-11-03,-0.17808786616529
2017-11-06,-0.0348325602432725
2017-11-10,-0.139630320952712
2017-11-13,-0.137161546523688
2017-11-15,-0.164059854700803
2017-11-16,-0.226976246254012
2017-11-21,-0.0488858574479335
2017-11-21,-0.0856571256409552
2017-12-04,-0.0361924934155226
2017-12-05,-0.0822064263110045
2017-12-11,-0.021996080146215
2017-12-13,-0.0563741622986442
2017-12-13,-0.0880387283173604
2017-12-14,0.069464461519747
2017-12-18,0.0809803590210725
2017-12-19,0.081627652746384
2017-12-21,0.121579804003661
2017-12-22,0.0881459557577543
2017-12-22,0.181989177675922
2017-12-26,0.0415634381614527
2017-12-29,0.0120153389082011
2018-01-02,0.045756681602451
2018-01-05,-0.0367712606885078
2018-01-08,0.0234083618895127
2018-01-11,-0.0947488620305978
2018-01-11,-0.00284576141125567
2018-01-15,0.013710693462655
2018-01-15,-0.0862908112415913
2018-01-17,-0.105701407840886
2018-01-19,0.00917125372150104
2018-01-29,-0.0641430578869704
2018-02-02,0.156181365728027
2018-02-05,0.088525217184781
2018-02-07,0.09925633694855
2018-02-13,-0.0654506712276304
2018-02-26,-0.0936286000157314
2018-03-01,-0.0881494461152268
2018-03-01,-0.0366937888567608
2018-03-05,0.11562722490962
2018-03-07,0.0332576441311578
2018-03-14,0.102096312249876
2018-03-19,0.163922341225281
2018-03-21,0.19176988019433
2018-03-22,0.170608512567942
2018-03-28,0.211442769231011
2018-04-02,0.142162821684397
2018-04-10,0.133949233579478
2018-04-19,0.311415110654584
2018-04-23,0.404360798200153
2018-04-23,0.217548204147547
2018-04-24,0.292944670389578
2018-04-26,0.413763324050989
2018-04-27,0.36936261646358
2018-05-07,0.396990988532218
2018-05-11,0.368290756788353
2018-05-16,0.368018020801413
2018-05-18,0.427388154836801
2018-05-22,0.384655064654933
2018-05-23,0.366084231897732
2018-05-24,0.276756796599888
2018-05-25,0.347176286322176
2018-05-25,0.427837809653846
2018-05-28,0.396522038607218
2018-05-30,0.437298594923478
2018-05-31,0.303463764016385
2018-06-05,0.334438980148799
2018-06-05,0.37114042821176
2018-06-07,0.367375796808489
2018-06-12,0.362769123672286
2018-06-15,0.452394993657162
2018-06-19,0.607142084506312
2018-06-21,0.629553599410179
2018-06-26,0.629474077407553
2018-06-28,0.600340791836
2018-07-02,0.500967905702299
2018-07-04,0.669900450684297
2018-07-09,0.591805280078455
2018-07-10,0.600580042457874
2018-07-19,0.627873684974275
2018-07-25,0.63204091632788
2018-08-01,0.631243492279237
2018-08-02,0.716941919559024
2018-08-03,0.53714394031092
2018-08-06,0.657644422556247
2018-08-13,0.618105756014625
2018-08-28,0.369864356531864
2018-08-30,0.391514093274712
2018-08-30,0.307698985563263
2018-09-05,0.360408425624741
2018-09-07,0.500475552321496
2018-09-12,0.281996536543405
2018-09-13,0.356524355001694
2018-09-18,0.417552412349092
2018-09-19,0.333378531218523
2018-09-21,0.372870647113406
2018-10-10,0.529309670464434
2018-10-12,0.457250154770858
2018-10-12,0.483269623700159
2018-10-17,0.406919603100353
2018-10-18,0.374575749449526
2018-10-19,0.334594784154018
2018-10-19,0.356568170343524
2018-10-19,0.515767649866739
2018-10-22,0.408909337740637
2018-10-26,0.521000364042905
2018-10-26,0.497541370182929
2018-10-29,0.426374009688833
2018-10-29,0.414326857791638
2018-10-31,0.475830949255788
2018-11-01,0.529508039109485
2018-11-02,0.499227498519146
2018-11-02,0.412872216146915
2018-11-05,0.422012807272087
2018-11-05,0.406531354914004
2018-11-06,0.464205549314254
2018-11-07,0.438001975833758
2018-11-07,0.482246071315889
2018-11-14,0.529039237565225
2018-11-23,0.583016138538992
2018-11-29,0.557640848846668
2018-12-03,0.492165461009369
2018-12-04,0.476356475990787
2018-12-06,0.552689942869306
2018-12-06,0.648708508454315
2018-12-10,0.4808901011351
2018-12-11,0.565324685436009
2018-12-12,0.443630941334285
2018-12-14,0.549210494714975
2018-12-14,0.623732017367535
2018-12-19,0.509263445503615
2018-12-20,0.554869866144766
2018-12-26,0.710523704279494
2019-01-03,0.557060571309845
2019-01-04,0.461242000205575
2019-01-16,0.591589733273352
2019-01-22,0.47108848359971
2019-01-25,0.584868011013558
2019-02-11,0.563499148557944
2019-02-11,0.520648790948974
2019-02-12,0.52748211616607
2019-02-12,0.594926497842967
2019-02-22,0.544216596844881
2019-02-22,0.476862990658882
2019-02-22,0.547839689319876
2019-02-25,0.324712951480361
2019-02-26,0.380426356621016
2019-03-06,0.431395920381914
2019-03-07,0.231854025029637
2019-03-11,0.273480574201273
2019-03-12,0.416087696178231
2019-03-13,0.395969957281101
2019-03-15,0.318172833471893
2019-03-18,0.371882139388336
2019-03-27,0.505570155477768
2019-04-01,0.340189351487671
2019-04-04,0.322757043795554
2019-04-09,0.232786591970748
2019-04-11,0.254711850000698
2019-04-15,0.231743954024917
2019-04-16,0.296845536482775
2019-04-25,0.35146595379115
2019-05-07,0.543975258345133
2019-05-07,0.508404598160425
2019-05-07,0.449518157230034
2019-05-08,0.630823593202656
2019-05-13,0.390309478502756
2019-05-13,0.549738076888006
2019-05-13,0.50186313276879
2019-05-13,0.525448055166171
2019-05-14,0.444398634275105
2019-05-14,0.565019302408088
2019-05-20,0.421781715781828
2019-05-22,0.569812160670633
2019-05-23,0.400490405138532
2019-05-23,0.527068110827368
2019-05-24,0.558346167044075
2019-05-27,0.433119880197071
2019-05-28,0.559074248857168
2019-05-29,0.505526703167931
2019-06-03,0.570077014422734
2019-06-04,0.419439383324477
2019-06-10,0.517225468792271
2019-06-18,0.452868878867159
2019-06-25,0.538779776336575
2019-06-26,0.446773338525971
2019-06-27,0.340436929537343
2019-06-28,0.3415693793476
2019-07-02,0.45691861648167
2019-07-03,0.292977589320136
2019-07-04,0.311651072344284
2019-07-04,0.361210201984311
2019-07-05,0.317996805000267
2019-07-12,0.203384758323669
2019-07-12,0.321029892680993
2019-07-12,0.316778830920277
2019-07-17,0.414062300987465
2019-07-19,0.421837192618549
2019-07-19,0.355779949028417
2019-07-31,0.439245601040162
2019-08-02,0.545700855061617
2019-08-05,0.636136693466982
2019-08-07,0.568270889585939
2019-08-08,0.430862284358107
2019-08-08,0.428994886655242
2019-08-12,0.627976398987942
2019-08-12,0.657018867700797
2019-08-12,0.508725770450955
2019-08-13,0.610005443935089
2019-08-13,0.651248009673878
2019-08-20,0.503218527159967
2019-08-23,0.465054860590533
2019-08-23,0.436975170957721
2019-08-26,0.610369163504222
2019-08-27,0.585900928596709
2019-08-28,0.603865177586318
2019-08-28,0.527550143603051
2019-08-29,0.561390601761323
2019-09-02,0.505106227093677
2019-09-04,0.583549147868431
2019-09-04,0.63599090242417
2019-09-06,0.597763304051136
2019-09-06,0.533327770224165
2019-09-10,0.506346260390436
2019-09-11,0.646602094985534
2019-09-18,0.686809766899098
2019-09-18,0.613181985878437
2019-09-24,0.630452799568237
2019-09-25,0.579504182650286
2019-09-26,0.617048122716068
2019-10-09,0.637061201004271
2019-10-10,0.59887345618545
2019-10-11,0.69703844533164
2019-10-17,0.618188441873217
2019-10-21,0.591890033686738
2019-10-24,0.64087650845387
2019-10-25,0.549527035012071
2019-11-01,0.772556393206094
2019-11-04,0.599991589264046
2019-11-06,0.694671298915184
2019-11-12,0.604556266957215
2019-11-12,0.619821448453425
2019-11-12,0.694645190014789
2019-11-13,0.67971292360094
2019-11-15,0.753647504235467
2019-11-20,0.731455794348644
2019-11-25,0.823835278898001
2019-11-26,0.702002982440666
2019-11-26,0.694448958672887
2019-12-02,0.672657200396232
2019-12-04,0.716597240459958
2019-12-20,0.575982945179201
2019-12-23,0.597483878358781
2019-12-24,0.473212315784525
2019-12-30,0.469704634154131
2020-01-02,0.581194697150419
2020-01-03,0.516395901773215
2020-01-09,0.525588517779956
2020-01-15,0.514362708030512
2020-02-03,0.656626474767356
2020-02-04,0.492962869824745
2020-02-04,0.544768801448964
2020-02-04,0.505022703602278
2020-02-06,0.533950357964062
2020-02-07,0.41845843783102
2020-02-10,0.394738461476409
2020-02-12,0.481455104758307
2020-02-13,0.383478258970878
2020-02-18,0.506714362594571
2020-02-21,0.397651604534724
2020-02-25,0.274427135596674
2020-02-26,0.427575036541034
2020-02-27,0.420317035071708
2020-03-02,0.455247405605427
2020-03-03,0.468899127730448
2020-03-04,0.547036472493112
2020-03-05,0.461097621185043
2020-03-09,0.493625867376733
2020-03-10,0.605464893924894
2020-03-11,0.434464377441467
2020-03-12,0.644634709991554
2020-03-12,0.516511933260301
2020-03-13,0.457137072384302
2020-03-17,0.446021533605425
2020-03-19,0.616743438629747
2020-03-23,0.552492692215795
2020-03-24,0.524173729052174
2020-03-30,0.617171799412083
2020-03-31,0.571920622515375
2020-03-31,0.488589093999992
2020-04-08,0.550720331209462
2020-04-13,0.640049616438408
2020-04-14,0.67753252322252
2020-04-14,0.485321244712288
2020-04-16,0.590059183710319
2020-04-16,0.524923709610336
2020-04-24,0.56069789963133
2020-04-24,0.615257312147737
2020-04-27,0.675227558669677
2020-04-29,0.59210738084191
2020-05-18,0.545844970873135
2020-05-18,0.606365664613102
2020-05-19,0.572487179401154
2020-05-20,0.628292266177326
2020-05-22,0.650800246529568
2020-05-27,0.535975673154377
2020-06-03,0.420732981409755
2020-06-08,0.615596651876572
2020-06-08,0.599329921309238
2020-06-15,0.57870706908401
2020-06-16,0.563960522003467
2020-06-16,0.564225579428815
2020-06-18,0.660889821771029
2020-06-22,0.521002146977086
2020-06-23,0.452006597080825
2020-06-24,0.439505697205466
2020-06-24,0.459126591640306
2020-06-30,0.386337876218881
2020-06-30,0.507993200314015
2020-07-02,0.472832882853143
2020-07-30,0.523383391909053
2020-07-30,0.500178052572576
2020-07-31,0.417535362458494
2020-08-05,0.372125420487866
2020-08-05,0.259880713582645
2020-08-06,0.548187784034743
2020-08-10,0.370732626507694
2020-08-17,0.476348657385432
2020-08-21,0.475014733269038
2020-09-02,0.477624973596016
2020-09-08,0.446013300391555
2020-09-09,0.414119763021013
2020-09-11,0.472704070480911
2020-09-17,0.472707634616323
2020-09-18,0.431561577479404
2020-09-21,0.489608587487766
2020-09-23,0.548805030091911
2020-09-23,0.397618844714343
2020-09-29,0.515536772734627
2020-10-13,0.43156311538588
2020-10-22,0.372267468504293
2020-10-27,0.548956329515537
2020-10-28,0.445382583550445
2020-11-13,0.489810673137654
2020-11-18,0.459988879114041
2020-11-19,0.325313026658983
2020-11-19,0.450477745912466
2020-11-19,0.397407171860704
2020-11-20,0.575324650574606
2020-11-24,0.48365658321151
2020-11-26,0.443993405357996
2020-11-30,0.432474838977682
2020-12-01,0.494178673922505
2020-12-02,0.698662414792804
2020-12-03,0.623071020714989
2020-12-14,0.475222095203388
2020-12-16,0.524141106725042
2020-12-17,0.475117024426016
2020-12-18,0.525925810010459
2020-12-23,0.471615000401503
2020-12-23,0.523945077378186
2020-12-24,0.54346693727412
2020-12-29,0.622532757755705
2020-12-29,0.651928209102805
2020-12-29,0.535427638540409
2020-12-31,0.566324778845176
2021-01-04,0.396495363426885
2021-01-04,0.418077497253333
2021-01-08,0.621739389687018
2021-01-12,0.496795725562619
2021-01-13,0.602578757512075
2021-01-14,0.53804984387956
2021-01-15,0.513371510913816
2021-01-20,0.649070583778326
2021-01-20,0.575846712949648
2021-01-21,0.467245804080774
2021-01-21,0.621028330298542
2021-01-22,0.690476578682647
2021-01-27,0.694662582353098
2021-01-28,0.760235543728476
2021-01-28,0.71830254102416
2021-02-02,0.825731404083472
2021-02-03,0.862048264567466
2021-02-04,0.676516018153636
2021-02-09,0.634787577478153
2021-02-09,0.620713058898067
2021-02-25,0.624969794449559
2021-02-26,0.502868600531748
2021-03-02,0.498454848578776
2021-03-02,0.605027999090076
2021-03-05,0.50767437707908
2021-03-05,0.692826103698301
2021-03-12,0.69093630610396
2021-03-17,0.675743302465131
2021-03-22,0.545872237675463
2021-03-26,0.567917430521631
2021-03-26,0.540401661055803
2021-03-31,0.596663612228111
2021-04-01,0.625564531357065
2021-04-01,0.552767899260457
2021-04-08,0.60788632818921
2021-04-12,0.50567606864291
2021-04-14,0.59248614439432
2021-04-14,0.673616012197061
2021-04-14,0.691924672097309
2021-04-15,0.507552555854415
2021-04-15,0.501459766134324
2021-04-22,0.553713674049886
2021-04-23,0.661483684540357
2021-04-27,0.640994617044885
2021-05-12,0.553725657411946
2021-05-12,0.527211683574913
2021-05-14,0.622947788703414
2021-05-14,0.639081925820736
2021-05-20,0.421554529397169
2021-05-20,0.557459950475036
2021-05-21,0.525390322452856
2021-05-25,0.483182962938436
2021-05-28,0.490163132583296
2021-05-31,0.378533535365057
2021-05-31,0.556416463585037
2021-06-07,0.465065256928406
2021-06-11,0.305750837616405
2021-06-15,0.32299503414511
2021-06-18,0.42133687143085
2021-06-18,0.435267565143437
2021-06-22,0.488151443086575
2021-06-24,0.413201233661087
2021-06-28,0.401728517252486
2021-06-28,0.385218839468414
2021-06-30,0.417650966747393
2021-07-01,0.450115111352538
2021-07-05,0.421025016448538
2021-07-09,0.395365964494936
2021-07-12,0.429039549802603
2021-07-13,0.300683711409649
2021-07-14,0.44313829890098
2021-07-15,0.418312997331944
2021-07-16,0.515852611537146
2021-07-19,0.400458613431234
2021-07-19,0.394795283531339
2021-07-22,0.520641597498578
2021-07-26,0.560859671003061
2021-07-26,0.475212119614612
2021-07-28,0.491083352862393
2021-07-29,0.424279031896847
2021-08-03,0.43469494985025
2021-08-03,0.503897425945207
2021-08-05,0.464070814335259
2021-08-06,0.486007310265466
2021-08-06,0.360138473925705
2021-08-10,0.450012947040784
2021-08-19,0.495078089896429
2021-08-23,0.548387365655867
2021-08-24,0.518358873313195
2021-08-24,0.405338279694266
2021-08-25,0.41714842750673
2021-08-27,0.510127408878468
2021-08-31,0.530045280718915
2021-09-08,0.435411997536748
2021-09-08,0.523205206319724
2021-09-09,0.459996030065452
2021-09-10,0.411775798523218
2021-09-13,0.50117558606261
2021-09-13,0.53541883343735
2021-09-14,0.548847918545416
2021-09-15,0.472347549585178
2021-09-17,0.481864723284283
2021-09-24,0.624495448284304
2021-09-27,0.681014042091585
2021-09-29,0.558835232056447
2021-10-15,0.47672404845058
2021-10-22,0.456582939171571
2021-10-25,0.549609665580695
2021-10-26,0.53479232541854
2021-10-27,0.586428728887858
2021-10-28,0.415981710189365
2021-11-03,0.436789033436044
2021-11-05,0.469629117448889
2021-11-08,0.445390169223137
2021-11-17,0.45211124045146
2021-11-18,0.463864396103314
2021-11-18,0.455880752297308
2021-11-23,0.306573767700168
2021-11-23,0.430625245359711
2021-11-25,0.402460381047866
2021-12-06,0.338995015761436
2021-12-09,0.453849516656798
2021-12-10,0.343908200368664
2021-12-15,0.419060505085017
2021-12-16,0.35815723135478
2021-12-17,0.41622687877465
2021-12-17,0.395374185394888
2021-12-20,0.519496957070771
2021-12-21,0.573007014530109
2021-12-23,0.441958750591747
2021-12-23,0.45757003448948
2021-12-23,0.517191987642482
2021-12-29,0.544808701438168
2021-12-30,0.43787842910052
2022-01-07,0.330184776548501
2022-01-14,0.491374318508896
2022-01-18,0.457312078247612
2022-01-21,0.306424959269242
2022-01-24,0.404962872198714
2022-01-24,0.357826596347089
2022-01-27,0.419315581000265
2022-01-27,0.25344002438086
2022-02-08,0.261746356618114
2022-02-08,0.264312642216888
2022-02-14,0.240903273116384
2022-02-15,0.380045393886077
2022-02-21,0.416767518767781
2022-02-22,0.419326326538078
2022-02-23,0.300512254156349
2022-02-23,0.213427131227788
2022-02-23,0.305201878742234
2022-02-24,0.420063673853286
2022-02-24,0.334106044750737
2022-03-03,0.319629711545635
2022-03-15,0.549454641426287
2022-03-16,0.620587337700104
2022-03-24,0.361720687120261
2022-03-24,0.352439831115028
2022-03-29,0.474907749239312
2022-03-30,0.445665550326082
2022-03-30,0.522942359860055
2022-04-06,0.555776059946235
2022-04-13,0.537938970636827
2022-04-20,0.508418130578199
2022-04-25,0.516553509107458
2022-05-09,0.555824808743523
2022-05-13,0.425987701040903
2022-05-16,0.493875770293728
2022-05-18,0.570513325009199
2022-05-23,0.545084220109121
2022-05-25,0.523997633400721
2022-05-27,0.543701687131709
2022-05-31,0.448424852771638
2022-05-31,0.428105646842417
2022-06-06,0.541633156744005
2022-06-09,0.447208613048552
2022-06-13,0.492273815859886
2022-06-14,0.531925109481502
2022-06-21,0.486326814800911
2022-06-23,0.513196239916115
2022-06-27,0.458986956514925
2022-06-29,0.551284806026202
2022-06-30,0.507545933683398
2022-07-07,0.446892901083598
2022-07-14,0.272926005935863
2022-07-20,0.36617364984392
2022-07-28,0.243808818582254
2022-08-02,0.350579774235936
2022-08-15,0.522235084108554
2022-08-15,0.394730891225246
2022-08-18,0.419807743511119
2022-08-22,0.356461362985691
2022-08-26,0.401756177868402
2022-08-30,0.269756041167016
2022-08-31,0.415484187081732
2022-09-06,0.41091060382013
2022-09-07,0.306908133735184
2022-09-07,0.264933470724846
2022-09-13,0.324982709730619
2022-09-14,0.309255052133847
2022-09-15,0.405351313999389
2022-09-20,0.430422846125881
2022-09-21,0.534071490194638
2022-09-26,0.419137949074523
2022-10-13,0.387719666009637
2022-10-19,0.497532916929427
2022-10-21,0.443980177673759
2022-11-03,0.452106769854004
2022-11-04,0.490116685908851
2022-11-04,0.389331195006612
2022-11-09,0.310379446571429
2022-11-09,0.375032777757959
2022-11-10,0.241420458232208
2022-11-17,0.390795504124784
2022-11-18,0.372193188110398
2022-11-21,0.470493134362417
2022-11-23,0.408290867312714
2022-11-23,0.370648452141814
2022-11-25,0.458208488798732
2022-11-29,0.432182706351084
2022-11-29,0.427685983506545
2022-11-30,0.331114486232296
2022-12-01,0.332317500305016
2022-12-01,0.367402773915729
2022-12-01,0.315396964076587
2022-12-06,0.444862992095303
2022-12-07,0.345581321515133
2022-12-12,0.475178936576757
2022-12-14,0.343080241092928
2022-12-16,0.362878294021595
2022-12-21,0.452494323374813
2022-12-22,0.467233149244062
2022-12-26,0.475951723028872
2022-12-28,0.427249954267529
2023-01-05,0.167529445899042
2023-01-12,0.225765667142211
2023-01-17,0.361158818968926
2023-01-18,0.366051978503122
2023-02-01,0.362551931088218
2023-02-03,0.282631761783581
2023-02-03,0.331429400585127
2023-02-06,0.275959800345015
2023-02-16,0.144566371688597
2023-03-01,-0.00424286212539895
2023-03-08,0.0111058288192718
2023-03-13,0.0831219274125496
2023-03-16,0.278787501217874
2023-03-16,0.201504135486686
2023-03-21,0.168449143611101
2023-03-27,0.225547487194006
2023-03-30,0.340444344641811
2023-03-31,0.293402876242261
2023-04-03,0.10054416903933
2023-04-03,0.200620791592752
2023-04-10,0.265094554425707
2023-04-10,0.330884893589485
2023-04-14,0.301199159829891
2023-04-14,0.363136634811402
2023-04-18,0.341276618459339
2023-04-24,0.236635038444615
2023-05-04,0.171321583839518
2023-05-08,0.195707680251348
2023-05-08,0.158459099486556
2023-05-11,0.188732765634379
2023-05-12,0.203851907334877
2023-05-18,0.32557359808673
2023-05-19,0.244680138053146
2023-05-22,0.317147468691433
2023-05-22,0.191404766477562
2023-05-23,0.328469337541866
2023-05-23,0.331859824192141
2023-06-02,0.305767318809514
2023-06-12,0.150168583317263
2023-06-14,0.337177900591639
2023-06-16,0.366957425638018
2023-06-19,0.304832779253307
2023-06-29,0.25037416536388
2023-07-03,0.20334905739034
2023-07-04,0.112743031215418
2023-07-04,0.161446507842442
2023-07-06,0.198183531653477
2023-07-11,0.163185990053236
2023-07-12,0.292662086129752
2023-07-13,0.226384667116423
2023-07-20,0.250870126204778
2023-07-20,0.339882108957932
2023-07-24,0.350878212394234
2023-08-04,0.177374457052395
2023-08-07,0.1525650260737
2023-08-09,0.170562206441932
2023-08-10,0.228683902584053
2023-08-17,0.256137432593237
2023-08-18,0.271702668524971
2023-08-24,0.343105120827527
2023-08-25,0.356594618751641
2023-09-01,0.248091336763932
2023-09-04,0.224359476600761
2023-09-05,0.214845027839733
2023-09-12,0.282885127776345
2023-09-13,0.255852411600835
2023-09-15,0.138485880626843
2023-09-20,0.377542141871197
2023-09-21,0.237043235832496
2023-09-21,0.396365611834271
2023-09-25,0.115017762700473
2023-09-25,0.161499065007683
2023-09-27,0.203137727651521
2023-09-27,0.0978567370501677
2023-10-18,0.295935562281247
2023-10-25,0.238227538733971
2023-10-30,0.20383370402032
2023-11-08,0.25315837706118
2023-11-09,0.279313513981222
2023-11-14,0.220505350768756
2023-11-15,0.279203917311155
2023-11-20,0.408164239816851
2023-11-27,0.517440528041142
2023-11-28,0.306267257391927
2023-11-28,0.343003531849597
2015-02-10,0.473413388401163
2015-02-11,0.394561206210866
2015-02-11,0.418419560917273
2015-02-11,0.481733095541401
2015-02-12,0.547377699120636
2015-02-13,0.407010745769223
2015-02-16,0.305940735847443
2015-02-17,0.327897037585538
2015-02-26,0.518617605002221
2015-02-26,0.386644994598105
2015-02-27,0.493587537213658
2015-03-03,0.324051163558849
2015-03-03,0.324396970364653
2015-03-05,0.407334560104289
2015-03-11,0.435881568913789
2015-03-11,0.318717615630081
2015-03-11,0.272407285531629
2015-03-17,0.338905718697109
2015-03-19,0.23190326037306
2015-03-20,0.178572468774122
2015-03-20,0.375107101502795
2015-03-24,0.219182655818178
2015-03-26,0.296204856606365
2015-03-30,0.131406100796137
2015-03-31,0.30706559895524
2015-04-01,0.238803355577619
2015-04-02,0.136695865602305
2015-04-08,0.284114736550799
2015-04-09,0.302114668781887
2015-04-14,0.260573617018369
2015-04-15,0.126003184289403
2015-04-16,0.103105819684796
2015-04-16,0.11730799734535
2015-04-17,0.287431885627409
2015-04-20,0.203970411751714
2015-04-21,0.231089097904456
2015-04-22,0.258158112287443
2015-04-24,0.0686734856193197
2015-05-05,0.0715681973380108
2015-05-13,0.111325910955398
2015-05-14,-0.080094228396764
2015-05-18,0.0892645903984374
2015-05-20,0.0655225490431775
2015-05-29,-0.070214860893415
2015-06-01,-0.204569140280357
2015-06-02,-0.311585356428585
2015-06-08,-0.265382893447752
2015-06-10,-0.379108361769456
2015-06-12,-0.336169460394511
2015-06-16,-0.373419729388877
2015-06-25,-0.222971044244805
2015-06-29,-0.0598441067262507
2015-07-02,0.169406364283702
2015-07-03,0.174575707197152
2015-07-06,0.144981306680814
2015-07-14,0.0143019809862691
2015-07-20,0.130882363780449
2015-08-03,0.395276473016704
2015-08-06,0.483964744397156
2015-08-12,0.251556097926016
2015-08-12,0.298331825568677
2015-08-14,0.186164837777644
2015-08-18,0.327670508234227
2015-08-18,0.25080431809121
2015-08-19,0.218807284383957
2015-08-20,0.345164204280238
2015-08-26,0.353991371456516
2015-08-26,0.395183128647865
2015-08-28,0.406672571304998
2015-08-31,0.406794586955692
2015-09-08,0.311878724515234
2015-09-09,0.28782638133063
2015-09-10,0.366667930490976
2015-09-14,0.349611599763966
2015-09-17,0.489389767934666
2015-09-18,0.455027224668917
2015-09-22,0.426463337974431
2015-09-23,0.362008224704623
2015-09-25,0.226104004676451
2015-09-29,0.231193156113728
2015-09-30,0.24466974941065
2015-09-30,0.230424252200832
2015-09-30,0.183789113390536
2015-10-09,0.287722944592047
2015-10-19,0.30264158622799
2015-10-19,0.342699149386112
2015-10-22,0.421226301447736
2015-10-23,0.293577845782253
2015-10-28,0.24688304303691
2015-10-30,0.337339636831084
2015-10-30,0.2673220433211
2015-11-06,0.198862099256026
2015-11-09,0.332957228995616
2015-11-13,0.40414570920587
2015-11-17,0.195961874474346
2015-11-23,0.285315524979505
2015-11-26,0.243542546603254
2015-11-26,0.263736190448343
2015-12-01,0.352339655485557
2015-12-03,0.280643485145412
2015-12-04,0.400622623381798
2015-12-17,0.218985978176844
2015-12-21,0.241717324632397
2015-12-23,0.168726683602167
2015-12-31,0.347658745457766
2016-01-04,0.332586258753362
2016-01-04,0.283310314964593
2016-01-05,0.259540981450926
2016-01-05,0.360364653678687
2016-01-12,0.45081889326988
2016-01-13,0.570398690322497
2016-01-15,0.395349927281796
2016-01-20,0.416825538695831
2016-01-22,0.467743018157765
2016-01-28,0.677360159808963
2016-01-29,0.59960811851194
2016-02-16,0.410005634991157
2016-02-16,0.443483808564422
2016-02-17,0.368078174627159
2016-02-19,0.411477568681543
2016-02-23,0.412408289011296
2016-02-24,0.468335846987989
2016-03-02,0.514594342844995
2016-03-04,0.656520175334014
2016-03-07,0.493994119222386
2016-03-08,0.468071179638655
2016-03-08,0.445763617989489
2016-03-09,0.525771767193069
2016-03-10,0.529402649732927
2016-03-21,0.472438286156593
2016-03-23,0.461379108753907
2016-03-28,0.57863798976259
2016-03-30,0.395340354464677
2016-03-30,0.416877091133869
2016-04-01,0.53997989058175
2016-04-01,0.48454346421245
2016-04-07,0.422299557366034
2016-04-12,0.434338929518387
2016-04-13,0.417035827886651
2016-04-21,0.480236521820158
2016-04-29,0.4605163436105
2016-04-29,0.495667303962535
2016-05-03,0.432313729684538
2016-05-06,0.395849506096515
2016-05-09,0.592599224696139
2016-05-11,0.565879084411522
2016-05-12,0.420854782900907
2016-05-16,0.414921098530204
2016-05-18,0.314179518390295
2016-05-23,0.3677974885204
2016-05-25,0.266139922089689
2016-05-25,0.31376575187829
2016-05-26,0.291678438438691
2016-06-03,0.172751915403122
2016-06-06,0.342638970030816
2016-06-07,0.356844278267831
2016-06-15,0.191125246568625
2016-06-16,0.33684359044774
2016-06-17,0.170943392130013
2016-06-29,0.289427927251902
2016-07-06,0.283481222292037
2016-07-13,0.307060882238228
2016-07-15,0.279145705783521
2016-07-19,0.343143407638873
2016-07-29,0.36586897850343
2016-08-10,0.345344316103039
2016-08-11,0.410172458772476
2016-08-11,0.40416950075458
2016-08-12,0.28975844560534
2016-08-23,0.298888478229442
2016-08-24,0.382803660667803
2016-08-26,0.307878529971688
2016-08-30,0.178318890180846
2016-08-31,0.281089692542799
2016-09-01,0.381075435094365
2016-09-02,0.287917322063282
2016-09-06,0.148735868988337
2016-09-09,0.263841031086361
2016-09-09,0.244171920788966
2016-09-29,0.321455621382154
2016-10-10,0.274865593444126
2016-10-12,0.222466082377281
2016-10-14,0.150861136695772
2016-10-14,0.157665657606179
2016-10-18,0.190943295223285
2016-10-21,0.272199522902172
2016-10-27,0.236733311451377
2016-11-03,0.236345790623165
2016-11-10,0.236083505867194
2016-11-14,0.102213785475062
2016-11-15,0.105062809764132
2016-11-15,0.0865289753159924
2016-11-16,0.372256093533668
2016-11-21,0.274534038348575
2016-12-02,0.322048478462004
2016-12-05,0.346263799931662
2016-12-09,0.260894065217581
2016-12-09,0.216473665364303
2016-12-15,0.301215696300551
2016-12-22,0.286404746226752
2016-12-26,0.273091046992696
2016-12-28,0.377173856359401
2016-12-28,0.389944877196739
2017-01-04,0.132028208268786
2017-01-04,0.219319586228904
2017-01-05,0.116331318252215
2017-01-09,0.316499506750708
2017-01-10,0.130579014857306
2017-01-11,0.31465172375586
2017-01-19,0.500462904080077
2017-01-19,0.396206271249273
2017-01-20,0.435294124614033
2017-01-23,0.254873228454086
2017-01-23,0.288108693504854
2017-01-25,0.425824913332334
2017-01-26,0.381850544307442
2017-02-03,0.448237230990516
2017-02-03,0.320283044807319
2017-02-07,0.304388594760002
2017-02-07,0.403841270973722
2017-02-07,0.284212288625823
2017-02-13,0.283396130075032
2017-02-17,0.413895584524832
2017-02-21,0.062965312622421
2017-02-23,0.255089591944274
2017-02-27,0.0837920186481149
2017-02-28,0.0629139571321853
2017-02-28,0.0924749123044182
2017-02-28,0.0785082677990971
2017-03-02,0.108909897988807
2017-03-06,-0.00134597536589364
2017-03-08,0.00892228868420062
2017-03-17,0.127321958242147
2017-03-22,0.0606879152038443
2017-03-24,0.0746131229505496
2017-03-30,0.04103339689917
2017-03-30,0.0793266159014914
2017-04-05,0.15746741370733
2017-04-05,0.0671819790986646
2017-04-06,0.055879864715848
2017-04-19,0.269004981039772
2017-04-19,0.223530124731
2017-04-27,0.132797217540991
2017-05-08,0.185118766244957
2017-05-15,0.247104636081932
2017-05-16,0.149837706590898
2017-05-17,0.178641350986625
2017-05-24,0.261483651643619
2017-05-26,0.448211787300036
2017-06-01,0.371781877392527
2017-06-02,0.363756701782291
2017-06-02,0.377570073756928
2017-06-05,0.445840540418347
2017-06-08,0.277319972171267
2017-06-13,0.320599212151924
2017-06-14,0.447805432426416
2017-06-21,0.210876254653747
2017-06-23,0.534711552236634
2017-06-30,0.235470814093217
2017-06-30,0.212960858225767
2017-07-03,0.284507337508845
2017-07-05,0.255649541239465
2017-07-10,0.115914601633063
2017-07-11,0.164441849139962
2017-07-14,0.233090843332742
2017-07-17,0.115680539239163
2017-07-19,0.389584241250263
2017-07-20,0.19278652380094
2017-07-24,0.062030350953364
2017-07-25,0.254291089329134
2017-07-27,0.278364443878827
2017-08-03,0.106072394586739
2017-08-14,0.0610127583935005
2017-08-15,0.16917935942464
2017-08-16,0.0858801548454522
2017-08-18,0.157702234911616
2017-08-25,0.186533230028224
2017-08-29,0.208048837707708
2017-08-30,0.0987071526548733
2017-09-01,-0.00705700591948107
2017-09-05,0.0344061192892941
2017-09-05,0.0668076204116262
2017-09-07,0.075766678097738
2017-09-07,0.0813567693240619
2017-09-13,-0.0312099558367446
2017-09-14,-0.0396497821138372
2017-09-19,-0.00443410291176403
2017-09-28,0.00107728381791605
2017-09-29,-0.0417192900709681
2017-10-12,-0.0736770207408597
2017-10-13,-0.0783258590291649
2017-10-16,-0.0101733022426854
2017-10-18,0.0682989498396598
2017-10-18,-0.0409159674795619
2017-10-20,0.0287995211684686
2017-10-23,-0.161032551268112
2017-10-23,-0.183372949189138
2017-10-25,-0.121942164273455
2017-10-26,-0.0674397067137158
2017-10-27,-0.154160786794631
2017-10-27,-0.121267935785557
2017-10-30,-0.15733926380665
2017-11-01,-0.179598728002545
2017-11-06,-0.0282057474500415
2017-11-27,0.118067740396995
2017-11-30,0.0772036259365847
2017-12-01,0.0969382748200607
2017-12-08,0.0901973195090206
2017-12-13,-0.0366401589284959
2017-12-14,0.0659714278006602
2017-12-18,0.051816846534575
2017-12-19,0.0462799429131772
2017-12-19,-0.0181170751099492
2017-12-19,0.056615937409039
2017-12-20,0.148284994887734
2017-12-21,0.0324266434875656
2018-01-02,-0.00159027332068686
2018-01-05,-0.0619598796876245
2018-01-15,-0.0667684205404318
2018-01-16,-0.0327294766435472
2018-01-16,0.0437687575546357
2018-01-19,-0.0552686818847034
2018-01-19,-0.0349802780199897
2018-01-22,0.0696943385346947
2018-01-25,-0.0137870734277274
2018-01-31,0.223685741906067
2018-01-31,0.0546497453317747
2018-02-01,0.178915151162585
2018-02-02,0.0982563885991026
2018-02-08,0.217074094659126
2018-02-12,0.137067622804975
2018-02-12,0.0894826922960019
2018-02-27,-0.200331675251266
2018-02-27,-0.169369295804984
2018-02-27,-0.148436055940873
2018-02-27,-0.142185602530528
2018-03-01,-0.0220686972791701
2018-03-02,0.0216470413611454
2018-03-05,0.090371181892987
2018-03-07,-0.0312550751069614
2018-03-08,0.137814090952758
2018-03-13,0.106794941605555
2018-03-14,0.129130155537495
2018-03-19,0.121965060296803
2018-03-21,0.0632146536594432
2018-03-27,0.176933960419199
2018-03-28,0.254807931147447
2018-04-03,0.0532641078151758
2018-04-04,0.069501844803103
2018-04-09,0.228370056840114
2018-04-09,0.27294363216839
2018-04-10,0.217406322442175
2018-04-11,0.181197228993984
2018-04-13,0.218746855028914
2018-04-16,0.303649771891391
2018-04-18,0.279532899195131
2018-04-23,0.353321985421262
2018-04-23,0.339330347683736
2018-04-23,0.410893147156548
2018-04-25,0.235221198209707
2018-04-26,0.41156709408014
2018-05-02,0.389847711483283
2018-05-02,0.399416300120086
2018-05-04,0.34475039485146
2018-05-04,0.363415960152008
2018-05-07,0.369802956790431
2018-05-11,0.394266644661605
2018-05-14,0.352963388104319
2018-05-14,0.365724875461096
2018-05-14,0.32572075801109
2018-05-22,0.242451814209785
2018-05-23,0.391618380685038
2018-05-30,0.359772121901091
2018-05-31,0.329622020916842
2018-06-04,0.341502173967756
2018-06-05,0.359306101074856
2018-06-20,0.554065893224805
2018-06-22,0.600543020579085
2018-07-02,0.551375953035718
2018-07-06,0.66295472520492
2018-07-09,0.587622348677972
2018-07-13,0.760089345431881
2018-07-13,0.551698384598526
2018-07-16,0.68887286187326
2018-07-17,0.627657541949153
2018-07-24,0.538127809057349
2018-07-24,0.633912497234322
2018-07-26,0.496100412726222
2018-08-01,0.524721522064777
2018-08-02,0.675227445914032
2018-08-07,0.610728309547951
2018-08-09,0.615869923651905
2018-08-10,0.68065889597499
2018-08-14,0.582976995337927
2018-08-17,0.668870932272391
2018-08-27,0.448454300451153
2018-09-05,0.46545750744561
2018-09-07,0.376267818284461
2018-09-10,0.383143088020819
2018-09-11,0.363061499985007
2018-09-25,0.41665870827566
2018-09-26,0.450406122466908
2018-09-26,0.38813154330105
2018-09-28,0.325425577036667
2018-09-28,0.458621464291382
2018-10-15,0.428132554832649
2018-10-16,0.436216998168056
2018-10-22,0.428843469321764
2018-10-24,0.466123527969903
2018-10-24,0.519961723503655
2018-10-31,0.460071638784642
2018-11-02,0.472583726297326
2018-11-14,0.498844091165564
2018-11-14,0.564560700432529
2018-11-16,0.45579921315788
2018-11-21,0.539019109339965
2018-11-21,0.622551641008274
2018-11-23,0.516961834317988
2018-11-30,0.459326063048864
2018-12-03,0.485760713471412
2018-12-03,0.472863635585157
2018-12-05,0.462379557187203
2018-12-11,0.539991861211551
2018-12-13,0.419777656691787
2018-12-14,0.456299156146757
2018-12-14,0.512785578805729
2018-12-20,0.528035443963144
2018-12-20,0.552382069045302
2018-12-21,0.699508375605412
2018-12-25,0.667014560546769
2018-12-25,0.642843901286926
2018-12-28,0.526975061317075
2019-01-07,0.512922339188533
2019-01-11,0.496408389384518
2019-01-16,0.547651234812754
2019-01-18,0.467820153281531
2019-01-21,0.531456776124997
2019-01-21,0.554882564000376
2019-01-22,0.55380952128515
2019-01-24,0.586461242417867
2019-01-24,0.467523510208136
2019-02-01,0.680330618518555
2019-02-11,0.557877613032188
2019-02-12,0.503882459147667
2019-02-13,0.548228298476374
2019-02-13,0.583977473968403
2019-02-25,0.508560671448278
2019-02-26,0.329015100760266
2019-02-27,0.381058111225574
2019-03-01,0.32771406477085
2019-03-01,0.323124058427148
2019-03-05,0.359944649848018
2019-03-08,0.279459907632174
2019-03-13,0.362013841084706
2019-03-18,0.418119854764651
2019-03-22,0.387120209047
2019-03-22,0.350686037866521
2019-03-27,0.352668703104889
2019-04-08,0.225930088049584
2019-04-11,0.329001214851526
2019-04-12,0.355816452270837
2019-04-17,0.275198786619502
2019-04-18,0.188774855115765
2019-04-22,0.323416011256701
2019-04-25,0.376305566474083
2019-04-25,0.255753563806119
2019-04-26,0.274357070736038
2019-05-07,0.426689109152731
2019-05-08,0.469520944679645
2019-05-09,0.617710593326219
2019-05-13,0.40382029498757
2019-05-13,0.405546463442773
2019-05-15,0.46537627701803
2019-05-17,0.566663026978291
2019-05-20,0.594393126529273
2019-05-24,0.581413370817786
2019-05-27,0.358499704444562
2019-05-29,0.598602459266151
2019-05-29,0.575961585565256
2019-05-29,0.395130917284547
2019-06-04,0.539413623093412
2019-06-06,0.521540844253826
2019-06-11,0.369632357535977
2019-06-12,0.463346789545247
2019-06-14,0.573264651905077
2019-06-14,0.577344340853995
2019-06-21,0.425159041192465
2019-07-01,0.321850764698925
2019-07-01,0.222425240134509
2019-07-04,0.473106591709851
2019-07-04,0.303326374431467
2019-07-05,0.287983346302478
2019-07-10,0.29616890111644
2019-07-15,0.357414044732642
2019-07-19,0.433422691527611
2019-07-22,0.442373043628808
2019-07-26,0.442919919982713
2019-07-30,0.393276248181335
2019-07-31,0.464110418840464
2019-08-05,0.457807539239534
2019-08-05,0.488988765175906
2019-08-13,0.554014657798198
2019-08-14,0.572449469601813
2019-08-14,0.493645874942346
2019-08-21,0.451348804326551
2019-08-21,0.503763750284942
2019-08-22,0.480629265717173
2019-08-27,0.577483155954081
2019-08-29,0.671004135810804
2019-09-03,0.643896473232749
2019-09-10,0.540165463079423
2019-09-12,0.739654909959188
2019-09-18,0.744439963668191
2019-09-20,0.652038845486205
2019-09-24,0.619734315944018
2019-10-08,0.79008134382457
2019-10-08,0.740216197516055
2019-10-09,0.666790227570853
2019-10-14,0.649284083659156
2019-10-14,0.628556011266101
2019-10-16,0.602093694550183
2019-10-17,0.646950229091555
2019-10-17,0.659741489857768
2019-10-23,0.659664228953248
2019-10-24,0.702184791600369
2019-10-24,0.66797826808811
2019-10-25,0.580662634617958
2019-10-29,0.589993593954391
2019-11-01,0.760439139800126
2019-11-01,0.780921209365515
2019-11-04,0.716254413531132
2019-11-04,0.669003454976271
2019-11-08,0.700835377552455
2019-11-21,0.70415459310655
2019-11-21,0.760341878250167
2019-11-25,0.730186760873169
2019-11-26,0.74874841933383
2019-11-29,0.699582892351042
2019-12-02,0.747372337231482
2019-12-05,0.762676024070982
2019-12-11,0.683482807279687
2019-12-13,0.709215327771367
2019-12-16,0.608201792602732
2019-12-17,0.594376957355492
2019-12-18,0.56663017034992
2019-12-20,0.427817787569401
2019-12-25,0.47667495733788
2019-12-26,0.427098417539359
2019-12-30,0.597239692787412
2020-01-02,0.552210448093964
2020-01-07,0.543810342945221
2020-01-17,0.482471315852895
2020-01-17,0.544086632183168
2020-01-20,0.454112636568332
2020-02-03,0.678708950744695
2020-02-05,0.454140837447487
2020-02-10,0.385004467389255
2020-02-14,0.475665618761617
2020-02-14,0.519548561457846
2020-02-24,0.427878856663759
2020-02-25,0.38457879571543
2020-02-26,0.388151162248752
2020-02-26,0.348907225370676
2020-03-03,0.413687165374937
2020-03-05,0.402230258651445
2020-03-06,0.45691248976518
2020-03-09,0.575191587606912
2020-03-11,0.596986854658317
2020-03-13,0.464140996363796
2020-03-18,0.583683982097467
2020-03-18,0.482987525905849
2020-03-20,0.526882897095005
2020-03-25,0.504184971284871
2020-03-26,0.492354351262299
2020-03-27,0.56429668956122
2020-03-31,0.585704655075153
2020-04-01,0.590909463643114
2020-04-08,0.584589122616649
2020-04-10,0.512143411479325
2020-04-14,0.532779517363226
2020-04-16,0.61026642794568
2020-04-17,0.589684948572019
2020-04-28,0.605786090153365
2020-05-07,0.438873526632496
2020-05-11,0.501830160230568
2020-05-18,0.687470239590293
2020-05-19,0.566995417314616
2020-05-19,0.645248926900125
2020-05-19,0.648133391359247
2020-05-21,0.603060493869591
2020-05-22,0.681737813032641
2020-05-25,0.662003095232841
2020-05-25,0.668962542875847
2020-05-28,0.562551436540838
2020-05-29,0.577140501163509
2020-06-04,0.509142494210417
2020-06-15,0.54077461954083
2020-06-22,0.390264976936451
2020-06-23,0.434050422771372
2020-07-03,0.453104534455763
2020-07-09,0.453292120649175
2020-07-21,0.475008997038985
2020-07-22,0.378628469083082
2020-07-23,0.405425367233907
2020-07-24,0.399586884863818
2020-07-24,0.449178089667286
2020-07-24,0.479492499419571
2020-07-27,0.418259929327829
2020-07-31,0.539787286727642
2020-08-05,0.405761619379314
2020-08-06,0.348129981623181
2020-08-07,0.471645308677798
2020-08-07,0.433238469613769
2020-08-12,0.492734057868566
2020-08-13,0.293363699687504
2020-08-14,0.360876466032096
2020-08-18,0.331748873602845
2020-08-20,0.365549935936015
2020-08-21,0.561377086578267
2020-08-24,0.377134491608133
2020-08-26,0.456092731411413
2020-08-26,0.493303581936272
2020-08-27,0.317176272825065
2020-08-31,0.368033783940337
2020-09-01,0.34625651515644
2020-09-07,0.362125345236805
2020-09-10,0.408778719584813
2020-09-10,0.443253786275885
2020-09-15,0.389103195185498
2020-09-18,0.485779266559294
2020-09-23,0.447683181855823
2020-09-30,0.457731898932134
2020-10-13,0.427674468488674
2020-10-14,0.51644886135533
2020-10-21,0.435341678969617
2020-10-26,0.62206136961948
2020-10-26,0.57775984485173
2020-10-26,0.448229270069934
2020-10-26,0.678739987343009
2020-10-28,0.496670440419218
2020-10-28,0.373149751012963
2020-10-28,0.503739322471433
2020-10-30,0.614218951996687
2020-11-03,0.524478013403063
2020-11-05,0.421255926039656
2020-11-13,0.526269025960587
2020-11-13,0.534952581476331
2020-11-19,0.391202344362723
2020-11-25,0.496062537369688
2020-11-30,0.64748919113083
2020-12-15,0.523088961196247
2020-12-18,0.495917954573715
2020-12-18,0.566591995951231
2020-12-23,0.516989904529068
2020-12-29,0.460834104516999
2020-12-29,0.627780961337347
2021-01-06,0.543967136509272
2021-01-08,0.567674841229537
2021-01-13,0.562054638598226
2021-01-14,0.636903372099748
2021-01-15,0.487039407850162
2021-01-21,0.603147363491866
2021-01-27,0.720532231658962
2021-02-03,0.827878883251988
2021-02-08,0.762233449310901
2021-02-09,0.584225609437822
2021-02-24,0.618635937871719
2021-02-24,0.631838868780914
2021-02-25,0.668933449501113
2021-03-01,0.580935833880361
2021-03-02,0.560040467775221
2021-03-02,0.509266110865994
2021-03-02,0.565276794716635
2021-03-04,0.591031042214407
2021-03-08,0.61871101490654
2021-03-09,0.632471250345836
2021-03-15,0.800372749608941
2021-03-15,0.557750181514804
2021-03-19,0.621909839478175
2021-03-19,0.657962488771088
2021-03-22,0.599116133291218
2021-03-29,0.612451805251046
2021-03-31,0.572736606222121
2021-04-01,0.634086026142684
2021-04-15,0.704098043494537
2021-04-19,0.572408296846302
2021-04-21,0.589879325033962
2021-04-22,0.546137223515302
2021-04-28,0.549452491827783
2021-04-30,0.506013828856252
2021-04-30,0.491810426030231
2021-05-07,0.598462036840342
2021-05-10,0.537990831455817
2021-05-13,0.59310639827924
2021-05-14,0.410574197940893
2021-05-18,0.510308327477912
2021-05-24,0.405461449468956
2021-05-26,0.445409289766691
2021-05-27,0.530782676359012
2021-05-27,0.480291744493302
2021-05-27,0.505349502921365
2021-06-04,0.42518943403364
2021-06-07,0.265043837256911
2021-06-08,0.229971942980333
2021-06-10,0.41265214375189
2021-06-17,0.416079528022371
2021-06-23,0.444337220781994
2021-06-25,0.366747428674849
2021-06-28,0.304034775512577
2021-07-02,0.556972251464887
2021-07-02,0.41303643695828
2021-07-02,0.301089896455989
2021-07-07,0.556494088959706
2021-07-09,0.468546382734303
2021-07-14,0.381194246429657
2021-07-20,0.51825297420386
2021-07-20,0.498064087279336
2021-07-21,0.369608705075979
2021-07-22,0.453441517022073
2021-07-22,0.421888328209518
2021-07-27,0.506281304944582
2021-07-29,0.380206472721155
2021-08-02,0.476192461959729
2021-08-03,0.544999556078408
2021-08-06,0.518770289122295
2021-08-09,0.417406967104685
2021-08-11,0.465071792300962
2021-08-11,0.479996743864517
2021-08-12,0.384271935512436
2021-08-12,0.399653047124659
2021-08-16,0.383639138310087
2021-08-16,0.464311045868306
2021-08-18,0.527921248748206
2021-08-26,0.490883354255555
2021-09-06,0.465512204654413
2021-09-06,0.503445664600175
2021-09-07,0.414987957058332
2021-09-08,0.422916629128572
2021-09-08,0.474702819729315
2021-09-14,0.403079396549142
2021-09-22,0.522025275200242
2021-09-22,0.631670513896866
2021-09-24,0.485556627361907
2021-09-24,0.684003420563722
2021-09-28,0.616023620547017
2021-09-29,0.563899410730022
2021-09-30,0.443245653399073
2021-10-08,0.67183577495633
2021-10-08,0.540011226711914
2021-10-12,0.661705462017533
2021-10-14,0.493041952644487
2021-10-14,0.554851508580112
2021-10-20,0.482783353167414
2021-10-21,0.455180416550716
2021-10-21,0.483647644913906
2021-10-22,0.536603346587218
2021-10-29,0.566507455560011
2021-11-05,0.675925862675662
2021-11-08,0.375875617441193
2021-11-10,0.313973212478566
2021-11-15,0.379980856877283
2021-11-22,0.325296389340464
2021-11-25,0.488540017543478
2021-11-25,0.457612402469053
2021-11-29,0.447889788804058
2021-12-02,0.339310639254694
2021-12-02,0.308747911929193
2021-12-02,0.303035006833739
2021-12-03,0.276239110500468
2021-12-10,0.29008046057028
2021-12-15,0.355888606583192
2021-12-16,0.495631533825137
2021-12-16,0.436764216450546
2021-12-24,0.521828912582113
2021-12-24,0.53265875619003
2021-12-28,0.593737036343142
2021-12-28,0.484537838612194
2022-01-07,0.477684743166558
2022-01-12,0.294062619299581
2022-01-19,0.5466572957213
2022-01-20,0.465960747835492
2022-01-20,0.390389850811771
2022-01-26,0.327728238161625
2022-01-28,0.362709392686917
2022-01-28,0.318047390708404
2022-01-28,0.423390980727615
2022-01-28,0.406772244610601
2022-02-10,0.387160830436835
2022-02-14,0.305711991862132
2022-02-15,0.243371485547126
2022-02-16,0.354223766056082
2022-02-16,0.27647619443797
2022-02-17,0.276487518715971
2022-02-17,0.274888037352475
2022-02-21,0.322615531731315
2022-02-28,0.413873225889404
2022-03-07,0.309092183637046
2022-03-07,0.320687387531494
2022-03-14,0.54445548278773
2022-03-21,0.48664159540172
2022-03-25,0.301037808584978
2022-03-28,0.453638014171766
2022-03-29,0.412037245215647
2022-04-06,0.597331387439495
2022-04-08,0.576990070698027
2022-04-08,0.50598976286868
2022-04-08,0.581298029750956
2022-04-08,0.513480159988825
2022-04-12,0.438803562113227
2022-04-13,0.525886326508809
2022-04-14,0.451431857426346
2022-04-15,0.445234974210198
2022-04-19,0.445384111022402
2022-04-20,0.436359446824667
2022-04-29,0.45114693014474
2022-05-05,0.509786054057326
2022-05-10,0.51528304629037
2022-05-12,0.513844412713408
2022-05-13,0.462013433952082
2022-05-18,0.576031477967873
2022-05-19,0.476847360140724
2022-05-20,0.437239706553551
2022-05-24,0.527615398068191
2022-05-26,0.543420464212161
2022-05-30,0.562921903021281
2022-06-02,0.609795116693374
2022-06-02,0.470328501059548
2022-06-02,0.612868418750926
2022-06-06,0.583705093917135
2022-06-08,0.574688226431059
2022-06-08,0.598480937199617
2022-06-09,0.49857746786432
2022-06-09,0.481779375084006
2022-06-09,0.602380944717533
2022-06-14,0.545403936075435
2022-06-15,0.486198532736231
2022-06-17,0.417869779051801
2022-06-27,0.435130079466176
2022-06-29,0.517414099741641
2022-07-07,0.28500214327645
2022-07-22,0.339995380404641
2022-07-25,0.360566334418675
2022-07-27,0.329167092127692
2022-07-28,0.257903754205352
2022-07-29,0.418432826305974
2022-08-04,0.334230196072821
2022-08-05,0.457514273423505
2022-08-08,0.354342405133953
2022-08-11,0.278149261491867
2022-08-12,0.383293692788888
2022-08-15,0.372897978926138
2022-08-15,0.373581246168981
2022-08-16,0.271299046154361
2022-08-18,0.46905224661506
2022-08-19,0.371632379648484
2022-08-19,0.35853058115244
2022-08-22,0.312197748658187
2022-08-22,0.309158504435362
2022-08-30,0.37064998837317
2022-09-14,0.408513309988058
2022-09-15,0.481239762824248
2022-09-16,0.344873832272824
2022-09-16,0.41824309488793
2022-09-19,0.524260111344719
2022-09-20,0.472779329015299
2022-09-22,0.499612910671282
2022-09-23,0.513302094994114
2022-09-26,0.515360193657206
2022-09-27,0.520029670180276
2022-09-28,0.4927036861392
2022-10-10,0.461174818577772
2022-10-10,0.547024866323015
2022-10-13,0.410385229193466
2022-10-17,0.294794234299718
2022-10-27,0.424507183011405
2022-11-08,0.387845112498773
2022-11-09,0.307884786607859
2022-11-16,0.312436415568045
2022-11-23,0.4523380616526
2022-11-24,0.433565930896518
2022-11-24,0.409311543425586
2022-11-28,0.425654936733602
2022-12-06,0.456288549694001
2022-12-06,0.332723887124001
2022-12-08,0.404009393229023
2022-12-19,0.348088524478822
2022-12-20,0.357979995598803
2023-01-04,0.366462816037794
2023-01-09,0.285955550973475
2023-01-11,0.325222693744463
2023-01-13,0.311475831091219
2023-01-17,0.361167745925559
2023-01-17,0.356780539778836
2023-01-19,0.268668169005418
2023-01-30,0.319331124076254
2023-01-30,0.2588601165073
2023-02-01,0.233875588431076
2023-02-03,0.274664663016399
2023-02-06,0.161580692643251
2023-02-14,-0.0677449770841686
2023-02-15,0.0907769154595064
2023-02-17,0.111303082293438
2023-02-21,0.0358230810653672
2023-02-28,-0.0951432752297782
2023-02-28,-0.0596113086726563
2023-03-01,-0.0655615857783856
2023-03-07,0.141796825623737
2023-03-08,-0.091122567574262
2023-03-08,-0.0287590113006135
2023-03-09,0.129317756939287
2023-03-10,0.0387669542666961
2023-03-14,0.175736263238146
2023-03-14,0.280427048739221
2023-03-21,0.235579851090257
2023-03-21,0.168840768249051
2023-03-23,0.259738296400647
2023-03-23,0.254116512624754
2023-03-24,0.316688003693926
2023-03-28,0.30753718065283
2023-04-03,0.16760542333777
2023-04-03,0.159252587828884
2023-04-03,0.217746615837164
2023-04-04,0.11587908823962
2023-04-12,0.275510413611934
2023-04-14,0.207821299435778
2023-04-17,0.200897199463617
2023-04-20,0.174383230316697
2023-04-20,0.228071770374432
2023-04-27,0.293795820354052
2023-04-27,0.248209435570462
2023-05-08,0.163859850223312
2023-05-09,0.262999905771214
2023-05-09,0.205415538946604
2023-05-16,0.300948940308254
2023-05-17,0.152724048041661
2023-05-18,0.29585215489964
2023-05-24,0.35409777910331
2023-05-25,0.35852158011684
2023-05-25,0.249524913092273
2023-05-26,0.28164636193668
2023-05-29,0.131217872799976
2023-06-05,0.326612401143256
2023-06-05,0.291733742284704
2023-06-08,0.488830879328967
2023-06-15,0.285332484433363
2023-06-16,0.239584035035311
2023-06-16,0.160283158085191
2023-06-19,0.174737186967601
2023-06-20,0.199954319653048
2023-06-20,0.23523600266295
2023-06-28,0.274377477287538
2023-07-10,0.22467113129289
2023-07-11,0.209183965342127
2023-07-11,0.17283992234526
2023-07-18,0.301837190867638
2023-07-21,0.18215376046845
2023-07-27,0.167641345995165
2023-07-28,0.286611608590563
2023-07-31,0.296578720739457
2023-08-01,0.131185757662002
2023-08-01,0.19043286740946
2023-08-02,0.247097273646153
2023-08-02,0.277957511318734
2023-08-09,0.315271400937762
2023-08-10,0.0611865270905662
2023-08-14,0.285938118885646
2023-08-15,0.253545760813797
2023-08-18,0.333364796888851
2023-08-18,0.287708958839328
2023-08-22,0.294942381042621
2023-08-22,0.230583923165626
2023-08-24,0.425648060882214
2023-08-30,0.27607444327986
2023-08-30,0.284990519242726
2023-09-07,0.209528616128718
2023-09-08,0.214759363690719
2023-09-11,0.195315122084233
2023-09-12,0.381630301590396
2023-09-15,0.32634619574479
2023-09-15,0.39733434553759
2023-09-18,0.223417675325826
2023-09-20,0.336321452238631
2023-09-22,0.390377741244482
2023-09-28,0.0720268298305283
2023-10-13,0.100110249802632
2023-10-16,0.201462329453199
2023-10-23,0.235886352291244
2023-10-23,0.351715985108414
2023-10-23,0.316256497979804
2023-10-26,0.213221491239044
2023-11-06,0.299644097795409
2023-11-07,0.30568929010231
2023-11-08,0.301889474459786
2023-11-13,0.294469518395616
2023-11-13,0.338982469628579
2023-11-15,0.317347495097356
2023-11-16,0.272964687618177
2023-11-20,0.467811795552969
2023-11-22,0.396344576741394
2023-11-23,0.400831022509446
